area,iscrowd,image_id,bbox,category_id,box_id,file_name,height,width,street_id,supercategory
342,0,3,"[880, 333, 19, 18]",2,0,3.png,626,1622,3,Cấm dừng và đỗ
63,0,5,"[768, 480, 9, 7]",2,2,5.png,626,1622,4,Cấm dừng và đỗ
56,0,16,"[733, 352, 7, 8]",2,4,16.png,626,1622,3,Cấm dừng và đỗ
5400,0,17,"[1024, 160, 75, 72]",2,5,17.png,626,1622,8,Cấm dừng và đỗ
1927,0,18,"[1138, 295, 47, 41]",2,6,18.png,626,1622,3,Cấm dừng và đỗ
48,0,18,"[979, 363, 8, 6]",2,8,18.png,626,1622,3,Cấm dừng và đỗ
48,0,21,"[697, 321, 8, 6]",2,11,21.png,626,1622,4,Cấm dừng và đỗ
18200,0,22,"[1021, 140, 140, 130]",2,12,22.png,626,1622,8,Cấm dừng và đỗ
208,0,25,"[860, 222, 16, 13]",2,14,25.png,626,1622,7,Cấm dừng và đỗ
624,0,28,"[320, 438, 26, 24]",2,16,28.png,626,1622,4,Cấm dừng và đỗ
169,0,28,"[775, 455, 13, 13]",2,17,28.png,626,1622,4,Cấm dừng và đỗ
160,0,29,"[965, 202, 10, 16]",2,18,29.png,626,1622,7,Cấm dừng và đỗ
960,0,37,"[885, 179, 30, 32]",2,22,37.png,626,1622,7,Cấm dừng và đỗ
2464,0,50,"[1340, 377, 56, 44]",2,27,50.png,626,1622,12,Cấm dừng và đỗ
1295,0,51,"[869, 265, 37, 35]",2,31,51.png,626,1622,8,Cấm dừng và đỗ
72,0,55,"[718, 317, 9, 8]",2,33,55.png,626,1622,4,Cấm dừng và đỗ
130,0,65,"[822, 253, 13, 10]",2,38,65.png,626,1622,8,Cấm dừng và đỗ
306,0,74,"[911, 293, 18, 17]",2,40,74.png,626,1622,8,Cấm dừng và đỗ
110,0,89,"[780, 215, 11, 10]",2,47,89.png,626,1622,7,Cấm dừng và đỗ
221,0,121,"[982, 357, 17, 13]",2,57,121.png,626,1622,3,Cấm dừng và đỗ
264,0,123,"[838, 216, 12, 22]",2,59,123.png,626,1622,7,Cấm dừng và đỗ
1680,0,124,"[936, 184, 40, 42]",2,61,124.png,626,1622,7,Cấm dừng và đỗ
4422,0,147,"[1460, 167, 67, 66]",2,67,147.png,626,1622,8,Cấm dừng và đỗ
2112,0,155,"[1136, 174, 48, 44]",2,71,155.png,626,1622,13,Cấm dừng và đỗ
2340,0,155,"[1133, 255, 52, 45]",2,72,155.png,626,1622,13,Cấm dừng và đỗ
1254,0,159,"[1051, 335, 38, 33]",2,74,159.png,626,1622,3,Cấm dừng và đỗ
90,0,160,"[814, 218, 9, 10]",2,76,160.png,626,1622,7,Cấm dừng và đỗ
272,0,161,"[828, 440, 17, 16]",2,78,161.png,626,1622,4,Cấm dừng và đỗ
1020,0,163,"[894, 319, 34, 30]",2,79,163.png,626,1622,8,Cấm dừng và đỗ
1053,0,163,"[12, 262, 27, 39]",2,80,163.png,626,1622,8,Cấm dừng và đỗ
1496,0,172,"[1164, 274, 44, 34]",2,83,172.png,626,1622,13,Cấm dừng và đỗ
1258,0,172,"[1177, 207, 37, 34]",2,84,172.png,626,1622,13,Cấm dừng và đỗ
195,0,209,"[764, 307, 15, 13]",2,99,209.png,626,1622,4,Cấm dừng và đỗ
255,0,221,"[792, 353, 17, 15]",2,102,221.png,626,1622,3,Cấm dừng và đỗ
1320,0,228,"[852, 295, 40, 33]",2,105,228.png,626,1622,3,Cấm dừng và đỗ
14544,0,233,"[1476, 6, 144, 101]",2,108,233.png,626,1622,8,Cấm dừng và đỗ
72,0,245,"[842, 369, 8, 9]",2,110,245.png,626,1622,3,Cấm dừng và đỗ
1260,0,250,"[882, 250, 35, 36]",2,114,250.png,626,1622,8,Cấm dừng và đỗ
6596,0,254,"[1411, 178, 97, 68]",2,115,254.png,626,1622,7,Cấm dừng và đỗ
42,0,257,"[816, 225, 7, 6]",2,120,257.png,626,1622,7,Cấm dừng và đỗ
6630,0,270,"[1013, 48, 85, 78]",2,126,270.png,626,1622,7,Cấm dừng và đỗ
1804,0,283,"[972, 243, 44, 41]",2,129,283.png,626,1622,8,Cấm dừng và đỗ
10191,0,284,"[1322, 199, 129, 79]",2,130,284.png,626,1622,3,Cấm dừng và đỗ
64,0,284,"[981, 359, 8, 8]",2,132,284.png,626,1622,3,Cấm dừng và đỗ
9204,0,296,"[1236, 143, 118, 78]",2,138,296.png,626,1622,3,Cấm dừng và đỗ
1886,0,308,"[985, 276, 46, 41]",2,139,308.png,626,1622,3,Cấm dừng và đỗ
960,0,308,"[74, 314, 40, 24]",2,140,308.png,626,1622,3,Cấm dừng và đỗ
1224,0,317,"[826, 368, 34, 36]",2,141,317.png,626,1622,4,Cấm dừng và đỗ
1120,0,322,"[976, 356, 35, 32]",2,142,322.png,626,1622,3,Cấm dừng và đỗ
56,0,334,"[794, 391, 7, 8]",2,147,334.png,626,1622,4,Cấm dừng và đỗ
380,0,339,"[1048, 328, 20, 19]",2,150,339.png,626,1622,3,Cấm dừng và đỗ
35,0,348,"[764, 482, 7, 5]",2,156,348.png,626,1622,4,Cấm dừng và đỗ
784,0,353,"[1121, 282, 28, 28]",2,157,353.png,626,1622,13,Cấm dừng và đỗ
1640,0,354,"[19, 218, 41, 40]",2,158,354.png,626,1622,7,Cấm dừng và đỗ
1023,0,355,"[917, 188, 33, 31]",2,160,355.png,626,1622,7,Cấm dừng và đỗ
25,0,365,"[894, 373, 5, 5]",2,166,365.png,626,1622,7,Cấm dừng và đỗ
154,0,365,"[1165, 350, 11, 14]",2,167,365.png,626,1622,7,Cấm dừng và đỗ
483,0,375,"[787, 420, 23, 21]",2,170,375.png,626,1622,4,Cấm dừng và đỗ
42,0,379,"[788, 371, 6, 7]",2,173,379.png,626,1622,3,Cấm dừng và đỗ
336,0,387,"[1002, 395, 21, 16]",2,177,387.png,626,1622,3,Cấm dừng và đỗ
1394,0,391,"[951, 219, 34, 41]",2,178,391.png,626,1622,7,Cấm dừng và đỗ
16,0,399,"[791, 482, 4, 4]",2,185,399.png,626,1622,12,Cấm dừng và đỗ
1330,0,403,"[919, 180, 38, 35]",2,187,403.png,626,1622,7,Cấm dừng và đỗ
144,0,404,"[860, 274, 12, 12]",2,191,404.png,626,1622,13,Cấm dừng và đỗ
144,0,404,"[860, 250, 12, 12]",2,192,404.png,626,1622,13,Cấm dừng và đỗ
4216,0,411,"[947, 232, 68, 62]",2,193,411.png,626,1622,8,Cấm dừng và đỗ
132,0,412,"[1016, 347, 12, 11]",2,195,412.png,626,1622,3,Cấm dừng và đỗ
825,0,417,"[860, 258, 33, 25]",2,198,417.png,626,1622,13,Cấm dừng và đỗ
756,0,417,"[863, 205, 28, 27]",2,199,417.png,626,1622,13,Cấm dừng và đỗ
99,0,427,"[888, 299, 11, 9]",2,201,427.png,626,1622,13,Cấm dừng và đỗ
120,0,427,"[885, 278, 12, 10]",2,202,427.png,626,1622,13,Cấm dừng và đỗ
11094,0,445,"[1435, 240, 129, 86]",2,207,445.png,626,1622,3,Cấm dừng và đỗ
576,0,457,"[905, 242, 24, 24]",2,213,457.png,626,1622,13,Cấm dừng và đỗ
11466,0,459,"[1530, 98, 91, 126]",2,218,459.png,626,1622,3,Cấm dừng và đỗ
72,0,472,"[834, 222, 9, 8]",2,225,472.png,626,1622,7,Cấm dừng và đỗ
49,0,474,"[807, 215, 7, 7]",2,226,474.png,626,1622,7,Cấm dừng và đỗ
3480,0,483,"[990, 186, 60, 58]",2,228,483.png,626,1622,7,Cấm dừng và đỗ
285,0,483,"[287, 210, 15, 19]",2,230,483.png,626,1622,7,Cấm dừng và đỗ
1677,0,491,"[1110, 269, 39, 43]",2,234,491.png,626,1622,3,Cấm dừng và đỗ
729,0,499,"[839, 273, 27, 27]",2,235,499.png,626,1622,8,Cấm dừng và đỗ
120,0,525,"[867, 309, 12, 10]",2,249,525.png,626,1622,8,Cấm dừng và đỗ
99,0,528,"[786, 463, 11, 9]",2,250,528.png,626,1622,4,Cấm dừng và đỗ
1584,0,558,"[1348, 181, 33, 48]",2,261,558.png,626,1622,13,Cấm dừng và đỗ
1302,0,558,"[1338, 261, 31, 42]",2,262,558.png,626,1622,13,Cấm dừng và đỗ
11656,0,560,"[1051, 113, 124, 94]",2,263,560.png,626,1622,3,Cấm dừng và đỗ
4002,0,567,"[1314, 190, 69, 58]",2,266,567.png,626,1622,7,Cấm dừng và đỗ
8281,0,569,"[326, 66, 91, 91]",2,269,569.png,626,1622,1,Cấm dừng và đỗ
168,0,591,"[924, 335, 12, 14]",2,276,591.png,626,1622,3,Cấm dừng và đỗ
1452,0,591,"[1533, 297, 44, 33]",2,279,591.png,626,1622,3,Cấm dừng và đỗ
168,0,608,"[850, 462, 14, 12]",2,286,608.png,626,1622,4,Cấm dừng và đỗ
480,0,610,"[810, 322, 24, 20]",2,288,610.png,626,1622,8,Cấm dừng và đỗ
49,0,618,"[758, 473, 7, 7]",2,294,618.png,626,1622,4,Cấm dừng và đỗ
783,0,622,"[979, 216, 29, 27]",2,295,622.png,626,1622,7,Cấm dừng và đỗ
2024,0,628,"[824, 257, 46, 44]",2,299,628.png,626,1622,8,Cấm dừng và đỗ
100,0,629,"[815, 288, 10, 10]",2,300,629.png,626,1622,13,Cấm dừng và đỗ
81,0,629,"[815, 307, 9, 9]",2,301,629.png,626,1622,13,Cấm dừng và đỗ
1120,0,642,"[1012, 296, 32, 35]",2,305,642.png,626,1622,8,Cấm dừng và đỗ
980,0,652,"[1601, 370, 20, 49]",2,307,652.png,626,1622,5,Cấm dừng và đỗ
2808,0,660,"[1169, 175, 52, 54]",2,310,660.png,626,1622,7,Cấm dừng và đỗ
650,0,669,"[843, 427, 25, 26]",2,313,669.png,626,1622,4,Cấm dừng và đỗ
80,0,673,"[853, 356, 10, 8]",2,315,673.png,626,1622,3,Cấm dừng và đỗ
56,0,674,"[792, 485, 7, 8]",2,316,674.png,626,1622,4,Cấm dừng và đỗ
1406,0,697,"[847, 270, 37, 38]",2,321,697.png,626,1622,8,Cấm dừng và đỗ
11716,0,698,"[971, 87, 116, 101]",2,322,698.png,626,1622,8,Cấm dừng và đỗ
64,0,716,"[792, 365, 8, 8]",2,331,716.png,626,1622,3,Cấm dừng và đỗ
506,0,732,"[922, 242, 23, 22]",2,338,732.png,626,1622,8,Cấm dừng và đỗ
675,0,732,"[279, 204, 25, 27]",2,339,732.png,626,1622,8,Cấm dừng và đỗ
195,0,739,"[819, 465, 15, 13]",2,344,739.png,626,1622,4,Cấm dừng và đỗ
3021,0,750,"[1087, 199, 57, 53]",2,346,750.png,626,1622,8,Cấm dừng và đỗ
2597,0,753,"[487, 166, 53, 49]",2,348,753.png,626,1622,1,Cấm dừng và đỗ
4554,0,758,"[803, 122, 66, 69]",2,353,758.png,626,1622,13,Cấm dừng và đỗ
9646,0,762,"[1530, 32, 91, 106]",2,354,762.png,626,1622,3,Cấm dừng và đỗ
2205,0,782,"[806, 208, 45, 49]",2,362,782.png,626,1622,4,Cấm dừng và đỗ
380,0,796,"[919, 288, 19, 20]",2,369,796.png,626,1622,13,Cấm dừng và đỗ
306,0,807,"[816, 191, 18, 17]",2,376,807.png,626,1622,7,Cấm dừng và đỗ
306,0,810,"[778, 435, 17, 18]",2,379,810.png,626,1622,4,Cấm dừng và đỗ
4864,0,816,"[1389, 72, 64, 76]",2,382,816.png,626,1622,13,Cấm dừng và đỗ
5904,0,816,"[1379, 211, 72, 82]",2,383,816.png,626,1622,13,Cấm dừng và đỗ
616,0,817,"[210, 178, 22, 28]",2,385,817.png,626,1622,7,Cấm dừng và đỗ
340,0,828,"[1066, 407, 20, 17]",2,390,828.png,626,1622,12,Cấm dừng và đỗ
3960,0,833,"[1270, 148, 60, 66]",2,393,833.png,626,1622,7,Cấm dừng và đỗ
340,0,834,"[890, 252, 20, 17]",2,394,834.png,626,1622,8,Cấm dừng và đỗ
272,0,840,"[326, 213, 17, 16]",2,398,840.png,626,1622,7,Cấm dừng và đỗ
156,0,840,"[810, 217, 13, 12]",2,399,840.png,626,1622,7,Cấm dừng và đỗ
2025,0,846,"[1019, 166, 45, 45]",2,400,846.png,626,1622,7,Cấm dừng và đỗ
1886,0,851,"[1126, 285, 41, 46]",2,403,851.png,626,1622,3,Cấm dừng và đỗ
1640,0,853,"[1122, 230, 40, 41]",2,405,853.png,626,1622,8,Cấm dừng và đỗ
143,0,867,"[816, 357, 13, 11]",2,414,867.png,626,1622,3,Cấm dừng và đỗ
132,0,868,"[805, 461, 11, 12]",2,416,868.png,626,1622,4,Cấm dừng và đỗ
2112,0,870,"[1030, 200, 44, 48]",2,418,870.png,626,1622,8,Cấm dừng và đỗ
1886,0,872,"[1086, 310, 41, 46]",2,419,872.png,626,1622,4,Cấm dừng và đỗ
1558,0,900,"[919, 204, 38, 41]",2,423,900.png,626,1622,8,Cấm dừng và đỗ
1840,0,902,"[981, 160, 40, 46]",2,425,902.png,626,1622,7,Cấm dừng và đỗ
110,0,905,"[796, 360, 10, 11]",2,428,905.png,626,1622,3,Cấm dừng và đỗ
380,0,925,"[893, 221, 20, 19]",2,438,925.png,626,1622,7,Cấm dừng và đỗ
323,0,927,"[855, 204, 19, 17]",2,439,927.png,626,1622,7,Cấm dừng và đỗ
575,0,929,"[912, 192, 23, 25]",2,441,929.png,626,1622,7,Cấm dừng và đỗ
2450,0,935,"[1061, 335, 50, 49]",2,447,935.png,626,1622,3,Cấm dừng và đỗ
5133,0,935,"[48, 264, 87, 59]",2,450,935.png,626,1622,3,Cấm dừng và đỗ
36,0,957,"[793, 403, 6, 6]",2,456,957.png,626,1622,4,Cấm dừng và đỗ
132,0,971,"[809, 291, 12, 11]",2,458,971.png,626,1622,8,Cấm dừng và đỗ
15318,0,987,"[1130, 55, 138, 111]",2,462,987.png,626,1622,4,Cấm dừng và đỗ
510,0,994,"[1103, 210, 17, 30]",2,464,994.png,626,1622,8,Cấm dừng và đỗ
440,0,994,"[926, 216, 22, 20]",2,465,994.png,626,1622,8,Cấm dừng và đỗ
440,0,994,"[925, 216, 22, 20]",2,466,994.png,626,1622,8,Cấm dừng và đỗ
405,0,994,"[1105, 211, 15, 27]",2,467,994.png,626,1622,8,Cấm dừng và đỗ
81,0,1000,"[873, 298, 9, 9]",2,470,1000.png,626,1622,15,Cấm dừng và đỗ
840,0,1016,"[801, 333, 30, 28]",2,482,1016.png,626,1622,19,Cấm dừng và đỗ
2970,0,1030,"[908, 209, 54, 55]",2,489,1030.png,626,1622,15,Cấm dừng và đỗ
36,0,1036,"[623, 362, 6, 6]",2,500,1036.png,626,1622,19,Cấm dừng và đỗ
64,0,1046,"[650, 363, 8, 8]",2,508,1046.png,626,1622,19,Cấm dừng và đỗ
2450,0,1054,"[910, 330, 49, 50]",2,510,1054.png,626,1622,24,Cấm dừng và đỗ
2024,0,1078,"[879, 163, 46, 44]",2,522,1078.png,626,1622,24,Cấm dừng và đỗ
4736,0,1083,"[1474, 301, 74, 64]",2,523,1083.png,626,1622,24,Cấm dừng và đỗ
420,0,1113,"[915, 359, 21, 20]",2,542,1113.png,626,1622,20,Cấm dừng và đỗ
90,0,1114,"[843, 305, 9, 10]",2,545,1114.png,626,1622,15,Cấm dừng và đỗ
270,0,1146,"[417, 280, 18, 15]",2,553,1146.png,626,1622,22,Cấm dừng và đỗ
2256,0,1151,"[940, 212, 47, 48]",2,566,1151.png,626,1622,15,Cấm dừng và đỗ
132,0,1151,"[811, 331, 12, 11]",2,567,1151.png,626,1622,15,Cấm dừng và đỗ
1800,0,1154,"[1072, 371, 40, 45]",2,569,1154.png,626,1622,24,Cấm dừng và đỗ
624,0,1156,"[1123, 250, 26, 24]",2,570,1156.png,626,1622,15,Cấm dừng và đỗ
400,0,1158,"[631, 413, 20, 20]",2,573,1158.png,626,1622,24,Cấm dừng và đỗ
1190,0,1160,"[769, 372, 34, 35]",2,574,1160.png,626,1622,15,Cấm dừng và đỗ
1640,0,1162,"[600, 244, 41, 40]",2,577,1162.png,626,1622,19,Cấm dừng và đỗ
899,0,1167,"[593, 398, 31, 29]",2,579,1167.png,626,1622,19,Cấm dừng và đỗ
961,0,1167,"[838, 446, 31, 31]",2,585,1167.png,626,1622,19,Cấm dừng và đỗ
3510,0,1180,"[1390, 172, 65, 54]",2,590,1180.png,626,1622,15,Cấm dừng và đỗ
11772,0,1193,"[1147, 120, 109, 108]",2,596,1193.png,626,1622,20,Cấm dừng và đỗ
1088,0,1203,"[705, 260, 32, 34]",2,599,1203.png,626,1622,22,Cấm dừng và đỗ
2448,0,1204,"[715, 346, 48, 51]",2,600,1204.png,626,1622,19,Cấm dừng và đỗ
361,0,1232,"[759, 263, 19, 19]",2,609,1232.png,626,1622,20,Cấm dừng và đỗ
1330,0,1250,"[911, 318, 38, 35]",2,613,1250.png,626,1622,22,Cấm dừng và đỗ
323,0,1250,"[1286, 380, 19, 17]",2,615,1250.png,626,1622,22,Cấm dừng và đỗ
132,0,1254,"[811, 435, 12, 11]",2,624,1254.png,626,1622,15,Cấm dừng và đỗ
4278,0,1285,"[903, 331, 69, 62]",2,628,1285.png,626,1622,24,Cấm dừng và đỗ
506,0,1290,"[1233, 301, 23, 22]",2,636,1290.png,626,1622,19,Cấm dừng và đỗ
650,0,1306,"[406, 211, 26, 25]",2,647,1306.png,626,1622,19,Cấm dừng và đỗ
2200,0,1308,"[1282, 341, 50, 44]",2,657,1308.png,626,1622,19,Cấm dừng và đỗ
247,0,1313,"[1132, 291, 13, 19]",2,661,1313.png,626,1622,15,Cấm dừng và đỗ
110,0,1313,"[850, 304, 10, 11]",2,662,1313.png,626,1622,15,Cấm dừng và đỗ
2401,0,1338,"[893, 360, 49, 49]",2,666,1338.png,626,1622,24,Cấm dừng và đỗ
992,0,1341,"[855, 304, 32, 31]",2,667,1341.png,626,1622,15,Cấm dừng và đỗ
1258,0,1351,"[863, 260, 37, 34]",2,674,1351.png,626,1622,15,Cấm dừng và đỗ
289,0,1362,"[705, 352, 17, 17]",2,675,1362.png,626,1622,19,Cấm dừng và đỗ
120,0,1362,"[670, 338, 10, 12]",2,676,1362.png,626,1622,19,Cấm dừng và đỗ
252,0,1398,"[535, 199, 18, 14]",2,682,1398.png,626,1622,20,Cấm dừng và đỗ
36,0,1398,"[708, 281, 6, 6]",2,687,1398.png,626,1622,20,Cấm dừng và đỗ
3850,0,1408,"[93, 173, 70, 55]",2,689,1408.png,626,1622,15,Cấm dừng và đỗ
1520,0,1408,"[1141, 142, 40, 38]",2,690,1408.png,626,1622,15,Cấm dừng và đỗ
8835,0,1423,"[935, 267, 95, 93]",2,695,1423.png,626,1622,24,Cấm dừng và đỗ
210,0,1451,"[478, 297, 15, 14]",2,706,1451.png,626,1622,19,Cấm dừng và đỗ
225,0,1451,"[590, 312, 15, 15]",2,707,1451.png,626,1622,19,Cấm dừng và đỗ
702,0,1455,"[986, 364, 27, 26]",2,709,1455.png,626,1622,24,Cấm dừng và đỗ
1360,0,1455,"[1271, 349, 34, 40]",2,710,1455.png,626,1622,24,Cấm dừng và đỗ
100,0,1471,"[723, 285, 10, 10]",2,716,1471.png,626,1622,20,Cấm dừng và đỗ
1600,0,1474,"[899, 308, 40, 40]",2,718,1474.png,626,1622,15,Cấm dừng và đỗ
6270,0,1479,"[1217, 327, 66, 95]",2,720,1479.png,626,1622,16,Cấm dừng và đỗ
272,0,1494,"[907, 440, 17, 16]",2,735,1494.png,626,1622,19,Cấm dừng và đỗ
342,0,1494,"[1080, 475, 19, 18]",2,737,1494.png,626,1622,19,Cấm dừng và đỗ
650,0,1504,"[596, 231, 26, 25]",2,743,1504.png,626,1622,18,Cấm dừng và đỗ
42,0,1515,"[802, 314, 7, 6]",2,746,1515.png,626,1622,15,Cấm dừng và đỗ
360,0,1523,"[1039, 384, 20, 18]",2,750,1523.png,626,1622,20,Cấm dừng và đỗ
108,0,1528,"[1270, 469, 12, 9]",2,754,1528.png,626,1622,20,Cấm dừng và đỗ
169,0,1528,"[1161, 408, 13, 13]",2,757,1528.png,626,1622,20,Cấm dừng và đỗ
240,0,1528,"[1006, 390, 16, 15]",2,763,1528.png,626,1622,20,Cấm dừng và đỗ
1295,0,1537,"[862, 291, 35, 37]",2,765,1537.png,626,1622,15,Cấm dừng và đỗ
156,0,1547,"[686, 356, 12, 13]",2,769,1547.png,626,1622,19,Cấm dừng và đỗ
1190,0,1567,"[826, 126, 35, 34]",2,772,1567.png,626,1622,18,Cấm dừng và đỗ
3894,0,1571,"[759, 184, 59, 66]",2,776,1571.png,626,1622,18,Cấm dừng và đỗ
3840,0,1576,"[1009, 211, 64, 60]",2,777,1576.png,626,1622,15,Cấm dừng và đỗ
195,0,1578,"[444, 346, 13, 15]",2,786,1578.png,626,1622,19,Cấm dừng và đỗ
256,0,1579,"[1299, 461, 16, 16]",2,787,1579.png,626,1622,19,Cấm dừng và đỗ
228,0,1590,"[1062, 438, 12, 19]",2,797,1590.png,626,1622,15,Cấm dừng và đỗ
72,0,1590,"[731, 417, 8, 9]",2,798,1590.png,626,1622,15,Cấm dừng và đỗ
117,0,1590,"[446, 421, 9, 13]",2,799,1590.png,626,1622,15,Cấm dừng và đỗ
72,0,1593,"[752, 331, 9, 8]",2,800,1593.png,626,1622,19,Cấm dừng và đỗ
36,0,1625,"[700, 267, 6, 6]",2,811,1625.png,626,1622,20,Cấm dừng và đỗ
289,0,1627,"[1169, 394, 17, 17]",2,815,1627.png,626,1622,20,Cấm dừng và đỗ
399,0,1627,"[958, 384, 21, 19]",2,818,1627.png,626,1622,20,Cấm dừng và đỗ
3185,0,1640,"[1428, 285, 65, 49]",2,826,1640.png,626,1622,19,Cấm dừng và đỗ
1365,0,1643,"[658, 323, 35, 39]",2,829,1643.png,626,1622,19,Cấm dừng và đỗ
4292,0,1643,"[190, 115, 74, 58]",2,831,1643.png,626,1622,19,Cấm dừng và đỗ
306,0,1654,"[781, 351, 17, 18]",2,840,1654.png,626,1622,19,Cấm dừng và đỗ
42,0,1654,"[623, 362, 6, 7]",2,841,1654.png,626,1622,19,Cấm dừng và đỗ
42,0,1657,"[525, 251, 7, 6]",2,842,1657.png,626,1622,18,Cấm dừng và đỗ
156,0,1661,"[736, 278, 12, 13]",2,843,1661.png,626,1622,20,Cấm dừng và đỗ
25,0,1672,"[658, 305, 5, 5]",2,847,1672.png,626,1622,19,Cấm dừng và đỗ
36,0,1672,"[708, 314, 6, 6]",2,848,1672.png,626,1622,19,Cấm dừng và đỗ
1406,0,1673,"[471, 204, 38, 37]",2,856,1673.png,626,1622,20,Cấm dừng và đỗ
552,0,1674,"[788, 340, 24, 23]",2,857,1674.png,626,1622,19,Cấm dừng và đỗ
437,0,1693,"[1327, 456, 23, 19]",2,861,1693.png,626,1622,19,Cấm dừng và đỗ
168,0,1693,"[1086, 438, 14, 12]",2,863,1693.png,626,1622,19,Cấm dừng và đỗ
1404,0,1700,"[891, 318, 36, 39]",2,865,1700.png,626,1622,19,Cấm dừng và đỗ
437,0,1719,"[1156, 406, 23, 19]",2,871,1719.png,626,1622,19,Cấm dừng và đỗ
26533,0,1724,"[1229, 96, 169, 157]",2,875,1724.png,626,1622,15,Cấm dừng và đỗ
1015,0,1725,"[838, 318, 29, 35]",2,879,1725.png,626,1622,19,Cấm dừng và đỗ
80,0,1726,"[871, 369, 10, 8]",2,880,1726.png,626,1622,22,Cấm dừng và đỗ
100,0,1727,"[661, 361, 10, 10]",2,881,1727.png,626,1622,19,Cấm dừng và đỗ
49,0,1729,"[655, 301, 7, 7]",2,883,1729.png,626,1622,19,Cấm dừng và đỗ
240,0,1735,"[645, 363, 16, 15]",2,889,1735.png,626,1622,20,Cấm dừng và đỗ
4320,0,1756,"[1271, 387, 72, 60]",2,900,1756.png,626,1622,20,Cấm dừng và đỗ
342,0,1761,"[814, 276, 18, 19]",2,902,1761.png,626,1622,22,Cấm dừng và đỗ
224,0,1766,"[1026, 331, 14, 16]",2,904,1766.png,626,1622,15,Cấm dừng và đỗ
156,0,1768,"[625, 217, 13, 12]",2,905,1768.png,626,1622,18,Cấm dừng và đỗ
6177,0,1782,"[884, 214, 71, 87]",2,907,1782.png,626,1622,19,Cấm dừng và đỗ
272,0,1791,"[955, 284, 17, 16]",2,913,1791.png,626,1622,15,Cấm dừng và đỗ
2958,0,1802,"[1195, 0, 102, 29]",2,916,1802.png,626,1622,18,Cấm dừng và đỗ
1150,0,1804,"[613, 223, 23, 50]",2,918,1804.png,626,1622,15,Cấm dừng và đỗ
56,0,1811,"[633, 358, 8, 7]",2,927,1811.png,626,1622,19,Cấm dừng và đỗ
525,0,1813,"[977, 299, 15, 35]",2,932,1813.png,626,1622,15,Cấm dừng và đỗ
225,0,1813,"[845, 332, 15, 15]",2,933,1813.png,626,1622,15,Cấm dừng và đỗ
3477,0,1814,"[1455, 328, 57, 61]",2,934,1814.png,626,1622,15,Cấm dừng và đỗ
462,0,1814,"[866, 304, 22, 21]",2,936,1814.png,626,1622,15,Cấm dừng và đỗ
56,0,1814,"[811, 352, 8, 7]",2,937,1814.png,626,1622,15,Cấm dừng và đỗ
600,0,1817,"[699, 261, 25, 24]",2,938,1817.png,626,1622,19,Cấm dừng và đỗ
1680,0,1820,"[806, 139, 40, 42]",2,944,1820.png,626,1622,15,Cấm dừng và đỗ
3135,0,1827,"[379, 335, 55, 57]",2,951,1827.png,626,1622,19,Cấm dừng và đỗ
16,0,1836,"[654, 311, 4, 4]",2,955,1836.png,626,1622,19,Cấm dừng và đỗ
4400,0,1841,"[1239, 259, 55, 80]",2,957,1841.png,626,1622,19,Cấm dừng và đỗ
460,0,1846,"[578, 363, 23, 20]",2,958,1846.png,626,1622,19,Cấm dừng và đỗ
810,0,1846,"[368, 287, 30, 27]",2,960,1846.png,626,1622,19,Cấm dừng và đỗ
754,0,1852,"[861, 318, 26, 29]",2,967,1852.png,626,1622,15,Cấm dừng và đỗ
576,0,1853,"[1151, 347, 24, 24]",2,968,1853.png,626,1622,20,Cấm dừng và đỗ
360,0,1853,"[1304, 385, 18, 20]",2,972,1853.png,626,1622,20,Cấm dừng và đỗ
288,0,1853,"[1566, 492, 18, 16]",2,975,1853.png,626,1622,20,Cấm dừng và đỗ
56,0,1859,"[813, 311, 7, 8]",2,979,1859.png,626,1622,15,Cấm dừng và đỗ
4745,0,1861,"[1220, 240, 73, 65]",2,980,1861.png,626,1622,20,Cấm dừng và đỗ
10890,0,1869,"[1251, 152, 110, 99]",2,986,1869.png,626,1622,15,Cấm dừng và đỗ
270,0,1874,"[979, 350, 18, 15]",2,990,1874.png,626,1622,20,Cấm dừng và đỗ
841,0,1878,"[809, 248, 29, 29]",2,993,1878.png,626,1622,20,Cấm dừng và đỗ
196,0,1880,"[845, 275, 14, 14]",2,995,1880.png,626,1622,22,Cấm dừng và đỗ
49,0,1902,"[637, 365, 7, 7]",2,999,1902.png,626,1622,19,Cấm dừng và đỗ
780,0,1906,"[892, 308, 30, 26]",2,1000,1906.png,626,1622,15,Cấm dừng và đỗ
16770,0,1908,"[1077, 37, 129, 130]",2,1001,1908.png,626,1622,15,Cấm dừng và đỗ
1368,0,1913,"[745, 372, 38, 36]",2,1004,1913.png,626,1622,24,Cấm dừng và đỗ
644,0,1917,"[783, 383, 23, 28]",2,1005,1917.png,626,1622,15,Cấm dừng và đỗ
20,0,1941,"[622, 363, 4, 5]",2,1014,1941.png,626,1622,19,Cấm dừng và đỗ
754,0,1952,"[550, 258, 29, 26]",2,1019,1952.png,626,1622,19,Cấm dừng và đỗ
2912,0,1955,"[902, 347, 56, 52]",2,1022,1955.png,626,1622,24,Cấm dừng và đỗ
80,0,1961,"[626, 126, 10, 8]",2,1030,1961.png,626,1622,22,Cấm dừng và đỗ
25,0,1989,"[793, 314, 5, 5]",2,1039,1989.png,626,1622,15,Cấm dừng và đỗ
1517,0,1995,"[1394, 272, 37, 41]",2,1045,1995.png,626,1622,20,Cấm dừng và đỗ
506,0,3007,"[672, 268, 23, 22]",2,1051,3007.png,626,1622,30,Cấm dừng và đỗ
90,0,3023,"[654, 308, 9, 10]",2,1057,3023.png,626,1622,30,Cấm dừng và đỗ
81,0,3023,"[654, 327, 9, 9]",2,1058,3023.png,626,1622,30,Cấm dừng và đỗ
1554,0,3037,"[907, 79, 37, 42]",2,1065,3037.png,626,1622,31,Cấm dừng và đỗ
650,0,3045,"[834, 285, 25, 26]",2,1069,3045.png,626,1622,31,Cấm dừng và đỗ
702,0,3096,"[922, 100, 27, 26]",2,1091,3096.png,626,1622,31,Cấm dừng và đỗ
1400,0,3104,"[785, 282, 35, 40]",2,1098,3104.png,626,1622,30,Cấm dừng và đỗ
99,0,3118,"[835, 139, 9, 11]",2,1110,3118.png,626,1622,31,Cấm dừng và đỗ
2756,0,3127,"[931, 233, 52, 53]",2,1115,3127.png,626,1622,30,Cấm dừng và đỗ
2805,0,3127,"[931, 138, 51, 55]",2,1116,3127.png,626,1622,30,Cấm dừng và đỗ
1116,0,3130,"[788, 257, 31, 36]",2,1117,3130.png,626,1622,30,Cấm dừng và đỗ
42,0,3354,"[677, 294, 7, 6]",2,1211,3354.png,626,1622,30,Cấm dừng và đỗ
56,0,3354,"[678, 309, 7, 8]",2,1212,3354.png,626,1622,30,Cấm dừng và đỗ
9810,0,3360,"[1260, 169, 90, 109]",2,1213,3360.png,626,1622,31,Cấm dừng và đỗ
210,0,3404,"[779, 321, 14, 15]",2,1241,3404.png,626,1622,31,Cấm dừng và đỗ
725,0,3404,"[51, 313, 29, 25]",2,1242,3404.png,626,1622,31,Cấm dừng và đỗ
1599,0,3404,"[1318, 266, 41, 39]",2,1243,3404.png,626,1622,31,Cấm dừng và đỗ
506,0,3428,"[747, 279, 22, 23]",2,1256,3428.png,626,1622,30,Cấm dừng và đỗ
210,0,3452,"[842, 112, 14, 15]",2,1268,3452.png,626,1622,31,Cấm dừng và đỗ
3186,0,3452,"[1516, 39, 59, 54]",2,1269,3452.png,626,1622,31,Cấm dừng và đỗ
340,0,3487,"[696, 287, 20, 17]",2,1288,3487.png,626,1622,30,Cấm dừng và đỗ
420,0,3487,"[694, 253, 21, 20]",2,1289,3487.png,626,1622,30,Cấm dừng và đỗ
2650,0,3574,"[819, 230, 53, 50]",2,1314,3574.png,626,1622,30,Cấm dừng và đỗ
3074,0,3574,"[816, 130, 53, 58]",2,1315,3574.png,626,1622,30,Cấm dừng và đỗ
240,0,3592,"[870, 161, 15, 16]",2,1328,3592.png,626,1622,31,Cấm dừng và đỗ
650,0,3605,"[785, 288, 25, 26]",2,1334,3605.png,626,1622,30,Cấm dừng và đỗ
780,0,3605,"[785, 242, 26, 30]",2,1335,3605.png,626,1622,30,Cấm dừng và đỗ
990,0,3626,"[836, 360, 30, 33]",2,1343,3626.png,626,1622,30,Cấm dừng và đỗ
930,0,3626,"[835, 304, 31, 30]",2,1344,3626.png,626,1622,30,Cấm dừng và đỗ
1295,0,3639,"[866, 198, 35, 37]",2,1347,3639.png,626,1622,30,Cấm dừng và đỗ
1369,0,3639,"[865, 258, 37, 37]",2,1348,3639.png,626,1622,30,Cấm dừng và đỗ
450,0,3669,"[1602, 236, 18, 25]",2,1361,3669.png,626,1622,28,Cấm dừng và đỗ
56,0,3722,"[1435, 82, 8, 7]",2,1399,3722.png,626,1622,28,Cấm dừng và đỗ
16896,0,3750,"[1318, 92, 128, 132]",2,1411,3750.png,626,1622,30,Cấm dừng và đỗ
324,0,3752,"[745, 288, 18, 18]",2,1412,3752.png,626,1622,30,Cấm dừng và đỗ
340,0,3752,"[746, 320, 17, 20]",2,1413,3752.png,626,1622,30,Cấm dừng và đỗ
1634,0,3762,"[858, 225, 38, 43]",2,1418,3762.png,626,1622,30,Cấm dừng và đỗ
1258,0,3789,"[798, 301, 34, 37]",2,1429,3789.png,626,1622,31,Cấm dừng và đỗ
10573,0,3796,"[1261, 140, 97, 109]",2,1431,3796.png,626,1622,32,Cấm dừng và đỗ
1482,0,3806,"[767, 181, 39, 38]",2,1436,3806.png,626,1622,30,Cấm dừng và đỗ
1932,0,3806,"[768, 249, 42, 46]",2,1437,3806.png,626,1622,30,Cấm dừng và đỗ
56,0,3812,"[753, 340, 7, 8]",2,1442,3812.png,626,1622,31,Cấm dừng và đỗ
609,0,3857,"[752, 253, 21, 29]",2,1472,3857.png,626,1622,32,Cấm dừng và đỗ
1296,0,3858,"[880, 183, 36, 36]",2,1473,3858.png,626,1622,30,Cấm dừng và đỗ
1681,0,3858,"[883, 252, 41, 41]",2,1474,3858.png,626,1622,30,Cấm dừng và đỗ
1054,0,3868,"[732, 252, 31, 34]",2,1478,3868.png,626,1622,32,Cấm dừng và đỗ
1330,0,3893,"[820, 212, 35, 38]",2,1487,3893.png,626,1622,30,Cấm dừng và đỗ
1292,0,3893,"[821, 281, 34, 38]",2,1488,3893.png,626,1622,30,Cấm dừng và đỗ
650,0,3903,"[761, 222, 25, 26]",2,1491,3903.png,626,1622,30,Cấm dừng và đỗ
702,0,3903,"[760, 270, 26, 27]",2,1492,3903.png,626,1622,30,Cấm dừng và đỗ
1638,0,3914,"[986, 272, 39, 42]",2,1500,3914.png,626,1622,31,Cấm dừng và đỗ
169,0,3928,"[718, 285, 13, 13]",2,1508,3928.png,626,1622,30,Cấm dừng và đỗ
210,0,3928,"[718, 309, 14, 15]",2,1509,3928.png,626,1622,30,Cấm dừng và đỗ
841,0,3952,"[762, 258, 29, 29]",2,1530,3952.png,626,1622,32,Cấm dừng và đỗ
3172,0,3971,"[901, 177, 52, 61]",2,1540,3971.png,626,1622,30,Cấm dừng và đỗ
3304,0,3971,"[890, 277, 56, 59]",2,1541,3971.png,626,1622,30,Cấm dừng và đỗ
2146,0,3976,"[445, 0, 74, 29]",2,1543,3976.png,626,1622,31,Cấm dừng và đỗ
930,0,3986,"[938, 90, 31, 30]",2,1554,3986.png,626,1622,31,Cấm dừng và đỗ
30,0,4002,"[679, 411, 6, 5]",2,1562,4002.png,626,1622,33,Cấm dừng và đỗ
270,0,4004,"[1108, 242, 18, 15]",2,1567,4004.png,626,1622,34,Cấm dừng và đỗ
676,0,4004,"[1524, 209, 26, 26]",2,1570,4004.png,626,1622,34,Cấm dừng và đỗ
81,0,4004,"[922, 275, 9, 9]",2,1573,4004.png,626,1622,34,Cấm dừng và đỗ
56,0,4006,"[823, 328, 8, 7]",2,1576,4006.png,626,1622,34,Cấm dừng và đỗ
2750,0,4007,"[1050, 211, 55, 50]",2,1578,4007.png,626,1622,37,Cấm dừng và đỗ
342,0,4009,"[928, 244, 18, 19]",2,1579,4009.png,626,1622,37,Cấm dừng và đỗ
225,0,4010,"[757, 351, 15, 15]",2,1580,4010.png,626,1622,36,Cấm dừng và đỗ
81,0,4014,"[914, 301, 9, 9]",2,1589,4014.png,626,1622,34,Cấm dừng và đỗ
2014,0,4019,"[745, 172, 38, 53]",2,1592,4019.png,626,1622,34,Cấm dừng và đỗ
868,0,4021,"[667, 219, 31, 28]",2,1594,4021.png,626,1622,34,Cấm dừng và đỗ
100,0,4023,"[733, 328, 10, 10]",2,1600,4023.png,626,1622,34,Cấm dừng và đỗ
1148,0,4024,"[91, 277, 41, 28]",2,1605,4024.png,626,1622,34,Cấm dừng và đỗ
90,0,4027,"[1029, 305, 10, 9]",2,1609,4027.png,626,1622,34,Cấm dừng và đỗ
306,0,4028,"[791, 308, 17, 18]",2,1612,4028.png,626,1622,36,Cấm dừng và đỗ
2200,0,4037,"[1174, 154, 50, 44]",2,1637,4037.png,626,1622,34,Cấm dừng và đỗ
756,0,4039,"[304, 236, 28, 27]",2,1645,4039.png,626,1622,34,Cấm dừng và đỗ
81,0,4039,"[715, 319, 9, 9]",2,1648,4039.png,626,1622,34,Cấm dừng và đỗ
3127,0,4041,"[1234, 227, 59, 53]",2,1651,4041.png,626,1622,37,Cấm dừng và đỗ
2208,0,4042,"[906, 148, 46, 48]",2,1653,4042.png,626,1622,37,Cấm dừng và đỗ
56,0,4049,"[789, 406, 8, 7]",2,1659,4049.png,626,1622,31,Cấm dừng và đỗ
1404,0,4050,"[416, 191, 39, 36]",2,1662,4050.png,626,1622,34,Cấm dừng và đỗ
1056,0,4050,"[833, 213, 33, 32]",2,1666,4050.png,626,1622,34,Cấm dừng và đỗ
156,0,4051,"[786, 297, 13, 12]",2,1669,4051.png,626,1622,34,Cấm dừng và đỗ
575,0,4055,"[617, 327, 25, 23]",2,1671,4055.png,626,1622,36,Cấm dừng và đỗ
8496,0,4059,"[1141, 0, 118, 72]",2,1672,4059.png,626,1622,34,Cấm dừng và đỗ
361,0,4060,"[912, 258, 19, 19]",2,1677,4060.png,626,1622,34,Cấm dừng và đỗ
462,0,4061,"[989, 285, 22, 21]",2,1680,4061.png,626,1622,34,Cấm dừng và đỗ
675,0,4066,"[1243, 208, 27, 25]",2,1686,4066.png,626,1622,34,Cấm dừng và đỗ
100,0,4068,"[1302, 308, 10, 10]",2,1692,4068.png,626,1622,34,Cấm dừng và đỗ
225,0,4069,"[646, 359, 15, 15]",2,1697,4069.png,626,1622,33,Cấm dừng và đỗ
575,0,4074,"[764, 251, 25, 23]",2,1700,4074.png,626,1622,34,Cấm dừng và đỗ
812,0,4082,"[642, 168, 29, 28]",2,1708,4082.png,626,1622,33,Cấm dừng và đỗ
132,0,4082,"[865, 217, 11, 12]",2,1718,4082.png,626,1622,33,Cấm dừng và đỗ
156,0,4082,"[864, 239, 12, 13]",2,1719,4082.png,626,1622,33,Cấm dừng và đỗ
506,0,4084,"[1068, 237, 23, 22]",2,1720,4084.png,626,1622,34,Cấm dừng và đỗ
72,0,4088,"[802, 287, 9, 8]",2,1728,4088.png,626,1622,33,Cấm dừng và đỗ
576,0,4089,"[805, 214, 24, 24]",2,1731,4089.png,626,1622,37,Cấm dừng và đỗ
625,0,4094,"[982, 191, 25, 25]",2,1750,4094.png,626,1622,33,Cấm dừng và đỗ
675,0,4094,"[983, 237, 25, 27]",2,1751,4094.png,626,1622,33,Cấm dừng và đỗ
351,0,4096,"[899, 244, 13, 27]",2,1752,4096.png,626,1622,33,Cấm dừng và đỗ
72,0,4097,"[648, 284, 8, 9]",2,1754,4097.png,626,1622,34,Cấm dừng và đỗ
9,0,4100,"[694, 268, 3, 3]",2,1763,4100.png,626,1622,34,Cấm dừng và đỗ
16,0,4100,"[576, 276, 4, 4]",2,1766,4100.png,626,1622,34,Cấm dừng và đỗ
2208,0,4101,"[695, 185, 46, 48]",2,1771,4101.png,626,1622,34,Cấm dừng và đỗ
1326,0,4101,"[1178, 237, 39, 34]",2,1772,4101.png,626,1622,34,Cấm dừng và đỗ
7826,0,4102,"[936, 61, 86, 91]",2,1774,4102.png,626,1622,37,Cấm dừng và đỗ
16,0,4103,"[809, 415, 4, 4]",2,1775,4103.png,626,1622,31,Cấm dừng và đỗ
42,0,4109,"[820, 304, 6, 7]",2,1780,4109.png,626,1622,34,Cấm dừng và đỗ
1634,0,4112,"[885, 154, 38, 43]",2,1781,4112.png,626,1622,33,Cấm dừng và đỗ
100,0,4114,"[881, 332, 10, 10]",2,1795,4114.png,626,1622,34,Cấm dừng và đỗ
56,0,4115,"[575, 262, 8, 7]",2,1801,4115.png,626,1622,36,Cấm dừng và đỗ
2565,0,4117,"[1180, 119, 57, 45]",2,1802,4117.png,626,1622,34,Cấm dừng và đỗ
225,0,4121,"[915, 282, 15, 15]",2,1812,4121.png,626,1622,36,Cấm dừng và đỗ
3762,0,4127,"[440, 132, 57, 66]",2,1821,4127.png,626,1622,34,Cấm dừng và đỗ
64,0,4138,"[1003, 243, 8, 8]",2,1830,4138.png,626,1622,34,Cấm dừng và đỗ
100,0,4138,"[1014, 241, 10, 10]",2,1831,4138.png,626,1622,34,Cấm dừng và đỗ
110,0,4145,"[689, 394, 10, 11]",2,1835,4145.png,626,1622,36,Cấm dừng và đỗ
36,0,4148,"[725, 392, 6, 6]",2,1838,4148.png,626,1622,31,Cấm dừng và đỗ
812,0,4151,"[1092, 240, 29, 28]",2,1841,4151.png,626,1622,34,Cấm dừng và đỗ
42,0,4151,"[993, 251, 7, 6]",2,1843,4151.png,626,1622,34,Cấm dừng và đỗ
81,0,4154,"[1115, 261, 9, 9]",2,1845,4154.png,626,1622,36,Cấm dừng và đỗ
72,0,4161,"[508, 256, 9, 8]",2,1854,4161.png,626,1622,34,Cấm dừng và đỗ
1935,0,4165,"[1233, 200, 45, 43]",2,1856,4165.png,626,1622,33,Cấm dừng và đỗ
168,0,4169,"[819, 278, 14, 12]",2,1864,4169.png,626,1622,37,Cấm dừng và đỗ
195,0,4177,"[726, 223, 13, 15]",2,1880,4177.png,626,1622,37,Cấm dừng và đỗ
1240,0,4178,"[950, 226, 31, 40]",2,1882,4178.png,626,1622,34,Cấm dừng và đỗ
182,0,4178,"[172, 307, 14, 13]",2,1884,4178.png,626,1622,34,Cấm dừng và đỗ
154,0,4180,"[848, 236, 11, 14]",2,1885,4180.png,626,1622,37,Cấm dừng và đỗ
42,0,4180,"[744, 257, 6, 7]",2,1886,4180.png,626,1622,37,Cấm dừng và đỗ
56,0,4192,"[1003, 313, 7, 8]",2,1900,4192.png,626,1622,34,Cấm dừng và đỗ
2726,0,4203,"[1183, 128, 58, 47]",2,1909,4203.png,626,1622,34,Cấm dừng và đỗ
72,0,4204,"[740, 436, 9, 8]",2,1915,4204.png,626,1622,33,Cấm dừng và đỗ
12,0,4204,"[675, 423, 4, 3]",2,1919,4204.png,626,1622,33,Cấm dừng và đỗ
2809,0,4209,"[1030, 171, 53, 53]",2,1922,4209.png,626,1622,37,Cấm dừng và đỗ
72,0,4210,"[832, 282, 9, 8]",2,1923,4210.png,626,1622,37,Cấm dừng và đỗ
992,0,4213,"[593, 321, 32, 31]",2,1925,4213.png,626,1622,34,Cấm dừng và đỗ
3650,0,4214,"[1086, 18, 50, 73]",2,1926,4214.png,626,1622,34,Cấm dừng và đỗ
441,0,4217,"[855, 342, 21, 21]",2,1927,4217.png,626,1622,37,Cấm dừng và đỗ
240,0,4221,"[673, 189, 15, 16]",2,1931,4221.png,626,1622,34,Cấm dừng và đỗ
1936,0,4222,"[667, 314, 44, 44]",2,1934,4222.png,626,1622,34,Cấm dừng và đỗ
675,0,4225,"[701, 229, 25, 27]",2,1940,4225.png,626,1622,34,Cấm dừng và đỗ
1190,0,4227,"[1128, 225, 35, 34]",2,1944,4227.png,626,1622,33,Cấm dừng và đỗ
25,0,4227,"[848, 248, 5, 5]",2,1947,4227.png,626,1622,33,Cấm dừng và đỗ
441,0,4229,"[867, 342, 21, 21]",2,1955,4229.png,626,1622,36,Cấm dừng và đỗ
625,0,4230,"[1131, 264, 25, 25]",2,1956,4230.png,626,1622,33,Cấm dừng và đỗ
3360,0,4231,"[346, 199, 60, 56]",2,1958,4231.png,626,1622,34,Cấm dừng và đỗ
105,0,4233,"[965, 277, 7, 15]",2,1963,4233.png,626,1622,37,Cấm dừng và đỗ
256,0,4235,"[575, 260, 16, 16]",2,1966,4235.png,626,1622,34,Cấm dừng và đỗ
306,0,4235,"[334, 275, 17, 18]",2,1968,4235.png,626,1622,34,Cấm dừng và đỗ
90,0,4238,"[678, 331, 9, 10]",2,1972,4238.png,626,1622,37,Cấm dừng và đỗ
3976,0,4244,"[1333, 150, 71, 56]",2,1976,4244.png,626,1622,34,Cấm dừng và đỗ
600,0,4245,"[948, 260, 25, 24]",2,1977,4245.png,626,1622,37,Cấm dừng và đỗ
132,0,4250,"[665, 347, 11, 12]",2,1979,4250.png,626,1622,36,Cấm dừng và đỗ
110,0,4252,"[1148, 209, 10, 11]",2,1986,4252.png,626,1622,34,Cấm dừng và đỗ
810,0,4253,"[816, 256, 27, 30]",2,1992,4253.png,626,1622,33,Cấm dừng và đỗ
56,0,4259,"[1075, 241, 8, 7]",2,1998,4259.png,626,1622,34,Cấm dừng và đỗ
42,0,4259,"[958, 258, 6, 7]",2,2001,4259.png,626,1622,34,Cấm dừng và đỗ
81,0,4261,"[756, 257, 9, 9]",2,2003,4261.png,626,1622,37,Cấm dừng và đỗ
3024,0,4262,"[1348, 217, 54, 56]",2,2004,4262.png,626,1622,34,Cấm dừng và đỗ
992,0,4263,"[794, 226, 31, 32]",2,2010,4263.png,626,1622,34,Cấm dừng và đỗ
625,0,4265,"[812, 338, 25, 25]",2,2015,4265.png,626,1622,36,Cấm dừng và đỗ
4355,0,4266,"[1525, 58, 67, 65]",2,2017,4266.png,626,1622,34,Cấm dừng và đỗ
3186,0,4269,"[910, 138, 54, 59]",2,2023,4269.png,626,1622,33,Cấm dừng và đỗ
56,0,4279,"[1013, 311, 7, 8]",2,2032,4279.png,626,1622,34,Cấm dừng và đỗ
650,0,4280,"[866, 267, 26, 25]",2,2034,4280.png,626,1622,34,Cấm dừng và đỗ
144,0,4281,"[668, 296, 12, 12]",2,2036,4281.png,626,1622,37,Cấm dừng và đỗ
240,0,4287,"[823, 308, 15, 16]",2,2039,4287.png,626,1622,34,Cấm dừng và đỗ
64,0,4289,"[639, 268, 8, 8]",2,2042,4289.png,626,1622,36,Cấm dừng và đỗ
380,0,4291,"[889, 270, 19, 20]",2,2047,4291.png,626,1622,37,Cấm dừng và đỗ
168,0,4294,"[932, 275, 12, 14]",2,2057,4294.png,626,1622,34,Cấm dừng và đỗ
961,0,4296,"[1045, 292, 31, 31]",2,2062,4296.png,626,1622,36,Cấm dừng và đỗ
1968,0,4299,"[685, 202, 41, 48]",2,2065,4299.png,626,1622,34,Cấm dừng và đỗ
255,0,4302,"[953, 219, 17, 15]",2,2066,4302.png,626,1622,37,Cấm dừng và đỗ
272,0,4305,"[975, 207, 17, 16]",2,2071,4305.png,626,1622,34,Cấm dừng và đỗ
1152,0,4305,"[1290, 177, 36, 32]",2,2073,4305.png,626,1622,34,Cấm dừng và đỗ
110,0,4309,"[775, 223, 10, 11]",2,2078,4309.png,626,1622,34,Cấm dừng và đỗ
3599,0,4310,"[1348, 120, 59, 61]",2,2079,4310.png,626,1622,33,Cấm dừng và đỗ
3782,0,4310,"[1352, 2, 61, 62]",2,2080,4310.png,626,1622,33,Cấm dừng và đỗ
552,0,4312,"[1086, 238, 24, 23]",2,2081,4312.png,626,1622,37,Cấm dừng và đỗ
1050,0,4312,"[1488, 262, 25, 42]",2,2082,4312.png,626,1622,37,Cấm dừng và đỗ
342,0,4318,"[793, 409, 18, 19]",2,2088,4318.png,626,1622,33,Cấm dừng và đỗ
182,0,4318,"[640, 364, 14, 13]",2,2089,4318.png,626,1622,33,Cấm dừng và đỗ
240,0,4323,"[778, 246, 15, 16]",2,2096,4323.png,626,1622,34,Cấm dừng và đỗ
288,0,4323,"[580, 243, 18, 16]",2,2099,4323.png,626,1622,34,Cấm dừng và đỗ
2832,0,4324,"[1238, 232, 59, 48]",2,2104,4324.png,626,1622,33,Cấm dừng và đỗ
132,0,4324,"[863, 269, 12, 11]",2,2106,4324.png,626,1622,33,Cấm dừng và đỗ
552,0,4325,"[1050, 469, 23, 24]",2,2110,4325.png,626,1622,33,Cấm dừng và đỗ
121,0,4325,"[812, 440, 11, 11]",2,2113,4325.png,626,1622,33,Cấm dừng và đỗ
399,0,4327,"[1064, 263, 21, 19]",2,2119,4327.png,626,1622,33,Cấm dừng và đỗ
256,0,4328,"[654, 355, 16, 16]",2,2124,4328.png,626,1622,36,Cấm dừng và đỗ
64,0,4335,"[385, 397, 8, 8]",2,2131,4335.png,626,1622,36,Cấm dừng và đỗ
576,0,4339,"[611, 167, 24, 24]",2,2134,4339.png,626,1622,34,Cấm dừng và đỗ
3180,0,4343,"[1243, 150, 60, 53]",2,2142,4343.png,626,1622,34,Cấm dừng và đỗ
64,0,4344,"[603, 262, 8, 8]",2,2147,4344.png,626,1622,36,Cấm dừng và đỗ
1763,0,4345,"[583, 296, 43, 41]",2,2149,4345.png,626,1622,34,Cấm dừng và đỗ
240,0,4348,"[627, 272, 16, 15]",2,2154,4348.png,626,1622,34,Cấm dừng và đỗ
784,0,4349,"[956, 251, 28, 28]",2,2157,4349.png,626,1622,37,Cấm dừng và đỗ
1085,0,4351,"[943, 299, 35, 31]",2,2158,4351.png,626,1622,34,Cấm dừng và đỗ
3685,0,4352,"[1240, 264, 67, 55]",2,2162,4352.png,626,1622,33,Cấm dừng và đỗ
100,0,4353,"[634, 202, 10, 10]",2,2163,4353.png,626,1622,36,Cấm dừng và đỗ
256,0,4354,"[811, 254, 16, 16]",2,2168,4354.png,626,1622,34,Cấm dừng và đỗ
2500,0,4360,"[970, 188, 50, 50]",2,2184,4360.png,626,1622,34,Cấm dừng và đỗ
4284,0,4360,"[28, 99, 63, 68]",2,2186,4360.png,626,1622,34,Cấm dừng và đỗ
1036,0,4361,"[1231, 212, 37, 28]",2,2187,4361.png,626,1622,34,Cấm dừng và đỗ
323,0,4363,"[913, 262, 19, 17]",2,2189,4363.png,626,1622,37,Cấm dừng và đỗ
3024,0,4364,"[1083, 283, 56, 54]",2,2191,4364.png,626,1622,36,Cấm dừng và đỗ
256,0,4367,"[711, 295, 16, 16]",2,2194,4367.png,626,1622,34,Cấm dừng và đỗ
42,0,4368,"[449, 345, 6, 7]",2,2197,4368.png,626,1622,37,Cấm dừng và đỗ
6059,0,4370,"[1208, 270, 73, 83]",2,2198,4370.png,626,1622,37,Cấm dừng và đỗ
169,0,4372,"[674, 229, 13, 13]",2,2201,4372.png,626,1622,34,Cấm dừng và đỗ
1271,0,4374,"[777, 196, 31, 41]",2,2204,4374.png,626,1622,34,Cấm dừng và đỗ
750,0,4374,"[1261, 216, 30, 25]",2,2207,4374.png,626,1622,34,Cấm dừng và đỗ
168,0,4374,"[1221, 233, 14, 12]",2,2210,4374.png,626,1622,34,Cấm dừng và đỗ
182,0,4377,"[875, 336, 13, 14]",2,2215,4377.png,626,1622,37,Cấm dừng và đỗ
1932,0,4379,"[983, 175, 42, 46]",2,2216,4379.png,626,1622,36,Cấm dừng và đỗ
868,0,4381,"[1494, 285, 31, 28]",2,2224,4381.png,626,1622,34,Cấm dừng và đỗ
2546,0,4382,"[469, 105, 38, 67]",2,2225,4382.png,626,1622,34,Cấm dừng và đỗ
2106,0,4382,"[1368, 176, 54, 39]",2,2228,4382.png,626,1622,34,Cấm dừng và đỗ
204,0,4382,"[1285, 212, 17, 12]",2,2231,4382.png,626,1622,34,Cấm dừng và đỗ
2520,0,4384,"[1393, 267, 60, 42]",2,2232,4384.png,626,1622,34,Cấm dừng và đỗ
483,0,4385,"[689, 286, 21, 23]",2,2234,4385.png,626,1622,34,Cấm dừng và đỗ
3484,0,4385,"[1569, 236, 52, 67]",2,2236,4385.png,626,1622,34,Cấm dừng và đỗ
1369,0,4386,"[973, 277, 37, 37]",2,2238,4386.png,626,1622,34,Cấm dừng và đỗ
360,0,4390,"[561, 302, 18, 20]",2,2243,4390.png,626,1622,37,Cấm dừng và đỗ
960,0,4392,"[843, 222, 30, 32]",2,2244,4392.png,626,1622,34,Cấm dừng và đỗ
462,0,4395,"[1088, 292, 22, 21]",2,2247,4395.png,626,1622,33,Cấm dừng và đỗ
72,0,4396,"[421, 290, 8, 9]",2,2253,4396.png,626,1622,34,Cấm dừng và đỗ
56,0,4396,"[486, 300, 7, 8]",2,2254,4396.png,626,1622,34,Cấm dừng và đỗ
380,0,4399,"[920, 217, 20, 19]",2,2260,4399.png,626,1622,34,Cấm dừng và đỗ
3657,0,4399,"[1400, 211, 69, 53]",2,2262,4399.png,626,1622,34,Cấm dừng và đỗ
420,0,4402,"[1151, 264, 21, 20]",2,2264,4402.png,626,1622,34,Cấm dừng và đỗ
64,0,4405,"[977, 279, 8, 8]",2,2277,4405.png,626,1622,33,Cấm dừng và đỗ
1722,0,4406,"[687, 276, 41, 42]",2,2278,4406.png,626,1622,37,Cấm dừng và đỗ
240,0,4410,"[575, 254, 15, 16]",2,2283,4410.png,626,1622,34,Cấm dừng và đỗ
360,0,4411,"[765, 254, 18, 20]",2,2284,4411.png,626,1622,37,Cấm dừng và đỗ
884,0,4412,"[1017, 292, 26, 34]",2,2285,4412.png,626,1622,34,Cấm dừng và đỗ
36,0,4412,"[593, 319, 6, 6]",2,2288,4412.png,626,1622,34,Cấm dừng và đỗ
110,0,4418,"[1021, 237, 11, 10]",2,2296,4418.png,626,1622,34,Cấm dừng và đỗ
49,0,4418,"[889, 259, 7, 7]",2,2299,4418.png,626,1622,34,Cấm dừng và đỗ
3965,0,4420,"[1055, 360, 61, 65]",2,2300,4420.png,626,1622,33,Cấm dừng và đỗ
42,0,4420,"[680, 405, 6, 7]",2,2302,4420.png,626,1622,33,Cấm dừng và đỗ
925,0,4426,"[0, 300, 37, 25]",2,2309,4426.png,626,1622,34,Cấm dừng và đỗ
650,0,4431,"[139, 316, 26, 25]",2,2312,4431.png,626,1622,34,Cấm dừng và đỗ
289,0,4432,"[714, 252, 17, 17]",2,2314,4432.png,626,1622,33,Cấm dừng và đỗ
696,0,4432,"[393, 160, 29, 24]",2,2317,4432.png,626,1622,33,Cấm dừng và đỗ
529,0,4439,"[586, 353, 23, 23]",2,2324,4439.png,626,1622,34,Cấm dừng và đỗ
42,0,4441,"[826, 298, 7, 6]",2,2326,4441.png,626,1622,34,Cấm dừng và đỗ
121,0,4442,"[669, 311, 11, 11]",2,2328,4442.png,626,1622,34,Cấm dừng và đỗ
675,0,4443,"[735, 229, 25, 27]",2,2331,4443.png,626,1622,34,Cấm dừng và đỗ
49,0,4449,"[757, 248, 7, 7]",2,2337,4449.png,626,1622,34,Cấm dừng và đỗ
49,0,4449,"[660, 249, 7, 7]",2,2339,4449.png,626,1622,34,Cấm dừng và đỗ
210,0,4450,"[1058, 297, 15, 14]",2,2347,4450.png,626,1622,34,Cấm dừng và đỗ
1935,0,4453,"[780, 209, 45, 43]",2,2353,4453.png,626,1622,34,Cấm dừng và đỗ
180,0,4456,"[869, 301, 15, 12]",2,2358,4456.png,626,1622,37,Cấm dừng và đỗ
2024,0,4460,"[798, 195, 44, 46]",2,2362,4460.png,626,1622,34,Cấm dừng và đỗ
288,0,4463,"[618, 178, 16, 18]",2,2367,4463.png,626,1622,33,Cấm dừng và đỗ
121,0,4473,"[949, 305, 11, 11]",2,2372,4473.png,626,1622,34,Cấm dừng và đỗ
289,0,4474,"[1132, 375, 17, 17]",2,2381,4474.png,626,1622,36,Cấm dừng và đỗ
56,0,4476,"[679, 276, 7, 8]",2,2383,4476.png,626,1622,36,Cấm dừng và đỗ
156,0,4478,"[751, 287, 13, 12]",2,2387,4478.png,626,1622,34,Cấm dừng và đỗ
81,0,4482,"[701, 282, 9, 9]",2,2395,4482.png,626,1622,34,Cấm dừng và đỗ
399,0,4482,"[1505, 243, 19, 21]",2,2398,4482.png,626,1622,34,Cấm dừng và đỗ
49,0,4483,"[886, 293, 7, 7]",2,2400,4483.png,626,1622,34,Cấm dừng và đỗ
121,0,4487,"[936, 488, 11, 11]",2,2405,4487.png,626,1622,33,Cấm dừng và đỗ
42,0,4487,"[822, 459, 6, 7]",2,2406,4487.png,626,1622,33,Cấm dừng và đỗ
100,0,4488,"[548, 397, 10, 10]",2,2411,4488.png,626,1622,34,Cấm dừng và đỗ
3795,0,4495,"[1252, 181, 69, 55]",2,2421,4495.png,626,1622,34,Cấm dừng và đỗ
924,0,4495,"[683, 210, 28, 33]",2,2422,4495.png,626,1622,34,Cấm dừng và đỗ
4218,0,4498,"[829, 1, 114, 37]",2,2426,4498.png,626,1622,36,Cấm dừng và đỗ
783,0,4501,"[535, 238, 29, 27]",2,2430,4501.png,626,1622,34,Cấm dừng và đỗ
2520,0,4501,"[1466, 259, 56, 45]",2,2431,4501.png,626,1622,34,Cấm dừng và đỗ
812,0,4503,"[897, 334, 29, 28]",2,2435,4503.png,626,1622,36,Cấm dừng và đỗ
380,0,4504,"[823, 363, 19, 20]",2,2436,4504.png,626,1622,31,Cấm dừng và đỗ
729,0,4508,"[767, 259, 27, 27]",2,2443,4508.png,626,1622,34,Cấm dừng và đỗ
154,0,4517,"[1146, 234, 14, 11]",2,2450,4517.png,626,1622,34,Cấm dừng và đỗ
64,0,4517,"[998, 227, 8, 8]",2,2452,4517.png,626,1622,34,Cấm dừng và đỗ
56,0,4518,"[716, 253, 8, 7]",2,2467,4518.png,626,1622,33,Cấm dừng và đỗ
25,0,4518,"[800, 267, 5, 5]",2,2468,4518.png,626,1622,33,Cấm dừng và đỗ
2773,0,4519,"[747, 129, 47, 59]",2,2470,4519.png,626,1622,34,Cấm dừng và đỗ
80,0,4520,"[831, 336, 10, 8]",2,2471,4520.png,626,1622,34,Cấm dừng và đỗ
63,0,4521,"[694, 277, 9, 7]",2,2473,4521.png,626,1622,36,Cấm dừng và đỗ
56,0,4522,"[1056, 240, 7, 8]",2,2480,4522.png,626,1622,34,Cấm dừng và đỗ
500,0,4523,"[582, 278, 20, 25]",2,2484,4523.png,626,1622,34,Cấm dừng và đỗ
420,0,4523,"[888, 288, 20, 21]",2,2489,4523.png,626,1622,34,Cấm dừng và đỗ
1190,0,4527,"[884, 180, 34, 35]",2,2490,4527.png,626,1622,34,Cấm dừng và đỗ
81,0,4529,"[740, 268, 9, 9]",2,2498,4529.png,626,1622,37,Cấm dừng và đỗ
2160,0,4541,"[903, 190, 48, 45]",2,2508,4541.png,626,1622,37,Cấm dừng và đỗ
121,0,4544,"[753, 250, 11, 11]",2,2513,4544.png,626,1622,37,Cấm dừng và đỗ
756,0,4546,"[804, 208, 28, 27]",2,2514,4546.png,626,1622,37,Cấm dừng và đỗ
361,0,4550,"[788, 196, 19, 19]",2,2517,4550.png,626,1622,33,Cấm dừng và đỗ
624,0,4551,"[847, 228, 26, 24]",2,2523,4551.png,626,1622,37,Cấm dừng và đỗ
7470,0,4553,"[1080, 223, 83, 90]",2,2524,4553.png,626,1622,34,Cấm dừng và đỗ
600,0,4561,"[955, 219, 24, 25]",2,2533,4561.png,626,1622,37,Cấm dừng và đỗ
5508,0,4562,"[1553, 296, 68, 81]",2,2535,4562.png,626,1622,31,Cấm dừng và đỗ
1056,0,4563,"[833, 202, 32, 33]",2,2536,4563.png,626,1622,37,Cấm dừng và đỗ
132,0,4566,"[842, 225, 11, 12]",2,2541,4566.png,626,1622,33,Cấm dừng và đỗ
306,0,4567,"[918, 416, 17, 18]",2,2544,4567.png,626,1622,31,Cấm dừng và đỗ
2805,0,4568,"[1062, 155, 55, 51]",2,2547,4568.png,626,1622,34,Cấm dừng và đỗ
289,0,4570,"[1008, 227, 17, 17]",2,2552,4570.png,626,1622,34,Cấm dừng và đỗ
1140,0,4570,"[1548, 151, 38, 30]",2,2554,4570.png,626,1622,34,Cấm dừng và đỗ
144,0,4573,"[886, 297, 12, 12]",2,2558,4573.png,626,1622,34,Cấm dừng và đỗ
1089,0,4575,"[693, 246, 33, 33]",2,2563,4575.png,626,1622,37,Cấm dừng và đỗ
961,0,4580,"[1008, 268, 31, 31]",2,2565,4580.png,626,1622,34,Cấm dừng và đỗ
1312,0,4581,"[294, 176, 41, 32]",2,2568,4581.png,626,1622,34,Cấm dừng và đỗ
1023,0,4581,"[663, 234, 31, 33]",2,2571,4581.png,626,1622,34,Cấm dừng và đỗ
504,0,4582,"[1178, 286, 24, 21]",2,2573,4582.png,626,1622,37,Cấm dừng và đỗ
80,0,4583,"[751, 341, 10, 8]",2,2574,4583.png,626,1622,34,Cấm dừng và đỗ
1560,0,4590,"[653, 98, 39, 40]",2,2580,4590.png,626,1622,33,Cấm dừng và đỗ
1190,0,4591,"[845, 254, 34, 35]",2,2584,4591.png,626,1622,34,Cấm dừng và đỗ
224,0,4595,"[1171, 287, 16, 14]",2,2587,4595.png,626,1622,34,Cấm dừng và đỗ
361,0,4596,"[608, 304, 19, 19]",2,2594,4596.png,626,1622,34,Cấm dừng và đỗ
182,0,4598,"[788, 310, 13, 14]",2,2596,4598.png,626,1622,34,Cấm dừng và đỗ
64,0,4599,"[736, 271, 8, 8]",2,2597,4599.png,626,1622,37,Cấm dừng và đỗ
195,0,4609,"[772, 316, 15, 13]",2,2609,4609.png,626,1622,36,Cấm dừng và đỗ
36,0,4612,"[1073, 244, 6, 6]",2,2616,4612.png,626,1622,34,Cấm dừng và đỗ
117,0,4616,"[990, 210, 13, 9]",2,2618,4616.png,626,1622,34,Cấm dừng và đỗ
256,0,4616,"[1172, 203, 16, 16]",2,2621,4616.png,626,1622,34,Cấm dừng và đỗ
2652,0,4618,"[460, 107, 51, 52]",2,2625,4618.png,626,1622,34,Cấm dừng và đỗ
1892,0,4621,"[596, 217, 43, 44]",2,2628,4621.png,626,1622,36,Cấm dừng và đỗ
380,0,4628,"[724, 386, 19, 20]",2,2655,4628.png,626,1622,33,Cấm dừng và đỗ
418,0,4630,"[1119, 225, 22, 19]",2,2674,4630.png,626,1622,34,Cấm dừng và đỗ
132,0,4630,"[914, 218, 12, 11]",2,2675,4630.png,626,1622,34,Cấm dừng và đỗ
182,0,4633,"[1060, 265, 14, 13]",2,2683,4633.png,626,1622,36,Cấm dừng và đỗ
1260,0,4637,"[920, 289, 35, 36]",2,2685,4637.png,626,1622,31,Cấm dừng và đỗ
72,0,4638,"[750, 260, 9, 8]",2,2686,4638.png,626,1622,37,Cấm dừng và đỗ
1332,0,4644,"[770, 206, 37, 36]",2,2688,4644.png,626,1622,37,Cấm dừng và đỗ
600,0,4650,"[680, 235, 24, 25]",2,2691,4650.png,626,1622,36,Cấm dừng và đỗ
1360,0,4651,"[797, 255, 34, 40]",2,2696,4651.png,626,1622,37,Cấm dừng và đỗ
3135,0,4653,"[960, 224, 57, 55]",2,2700,4653.png,626,1622,34,Cấm dừng và đỗ
56,0,4654,"[851, 319, 8, 7]",2,2703,4654.png,626,1622,34,Cấm dừng và đỗ
1804,0,4657,"[796, 199, 41, 44]",2,2704,4657.png,626,1622,37,Cấm dừng và đỗ
928,0,4663,"[564, 267, 32, 29]",2,2723,4663.png,626,1622,33,Cấm dừng và đỗ
4350,0,4664,"[978, 245, 58, 75]",2,2725,4664.png,626,1622,37,Cấm dừng và đỗ
1800,0,4665,"[577, 218, 40, 45]",2,2727,4665.png,626,1622,34,Cấm dừng và đỗ
3886,0,4670,"[933, 176, 58, 67]",2,2734,4670.png,626,1622,34,Cấm dừng và đỗ
289,0,4671,"[701, 204, 17, 17]",2,2737,4671.png,626,1622,34,Cấm dừng và đỗ
1591,0,4671,"[181, 119, 37, 43]",2,2738,4671.png,626,1622,34,Cấm dừng và đỗ
99,0,4675,"[691, 297, 11, 9]",2,2746,4675.png,626,1622,34,Cấm dừng và đỗ
323,0,4676,"[841, 350, 17, 19]",2,2749,4676.png,626,1622,36,Cấm dừng và đỗ
99,0,4677,"[698, 262, 9, 11]",2,2752,4677.png,626,1622,34,Cấm dừng và đỗ
99,0,4680,"[890, 275, 11, 9]",2,2755,4680.png,626,1622,33,Cấm dừng và đỗ
5740,0,4684,"[1448, 151, 82, 70]",2,2758,4684.png,626,1622,37,Cấm dừng và đỗ
529,0,4686,"[643, 297, 23, 23]",2,2762,4686.png,626,1622,37,Cấm dừng và đỗ
672,0,4687,"[749, 165, 24, 28]",2,2764,4687.png,626,1622,34,Cấm dừng và đỗ
2400,0,4688,"[832, 290, 50, 48]",2,2766,4688.png,626,1622,36,Cấm dừng và đỗ
1548,0,4691,"[1093, 246, 43, 36]",2,2771,4691.png,626,1622,34,Cấm dừng và đỗ
12625,0,4692,"[1335, 81, 125, 101]",2,2773,4692.png,626,1622,36,Cấm dừng và đỗ
56,0,4694,"[1036, 365, 8, 7]",2,2779,4694.png,626,1622,36,Cấm dừng và đỗ
110,0,4695,"[757, 262, 11, 10]",2,2784,4695.png,626,1622,34,Cấm dừng và đỗ
100,0,4695,"[629, 259, 10, 10]",2,2787,4695.png,626,1622,34,Cấm dừng và đỗ
2494,0,4696,"[280, 0, 86, 29]",2,2793,4696.png,626,1622,34,Cấm dừng và đỗ
418,0,4702,"[820, 192, 19, 22]",2,2798,4702.png,626,1622,33,Cấm dừng và đỗ
182,0,4706,"[677, 316, 13, 14]",2,2804,4706.png,626,1622,37,Cấm dừng và đỗ
100,0,4708,"[1041, 302, 10, 10]",2,2808,4708.png,626,1622,34,Cấm dừng và đỗ
132,0,4710,"[938, 300, 12, 11]",2,2811,4710.png,626,1622,34,Cấm dừng và đỗ
345,0,4710,"[1337, 289, 15, 23]",2,2813,4710.png,626,1622,34,Cấm dừng và đỗ
182,0,4712,"[714, 421, 14, 13]",2,2815,4712.png,626,1622,36,Cấm dừng và đỗ
2544,0,4713,"[702, 156, 48, 53]",2,2816,4713.png,626,1622,34,Cấm dừng và đỗ
2112,0,4722,"[689, 28, 44, 48]",2,2825,4722.png,626,1622,33,Cấm dừng và đỗ
210,0,4722,"[1024, 306, 15, 14]",2,2829,4722.png,626,1622,33,Cấm dừng và đỗ
132,0,4724,"[1043, 260, 12, 11]",2,2831,4724.png,626,1622,36,Cấm dừng và đỗ
4015,0,4731,"[1501, 82, 55, 73]",2,2834,4731.png,626,1622,34,Cấm dừng và đỗ
8232,0,4733,"[1084, 118, 84, 98]",2,2836,4733.png,626,1622,33,Cấm dừng và đỗ
80,0,4733,"[586, 222, 8, 10]",2,2837,4733.png,626,1622,33,Cấm dừng và đỗ
6466,0,4737,"[988, 92, 61, 106]",2,2840,4737.png,626,1622,34,Cấm dừng và đỗ
156,0,4740,"[762, 331, 13, 12]",2,2848,4740.png,626,1622,36,Cấm dừng và đỗ
90,0,4743,"[685, 266, 10, 9]",2,2850,4743.png,626,1622,36,Cấm dừng và đỗ
1406,0,4747,"[995, 122, 38, 37]",2,2854,4747.png,626,1622,34,Cấm dừng và đỗ
702,0,4751,"[621, 295, 27, 26]",2,2859,4751.png,626,1622,33,Cấm dừng và đỗ
156,0,4756,"[860, 394, 12, 13]",2,2862,4756.png,626,1622,31,Cấm dừng và đỗ
462,0,4759,"[774, 403, 21, 22]",2,2864,4759.png,626,1622,34,Cấm dừng và đỗ
702,0,4761,"[1007, 366, 27, 26]",2,2866,4761.png,626,1622,31,Cấm dừng và đỗ
306,0,4762,"[800, 411, 18, 17]",2,2868,4762.png,626,1622,33,Cấm dừng và đỗ
182,0,4763,"[902, 299, 14, 13]",2,2869,4763.png,626,1622,34,Cấm dừng và đỗ
1023,0,4764,"[891, 142, 31, 33]",2,2872,4764.png,626,1622,34,Cấm dừng và đỗ
1599,0,4768,"[1012, 185, 41, 39]",2,2874,4768.png,626,1622,37,Cấm dừng và đỗ
9588,0,4772,"[1393, 149, 102, 94]",2,2875,4772.png,626,1622,34,Cấm dừng và đỗ
99,0,4778,"[1114, 249, 11, 9]",2,2883,4778.png,626,1622,36,Cấm dừng và đỗ
288,0,4778,"[179, 235, 18, 16]",2,2888,4778.png,626,1622,36,Cấm dừng và đỗ
3025,0,4783,"[1214, 71, 55, 55]",2,2896,4783.png,626,1622,34,Cấm dừng và đỗ
72,0,4783,"[721, 189, 9, 8]",2,2900,4783.png,626,1622,34,Cấm dừng và đỗ
224,0,4785,"[870, 292, 16, 14]",2,2902,4785.png,626,1622,33,Cấm dừng và đỗ
3600,0,4787,"[297, 287, 60, 60]",2,2911,4787.png,626,1622,36,Cấm dừng và đỗ
272,0,4787,"[824, 353, 16, 17]",2,2914,4787.png,626,1622,36,Cấm dừng và đỗ
462,0,4791,"[901, 190, 21, 22]",2,2919,4791.png,626,1622,34,Cấm dừng và đỗ
210,0,4793,"[934, 240, 15, 14]",2,2921,4793.png,626,1622,37,Cấm dừng và đỗ
196,0,4795,"[623, 358, 14, 14]",2,2923,4795.png,626,1622,36,Cấm dừng và đỗ
81,0,4795,"[789, 366, 9, 9]",2,2927,4795.png,626,1622,36,Cấm dừng và đỗ
195,0,4799,"[596, 280, 13, 15]",2,2934,4799.png,626,1622,37,Cấm dừng và đỗ
156,0,4802,"[882, 286, 13, 12]",2,2935,4802.png,626,1622,34,Cấm dừng và đỗ
110,0,4802,"[1018, 300, 11, 10]",2,2939,4802.png,626,1622,34,Cấm dừng và đỗ
25,0,4805,"[743, 311, 5, 5]",2,2944,4805.png,626,1622,34,Cấm dừng và đỗ
720,0,4806,"[1188, 295, 30, 24]",2,2947,4806.png,626,1622,34,Cấm dừng và đỗ
8502,0,4807,"[1427, 127, 109, 78]",2,2948,4807.png,626,1622,34,Cấm dừng và đỗ
300,0,4807,"[1234, 221, 20, 15]",2,2949,4807.png,626,1622,34,Cấm dừng và đỗ
441,0,4813,"[966, 227, 21, 21]",2,2955,4813.png,626,1622,37,Cấm dừng và đỗ
49,0,4815,"[1119, 266, 7, 7]",2,2958,4815.png,626,1622,36,Cấm dừng và đỗ
841,0,4816,"[837, 241, 29, 29]",2,2960,4816.png,626,1622,33,Cấm dừng và đỗ
2784,0,4816,"[238, 55, 58, 48]",2,2962,4816.png,626,1622,33,Cấm dừng và đỗ
728,0,4817,"[583, 237, 28, 26]",2,2965,4817.png,626,1622,34,Cấm dừng và đỗ
2538,0,4817,"[1202, 173, 54, 47]",2,2967,4817.png,626,1622,34,Cấm dừng và đỗ
100,0,4824,"[791, 359, 10, 10]",2,2975,4824.png,626,1622,36,Cấm dừng và đỗ
812,0,4826,"[779, 140, 29, 28]",2,2982,4826.png,626,1622,33,Cấm dừng và đỗ
156,0,4831,"[732, 361, 13, 12]",2,2993,4831.png,626,1622,36,Cấm dừng và đỗ
63,0,4833,"[731, 466, 7, 9]",2,2996,4833.png,626,1622,37,Cấm dừng và đỗ
81,0,4850,"[788, 280, 9, 9]",2,3004,4850.png,626,1622,37,Cấm dừng và đỗ
304,0,4856,"[1087, 324, 19, 16]",2,3009,4856.png,626,1622,36,Cấm dừng và đỗ
380,0,4860,"[624, 324, 20, 19]",2,3017,4860.png,626,1622,33,Cấm dừng và đỗ
400,0,4860,"[623, 324, 20, 20]",2,3086,4860.png,626,1622,33,Cấm dừng và đỗ
15730,0,4861,"[1212, 32, 130, 121]",2,3018,4861.png,626,1622,37,Cấm dừng và đỗ
240,0,4862,"[1050, 284, 16, 15]",2,3021,4862.png,626,1622,34,Cấm dừng và đỗ
360,0,4862,"[850, 275, 18, 20]",2,3023,4862.png,626,1622,34,Cấm dừng và đỗ
42,0,4867,"[1082, 367, 7, 6]",2,3027,4867.png,626,1622,36,Cấm dừng và đỗ
72,0,4871,"[598, 277, 9, 8]",2,3033,4871.png,626,1622,36,Cấm dừng và đỗ
7644,0,4872,"[1092, 57, 84, 91]",2,3036,4872.png,626,1622,37,Cấm dừng và đỗ
550,0,4876,"[923, 307, 25, 22]",2,3039,4876.png,626,1622,37,Cấm dừng và đỗ
624,0,4882,"[1135, 281, 26, 24]",2,3057,4882.png,626,1622,34,Cấm dừng và đỗ
256,0,4886,"[546, 279, 16, 16]",2,3067,4886.png,626,1622,34,Cấm dừng và đỗ
340,0,4886,"[366, 253, 20, 17]",2,3068,4886.png,626,1622,34,Cấm dừng và đỗ
225,0,4894,"[742, 242, 15, 15]",2,3073,4894.png,626,1622,37,Cấm dừng và đỗ
990,0,4899,"[978, 222, 30, 33]",2,3077,4899.png,626,1622,34,Cấm dừng và đỗ
25,0,4901,"[637, 270, 5, 5]",2,3080,4901.png,626,1622,37,Cấm dừng và đỗ
1482,0,4902,"[886, 171, 38, 39]",2,3081,4902.png,626,1622,34,Cấm dừng và đỗ
930,0,4914,"[620, 281, 30, 31]",2,3097,4914.png,626,1622,33,Cấm dừng và đỗ
13216,0,4914,"[1427, 266, 112, 118]",2,3098,4914.png,626,1622,33,Cấm dừng và đỗ
483,0,4916,"[995, 259, 23, 21]",2,3109,4916.png,626,1622,34,Cấm dừng và đỗ
30,0,4922,"[886, 237, 5, 6]",2,3117,4922.png,626,1622,34,Cấm dừng và đỗ
575,0,4923,"[880, 220, 23, 25]",2,3121,4923.png,626,1622,34,Cấm dừng và đỗ
80,0,4923,"[1194, 247, 10, 8]",2,3124,4923.png,626,1622,34,Cấm dừng và đỗ
360,0,4923,"[1213, 238, 20, 18]",2,3125,4923.png,626,1622,34,Cấm dừng và đỗ
342,0,4924,"[758, 259, 19, 18]",2,3129,4924.png,626,1622,37,Cấm dừng và đỗ
56,0,4927,"[811, 405, 8, 7]",2,3131,4927.png,626,1622,31,Cấm dừng và đỗ
756,0,4931,"[803, 253, 27, 28]",2,3137,4931.png,626,1622,37,Cấm dừng và đỗ
169,0,4937,"[890, 264, 13, 13]",2,3141,4937.png,626,1622,34,Cấm dừng và đỗ
728,0,4938,"[719, 282, 28, 26]",2,3144,4938.png,626,1622,37,Cấm dừng và đỗ
3618,0,4940,"[535, 44, 54, 67]",2,3145,4940.png,626,1622,34,Cấm dừng và đỗ
288,0,4941,"[773, 232, 18, 16]",2,3148,4941.png,626,1622,37,Cấm dừng và đỗ
6696,0,4943,"[1504, 171, 93, 72]",2,3149,4943.png,626,1622,34,Cấm dừng và đỗ
1638,0,4945,"[721, 274, 42, 39]",2,3157,4945.png,626,1622,33,Cấm dừng và đỗ
1122,0,4948,"[584, 239, 33, 34]",2,3160,4948.png,626,1622,34,Cấm dừng và đỗ
399,0,4950,"[978, 298, 21, 19]",2,3161,4950.png,626,1622,36,Cấm dừng và đỗ
400,0,4953,"[796, 216, 20, 20]",2,3164,4953.png,626,1622,33,Cấm dừng và đỗ
864,0,4953,"[1094, 272, 32, 27]",2,3166,4953.png,626,1622,33,Cấm dừng và đỗ
196,0,4965,"[656, 371, 14, 14]",2,3173,4965.png,626,1622,33,Cấm dừng và đỗ
81,0,4980,"[892, 295, 9, 9]",2,3182,4980.png,626,1622,36,Cấm dừng và đỗ
64,0,4984,"[1013, 309, 8, 8]",2,3192,4984.png,626,1622,34,Cấm dừng và đỗ
132,0,4984,"[905, 312, 12, 11]",2,3194,4984.png,626,1622,34,Cấm dừng và đỗ
169,0,4987,"[628, 302, 13, 13]",2,3199,4987.png,626,1622,34,Cấm dừng và đỗ
168,0,4987,"[805, 307, 12, 14]",2,3203,4987.png,626,1622,34,Cấm dừng và đỗ
289,0,4988,"[760, 246, 17, 17]",2,3204,4988.png,626,1622,37,Cấm dừng và đỗ
4554,0,4994,"[1197, 213, 69, 66]",2,3208,4994.png,626,1622,34,Cấm dừng và đỗ
812,0,4999,"[933, 362, 28, 29]",2,3211,4999.png,626,1622,39,Cấm dừng và đỗ
380,0,5001,"[995, 371, 20, 19]",2,3212,5001.png,626,1622,41,Cấm dừng và đỗ
1914,0,5004,"[367, 141, 33, 58]",2,3213,5004.png,626,1622,41,Cấm dừng và đỗ
6786,0,5005,"[1193, 156, 87, 78]",2,3216,5005.png,626,1622,41,Cấm dừng và đỗ
49,0,5008,"[752, 279, 7, 7]",2,3218,5008.png,626,1622,41,Cấm dừng và đỗ
899,0,5009,"[788, 111, 29, 31]",2,3219,5009.png,626,1622,39,Cấm dừng và đỗ
64,0,5011,"[728, 238, 8, 8]",2,3221,5011.png,626,1622,42,Cấm dừng và đỗ
11020,0,5012,"[817, 0, 145, 76]",2,3222,5012.png,626,1622,41,Cấm dừng và đỗ
56,0,5015,"[589, 204, 7, 8]",2,3226,5015.png,626,1622,42,Cấm dừng và đỗ
256,0,5016,"[725, 352, 16, 16]",2,3229,5016.png,626,1622,44,Cấm dừng và đỗ
1476,0,5016,"[1291, 308, 41, 36]",2,3230,5016.png,626,1622,44,Cấm dừng và đỗ
289,0,5019,"[817, 420, 17, 17]",2,3232,5019.png,626,1622,41,Cấm dừng và đỗ
9380,0,5021,"[1225, 0, 134, 70]",2,3238,5021.png,626,1622,42,Cấm dừng và đỗ
42,0,5021,"[851, 303, 6, 7]",2,3239,5021.png,626,1622,42,Cấm dừng và đỗ
961,0,5022,"[898, 298, 31, 31]",2,3240,5022.png,626,1622,42,Cấm dừng và đỗ
7644,0,5025,"[1024, 152, 91, 84]",2,3246,5025.png,626,1622,38,Cấm dừng và đỗ
1224,0,5030,"[1198, 137, 36, 34]",2,3252,5030.png,626,1622,44,Cấm dừng và đỗ
624,0,5031,"[516, 133, 26, 24]",2,3255,5031.png,626,1622,40,Cấm dừng và đỗ
1008,0,5031,"[1016, 164, 28, 36]",2,3258,5031.png,626,1622,40,Cấm dừng và đỗ
1560,0,5033,"[845, 324, 39, 40]",2,3260,5033.png,626,1622,44,Cấm dừng và đỗ
1330,0,5034,"[1360, 297, 35, 38]",2,3261,5034.png,626,1622,42,Cấm dừng và đỗ
168,0,5034,"[1039, 326, 12, 14]",2,3263,5034.png,626,1622,42,Cấm dừng và đỗ
2916,0,5037,"[729, 251, 54, 54]",2,3265,5037.png,626,1622,41,Cấm dừng và đỗ
483,0,5042,"[861, 197, 21, 23]",2,3271,5042.png,626,1622,44,Cấm dừng và đỗ
2448,0,5044,"[1216, 194, 51, 48]",2,3275,5044.png,626,1622,41,Cấm dừng và đỗ
667,0,5044,"[719, 189, 23, 29]",2,3276,5044.png,626,1622,41,Cấm dừng và đỗ
4402,0,5046,"[384, 28, 71, 62]",2,3278,5046.png,626,1622,40,Cấm dừng và đỗ
1406,0,5048,"[658, 420, 37, 38]",2,3282,5048.png,626,1622,39,Cấm dừng và đỗ
144,0,5049,"[839, 379, 8, 18]",2,3284,5049.png,626,1622,38,Cấm dừng và đỗ
81,0,5049,"[677, 416, 9, 9]",2,3285,5049.png,626,1622,38,Cấm dừng và đỗ
7474,0,5053,"[894, 268, 74, 101]",2,3289,5053.png,626,1622,40,Cấm dừng và đỗ
1368,0,5058,"[990, 153, 38, 36]",2,3295,5058.png,626,1622,44,Cấm dừng và đỗ
100,0,5063,"[586, 477, 10, 10]",2,3308,5063.png,626,1622,38,Cấm dừng và đỗ
64,0,5064,"[769, 282, 8, 8]",2,3309,5064.png,626,1622,41,Cấm dừng và đỗ
930,0,5067,"[888, 264, 30, 31]",2,3312,5067.png,626,1622,42,Cấm dừng và đỗ
208,0,5068,"[245, 190, 13, 16]",2,3315,5068.png,626,1622,41,Cấm dừng và đỗ
168,0,5068,"[769, 190, 12, 14]",2,3316,5068.png,626,1622,41,Cấm dừng và đỗ
35,0,5070,"[657, 310, 7, 5]",2,3318,5070.png,626,1622,44,Cấm dừng và đỗ
3477,0,5072,"[1008, 251, 57, 61]",2,3320,5072.png,626,1622,41,Cấm dừng và đỗ
2548,0,5074,"[1081, 233, 49, 52]",2,3321,5074.png,626,1622,44,Cấm dừng và đỗ
2793,0,5075,"[948, 68, 49, 57]",2,3322,5075.png,626,1622,44,Cấm dừng và đỗ
16,0,5076,"[781, 180, 4, 4]",2,3325,5076.png,626,1622,44,Cấm dừng và đỗ
120,0,5077,"[974, 274, 8, 15]",2,3328,5077.png,626,1622,44,Cấm dừng và đỗ
6880,0,5078,"[1421, 117, 80, 86]",2,3329,5078.png,626,1622,44,Cấm dừng và đỗ
121,0,5080,"[700, 414, 11, 11]",2,3331,5080.png,626,1622,38,Cấm dừng và đỗ
121,0,5081,"[622, 219, 11, 11]",2,3334,5081.png,626,1622,44,Cấm dừng và đỗ
42,0,5082,"[763, 253, 7, 6]",2,3336,5082.png,626,1622,38,Cấm dừng và đỗ
484,0,5085,"[817, 340, 22, 22]",2,3337,5085.png,626,1622,41,Cấm dừng và đỗ
2016,0,5085,"[1098, 299, 36, 56]",2,3338,5085.png,626,1622,41,Cấm dừng và đỗ
308,0,5085,"[475, 275, 11, 28]",2,3339,5085.png,626,1622,41,Cấm dừng và đỗ
121,0,5087,"[979, 136, 11, 11]",2,3342,5087.png,626,1622,42,Cấm dừng và đỗ
3657,0,5088,"[1352, 402, 69, 53]",2,3344,5088.png,626,1622,38,Cấm dừng và đỗ
112,0,5094,"[824, 240, 8, 14]",2,3351,5094.png,626,1622,42,Cấm dừng và đỗ
49,0,5096,"[949, 370, 7, 7]",2,3352,5096.png,626,1622,42,Cấm dừng và đỗ
900,0,5099,"[1035, 299, 30, 30]",2,3355,5099.png,626,1622,41,Cấm dừng và đỗ
1517,0,5105,"[817, 397, 37, 41]",2,3358,5105.png,626,1622,39,Cấm dừng và đỗ
132,0,5106,"[789, 176, 11, 12]",2,3360,5106.png,626,1622,44,Cấm dừng và đỗ
930,0,5107,"[871, 229, 31, 30]",2,3363,5107.png,626,1622,40,Cấm dừng và đỗ
2112,0,5110,"[1052, 168, 48, 44]",2,3367,5110.png,626,1622,44,Cấm dừng và đỗ
132,0,5111,"[625, 252, 12, 11]",2,3370,5111.png,626,1622,40,Cấm dừng và đỗ
1470,0,5112,"[774, 150, 35, 42]",2,3371,5112.png,626,1622,44,Cấm dừng và đỗ
2964,0,5113,"[1249, 255, 57, 52]",2,3372,5113.png,626,1622,42,Cấm dừng và đỗ
8925,0,5114,"[1260, 171, 105, 85]",2,3377,5114.png,626,1622,40,Cấm dừng và đỗ
5624,0,5115,"[893, 87, 74, 76]",2,3379,5115.png,626,1622,41,Cấm dừng và đỗ
143,0,5117,"[643, 76, 11, 13]",2,3383,5117.png,626,1622,41,Cấm dừng và đỗ
812,0,5118,"[748, 283, 29, 28]",2,3384,5118.png,626,1622,44,Cấm dừng và đỗ
1054,0,5120,"[1108, 331, 34, 31]",2,3385,5120.png,626,1622,42,Cấm dừng và đỗ
506,0,5122,"[786, 167, 23, 22]",2,3387,5122.png,626,1622,42,Cấm dừng và đỗ
272,0,5126,"[617, 184, 17, 16]",2,3390,5126.png,626,1622,42,Cấm dừng và đỗ
8550,0,5127,"[577, 2, 90, 95]",2,3393,5127.png,626,1622,38,Cấm dừng và đỗ
2520,0,5128,"[1421, 129, 42, 60]",2,3395,5128.png,626,1622,44,Cấm dừng và đỗ
812,0,5135,"[821, 164, 28, 29]",2,3403,5135.png,626,1622,42,Cấm dừng và đỗ
7812,0,5139,"[1445, 169, 93, 84]",2,3408,5139.png,626,1622,44,Cấm dừng và đỗ
460,0,5142,"[971, 282, 23, 20]",2,3410,5142.png,626,1622,42,Cấm dừng và đỗ
100,0,5143,"[671, 521, 10, 10]",2,3411,5143.png,626,1622,39,Cấm dừng và đỗ
143,0,5146,"[589, 193, 11, 13]",2,3416,5146.png,626,1622,44,Cấm dừng và đỗ
6992,0,5147,"[1124, 221, 76, 92]",2,3417,5147.png,626,1622,38,Cấm dừng và đỗ
90,0,5148,"[787, 275, 9, 10]",2,3418,5148.png,626,1622,41,Cấm dừng và đỗ
506,0,5150,"[883, 195, 22, 23]",2,3419,5150.png,626,1622,44,Cấm dừng và đỗ
130,0,5154,"[507, 233, 10, 13]",2,3421,5154.png,626,1622,41,Cấm dừng và đỗ
36,0,5159,"[934, 369, 6, 6]",2,3423,5159.png,626,1622,42,Cấm dừng và đỗ
1978,0,5160,"[1154, 246, 46, 43]",2,3424,5160.png,626,1622,42,Cấm dừng và đỗ
408,0,5160,"[504, 302, 17, 24]",2,3425,5160.png,626,1622,42,Cấm dừng và đỗ
784,0,5161,"[885, 226, 28, 28]",2,3426,5161.png,626,1622,42,Cấm dừng và đỗ
49,0,5163,"[655, 404, 7, 7]",2,3432,5163.png,626,1622,38,Cấm dừng và đỗ
56,0,5164,"[797, 269, 8, 7]",2,3433,5164.png,626,1622,41,Cấm dừng và đỗ
1824,0,5166,"[1079, 198, 38, 48]",2,3434,5166.png,626,1622,42,Cấm dừng và đỗ
25,0,5168,"[736, 395, 5, 5]",2,3437,5168.png,626,1622,39,Cấm dừng và đỗ
14508,0,5169,"[1216, 0, 117, 124]",2,3438,5169.png,626,1622,41,Cấm dừng và đỗ
7392,0,5170,"[1158, 47, 77, 96]",2,3440,5170.png,626,1622,41,Cấm dừng và đỗ
360,0,5171,"[851, 518, 18, 20]",2,3444,5171.png,626,1622,44,Cấm dừng và đỗ
1365,0,5171,"[1277, 477, 35, 39]",2,3445,5171.png,626,1622,44,Cấm dừng và đỗ
3577,0,5172,"[1212, 216, 49, 73]",2,3446,5172.png,626,1622,42,Cấm dừng và đỗ
625,0,5173,"[817, 383, 25, 25]",2,3447,5173.png,626,1622,39,Cấm dừng và đỗ
240,0,5176,"[615, 467, 16, 15]",2,3448,5176.png,626,1622,38,Cấm dừng và đỗ
276,0,5176,"[285, 428, 12, 23]",2,3450,5176.png,626,1622,38,Cấm dừng và đỗ
435,0,5176,"[848, 425, 15, 29]",2,3451,5176.png,626,1622,38,Cấm dừng và đỗ
81,0,5177,"[899, 321, 9, 9]",2,3453,5177.png,626,1622,38,Cấm dừng và đỗ
361,0,5178,"[792, 318, 19, 19]",2,3455,5178.png,626,1622,41,Cấm dừng và đỗ
1280,0,5179,"[465, 160, 40, 32]",2,3457,5179.png,626,1622,40,Cấm dừng và đỗ
3080,0,5180,"[1122, 184, 56, 55]",2,3460,5180.png,626,1622,41,Cấm dừng và đỗ
3080,0,5182,"[969, 327, 56, 55]",2,3461,5182.png,626,1622,41,Cấm dừng và đỗ
7392,0,5183,"[870, 292, 88, 84]",2,3462,5183.png,626,1622,44,Cấm dừng và đỗ
384,0,5185,"[823, 301, 16, 24]",2,3463,5185.png,626,1622,42,Cấm dừng và đỗ
2754,0,5189,"[664, 233, 51, 54]",2,3472,5189.png,626,1622,40,Cấm dừng và đỗ
400,0,5190,"[756, 267, 20, 20]",2,3475,5190.png,626,1622,41,Cấm dừng và đỗ
930,0,5195,"[957, 271, 31, 30]",2,3477,5195.png,626,1622,44,Cấm dừng và đỗ
500,0,5199,"[411, 392, 20, 25]",2,3481,5199.png,626,1622,41,Cấm dừng và đỗ
529,0,5199,"[975, 398, 23, 23]",2,3482,5199.png,626,1622,41,Cấm dừng và đỗ
2350,0,5200,"[1007, 248, 47, 50]",2,3484,5200.png,626,1622,42,Cấm dừng và đỗ
812,0,5202,"[869, 342, 28, 29]",2,3485,5202.png,626,1622,42,Cấm dừng và đỗ
1088,0,5204,"[892, 124, 32, 34]",2,3486,5204.png,626,1622,42,Cấm dừng và đỗ
16008,0,5206,"[1456, 239, 138, 116]",2,3492,5206.png,626,1622,41,Cấm dừng và đỗ
812,0,5207,"[767, 302, 28, 29]",2,3493,5207.png,626,1622,41,Cấm dừng và đỗ
529,0,5210,"[988, 198, 23, 23]",2,3494,5210.png,626,1622,44,Cấm dừng và đỗ
2703,0,5211,"[1330, 145, 53, 51]",2,3495,5211.png,626,1622,42,Cấm dừng và đỗ
918,0,5215,"[73, 413, 34, 27]",2,3497,5215.png,626,1622,38,Cấm dừng và đỗ
384,0,5215,"[815, 403, 12, 32]",2,3498,5215.png,626,1622,38,Cấm dừng và đỗ
289,0,5215,"[603, 444, 17, 17]",2,3501,5215.png,626,1622,38,Cấm dừng và đỗ
900,0,5216,"[656, 355, 30, 30]",2,3502,5216.png,626,1622,39,Cấm dừng và đỗ
13000,0,5216,"[1517, 253, 104, 125]",2,3503,5216.png,626,1622,39,Cấm dừng và đỗ
1330,0,5217,"[1287, 501, 35, 38]",2,3506,5217.png,626,1622,44,Cấm dừng và đỗ
90,0,5219,"[1024, 301, 10, 9]",2,3507,5219.png,626,1622,41,Cấm dừng và đỗ
3900,0,5221,"[1158, 47, 65, 60]",2,3510,5221.png,626,1622,42,Cấm dừng và đỗ
462,0,5222,"[821, 222, 21, 22]",2,3511,5222.png,626,1622,41,Cấm dừng và đỗ
1190,0,5222,"[1278, 192, 34, 35]",2,3512,5222.png,626,1622,41,Cấm dừng và đỗ
9506,0,5224,"[1135, 250, 98, 97]",2,3513,5224.png,626,1622,42,Cấm dừng và đỗ
380,0,5225,"[785, 397, 19, 20]",2,3514,5225.png,626,1622,38,Cấm dừng và đỗ
1360,0,5226,"[1090, 250, 34, 40]",2,3516,5226.png,626,1622,39,Cấm dừng và đỗ
255,0,5227,"[510, 541, 17, 15]",2,3518,5227.png,626,1622,39,Cấm dừng và đỗ
196,0,5228,"[796, 510, 14, 14]",2,3519,5228.png,626,1622,39,Cấm dừng và đỗ
170,0,5228,"[377, 478, 10, 17]",2,3521,5228.png,626,1622,39,Cấm dừng và đỗ
484,0,5230,"[856, 318, 22, 22]",2,3523,5230.png,626,1622,42,Cấm dừng và đỗ
529,0,5234,"[796, 293, 23, 23]",2,3524,5234.png,626,1622,41,Cấm dừng và đỗ
1369,0,5242,"[900, 411, 37, 37]",2,3528,5242.png,626,1622,41,Cấm dừng và đỗ
3408,0,5243,"[1006, 168, 48, 71]",2,3529,5243.png,626,1622,42,Cấm dừng và đỗ
5928,0,5245,"[1355, 278, 78, 76]",2,3530,5245.png,626,1622,41,Cấm dừng và đỗ
504,0,5249,"[1072, 326, 21, 24]",2,3534,5249.png,626,1622,42,Cấm dừng và đỗ
182,0,5249,"[762, 299, 13, 14]",2,3535,5249.png,626,1622,42,Cấm dừng và đỗ
900,0,5251,"[991, 249, 30, 30]",2,3538,5251.png,626,1622,41,Cấm dừng và đỗ
2116,0,5252,"[896, 187, 46, 46]",2,3539,5252.png,626,1622,44,Cấm dừng và đỗ
42,0,5255,"[852, 329, 7, 6]",2,3541,5255.png,626,1622,41,Cấm dừng và đỗ
4352,0,5257,"[1052, 274, 68, 64]",2,3544,5257.png,626,1622,41,Cấm dừng và đỗ
575,0,5258,"[1093, 299, 25, 23]",2,3546,5258.png,626,1622,41,Cấm dừng và đỗ
676,0,5259,"[753, 142, 26, 26]",2,3547,5259.png,626,1622,39,Cấm dừng và đỗ
9900,0,5259,"[1377, 122, 90, 110]",2,3548,5259.png,626,1622,39,Cấm dừng và đỗ
800,0,5259,"[219, 128, 25, 32]",2,3552,5259.png,626,1622,39,Cấm dừng và đỗ
1806,0,5261,"[838, 263, 42, 43]",2,3553,5261.png,626,1622,40,Cấm dừng và đỗ
2352,0,5262,"[606, 204, 48, 49]",2,3554,5262.png,626,1622,44,Cấm dừng và đỗ
1480,0,5264,"[921, 239, 37, 40]",2,3558,5264.png,626,1622,41,Cấm dừng và đỗ
81,0,5265,"[776, 274, 9, 9]",2,3559,5265.png,626,1622,41,Cấm dừng và đỗ
1800,0,5267,"[1359, 185, 40, 45]",2,3560,5267.png,626,1622,41,Cấm dừng và đỗ
306,0,5267,"[946, 215, 17, 18]",2,3561,5267.png,626,1622,41,Cấm dừng và đỗ
1122,0,5269,"[957, 301, 34, 33]",2,3562,5269.png,626,1622,38,Cấm dừng và đỗ
240,0,5272,"[747, 276, 15, 16]",2,3567,5272.png,626,1622,41,Cấm dừng và đỗ
4080,0,5274,"[1418, 373, 60, 68]",2,3572,5274.png,626,1622,41,Cấm dừng và đỗ
4970,0,5275,"[1156, 130, 70, 71]",2,3573,5275.png,626,1622,41,Cấm dừng và đỗ
121,0,5278,"[722, 412, 11, 11]",2,3575,5278.png,626,1622,41,Cấm dừng và đỗ
100,0,5279,"[736, 277, 10, 10]",2,3577,5279.png,626,1622,41,Cấm dừng và đỗ
957,0,5281,"[978, 210, 33, 29]",2,3578,5281.png,626,1622,41,Cấm dừng và đỗ
1520,0,5285,"[1058, 188, 40, 38]",2,3585,5285.png,626,1622,42,Cấm dừng và đỗ
756,0,5285,"[92, 243, 28, 27]",2,3586,5285.png,626,1622,42,Cấm dừng và đỗ
324,0,5287,"[872, 316, 18, 18]",2,3589,5287.png,626,1622,41,Cấm dừng và đỗ
3534,0,5289,"[1086, 198, 62, 57]",2,3594,5289.png,626,1622,41,Cấm dừng và đỗ
42,0,5291,"[654, 260, 7, 6]",2,3596,5291.png,626,1622,42,Cấm dừng và đỗ
5676,0,5292,"[1339, 172, 66, 86]",2,3598,5292.png,626,1622,41,Cấm dừng và đỗ
72,0,5293,"[458, 419, 6, 12]",2,3600,5293.png,626,1622,38,Cấm dừng và đỗ
143,0,5293,"[717, 415, 11, 13]",2,3601,5293.png,626,1622,38,Cấm dừng và đỗ
13635,0,5294,"[1412, 81, 135, 101]",2,3604,5294.png,626,1622,41,Cấm dừng và đỗ
676,0,5294,"[753, 313, 26, 26]",2,3605,5294.png,626,1622,41,Cấm dừng và đỗ
56,0,5295,"[801, 372, 8, 7]",2,3609,5295.png,626,1622,42,Cấm dừng và đỗ
1020,0,5298,"[1048, 202, 34, 30]",2,3610,5298.png,626,1622,42,Cấm dừng và đỗ
156,0,5299,"[592, 473, 12, 13]",2,3611,5299.png,626,1622,38,Cấm dừng và đỗ
1330,0,5303,"[1286, 347, 38, 35]",2,3616,5303.png,626,1622,39,Cấm dừng và đỗ
256,0,5303,"[718, 396, 16, 16]",2,3617,5303.png,626,1622,39,Cấm dừng và đỗ
552,0,5304,"[818, 294, 24, 23]",2,3620,5304.png,626,1622,41,Cấm dừng và đỗ
378,0,5305,"[974, 257, 21, 18]",2,3622,5305.png,626,1622,42,Cấm dừng và đỗ
13284,0,5307,"[1513, 125, 108, 123]",2,3626,5307.png,626,1622,41,Cấm dừng và đỗ
1190,0,5310,"[985, 405, 35, 34]",2,3629,5310.png,626,1622,41,Cấm dừng và đỗ
2924,0,5310,"[1147, 311, 43, 68]",2,3630,5310.png,626,1622,41,Cấm dừng và đỗ
4032,0,5312,"[857, 346, 64, 63]",2,3631,5312.png,626,1622,41,Cấm dừng và đỗ
3658,0,5313,"[1316, 134, 62, 59]",2,3632,5313.png,626,1622,41,Cấm dừng và đỗ
420,0,5315,"[751, 331, 20, 21]",2,3633,5315.png,626,1622,42,Cấm dừng và đỗ
1089,0,5315,"[160, 265, 33, 33]",2,3634,5315.png,626,1622,42,Cấm dừng và đỗ
12426,0,5317,"[1313, 139, 114, 109]",2,3636,5317.png,626,1622,41,Cấm dừng và đỗ
783,0,5323,"[841, 287, 27, 29]",2,3641,5323.png,626,1622,41,Cấm dừng và đỗ
5328,0,5327,"[1030, 112, 72, 74]",2,3647,5327.png,626,1622,44,Cấm dừng và đỗ
8428,0,5328,"[1528, 164, 86, 98]",2,3648,5328.png,626,1622,41,Cấm dừng và đỗ
1088,0,5329,"[447, 410, 34, 32]",2,3651,5329.png,626,1622,38,Cấm dừng và đỗ
1548,0,5332,"[1489, 188, 43, 36]",2,3654,5332.png,626,1622,44,Cấm dừng và đỗ
35,0,5332,"[1299, 264, 7, 5]",2,3657,5332.png,626,1622,44,Cấm dừng và đỗ
144,0,5332,"[824, 249, 12, 12]",2,3658,5332.png,626,1622,44,Cấm dừng và đỗ
4020,0,5334,"[1263, 142, 60, 67]",2,3659,5334.png,626,1622,44,Cấm dừng và đỗ
725,0,5337,"[657, 415, 25, 29]",2,3660,5337.png,626,1622,38,Cấm dừng và đỗ
4340,0,5341,"[824, 81, 62, 70]",2,3664,5341.png,626,1622,44,Cấm dừng và đỗ
110,0,5348,"[759, 544, 10, 11]",2,3668,5348.png,626,1622,44,Cấm dừng và đỗ
72,0,5349,"[678, 269, 8, 9]",2,3672,5349.png,626,1622,41,Cấm dừng và đỗ
756,0,5350,"[827, 381, 28, 27]",2,3675,5350.png,626,1622,38,Cấm dừng và đỗ
837,0,5350,"[194, 379, 27, 31]",2,3676,5350.png,626,1622,38,Cấm dừng và đỗ
399,0,5358,"[847, 303, 19, 21]",2,3682,5358.png,626,1622,41,Cấm dừng và đỗ
1443,0,5359,"[949, 358, 37, 39]",2,3683,5359.png,626,1622,39,Cấm dừng và đỗ
1122,0,5359,"[163, 342, 34, 33]",2,3684,5359.png,626,1622,39,Cấm dừng và đỗ
2058,0,5366,"[771, 395, 42, 49]",2,3692,5366.png,626,1622,38,Cấm dừng và đỗ
143,0,5368,"[839, 173, 11, 13]",2,3696,5368.png,626,1622,42,Cấm dừng và đỗ
36,0,5369,"[811, 372, 6, 6]",2,3698,5369.png,626,1622,42,Cấm dừng và đỗ
1085,0,5371,"[954, 222, 31, 35]",2,3700,5371.png,626,1622,42,Cấm dừng và đỗ
550,0,5372,"[879, 306, 22, 25]",2,3701,5372.png,626,1622,38,Cấm dừng và đỗ
1404,0,5373,"[1197, 243, 39, 36]",2,3705,5373.png,626,1622,41,Cấm dừng và đỗ
702,0,5373,"[473, 243, 27, 26]",2,3706,5373.png,626,1622,41,Cấm dừng và đỗ
506,0,5375,"[736, 113, 22, 23]",2,3708,5375.png,626,1622,42,Cấm dừng và đỗ
1444,0,5381,"[74, 141, 38, 38]",2,3712,5381.png,626,1622,41,Cấm dừng và đỗ
1088,0,5381,"[818, 133, 32, 34]",2,3715,5381.png,626,1622,41,Cấm dừng và đỗ
11336,0,5382,"[1426, 0, 109, 104]",2,3718,5382.png,626,1622,41,Cấm dừng và đỗ
360,0,5383,"[696, 448, 20, 18]",2,3720,5383.png,626,1622,39,Cấm dừng và đỗ
10272,0,5384,"[1159, 190, 96, 107]",2,3721,5384.png,626,1622,41,Cấm dừng và đỗ
1517,0,5385,"[79, 205, 41, 37]",2,3722,5385.png,626,1622,41,Cấm dừng và đỗ
420,0,5385,"[843, 264, 20, 21]",2,3724,5385.png,626,1622,41,Cấm dừng và đỗ
4662,0,5387,"[1123, 179, 74, 63]",2,3725,5387.png,626,1622,42,Cấm dừng và đỗ
960,0,5389,"[902, 333, 32, 30]",2,3726,5389.png,626,1622,41,Cấm dừng và đỗ
506,0,5392,"[962, 341, 22, 23]",2,3727,5392.png,626,1622,42,Cấm dừng và đỗ
289,0,5395,"[1034, 340, 17, 17]",2,3729,5395.png,626,1622,44,Cấm dừng và đỗ
3540,0,5396,"[840, 355, 60, 59]",2,3731,5396.png,626,1622,39,Cấm dừng và đỗ
400,0,5407,"[810, 305, 20, 20]",2,3743,5407.png,626,1622,42,Cấm dừng và đỗ
4248,0,5410,"[1084, 124, 59, 72]",2,3746,5410.png,626,1622,41,Cấm dừng và đỗ
702,0,5413,"[655, 444, 26, 27]",2,3748,5413.png,626,1622,38,Cấm dừng và đỗ
110,0,5415,"[1085, 151, 11, 10]",2,3752,5415.png,626,1622,44,Cấm dừng và đỗ
816,0,5415,"[1572, 86, 24, 34]",2,3756,5415.png,626,1622,44,Cấm dừng và đỗ
240,0,5418,"[770, 174, 15, 16]",2,3757,5418.png,626,1622,41,Cấm dừng và đỗ
90,0,5419,"[750, 407, 9, 10]",2,3758,5419.png,626,1622,39,Cấm dừng và đỗ
30,0,5422,"[871, 372, 6, 5]",2,3762,5422.png,626,1622,42,Cấm dừng và đỗ
3422,0,5423,"[1222, 209, 59, 58]",2,3763,5423.png,626,1622,41,Cấm dừng và đỗ
960,0,5425,"[1064, 227, 32, 30]",2,3768,5425.png,626,1622,44,Cấm dừng và đỗ
6080,0,5426,"[1217, 122, 80, 76]",2,3769,5426.png,626,1622,44,Cấm dừng và đỗ
357,0,5432,"[334, 351, 17, 21]",2,3774,5432.png,626,1622,38,Cấm dừng và đỗ
240,0,5432,"[741, 351, 15, 16]",2,3776,5432.png,626,1622,38,Cấm dừng và đỗ
448,0,5432,"[1008, 311, 16, 28]",2,3778,5432.png,626,1622,38,Cấm dừng và đỗ
1978,0,5433,"[853, 134, 43, 46]",2,3779,5433.png,626,1622,39,Cấm dừng và đỗ
1763,0,5434,"[1109, 174, 43, 41]",2,3780,5434.png,626,1622,42,Cấm dừng và đỗ
2142,0,5435,"[865, 1, 51, 42]",2,3782,5435.png,626,1622,41,Cấm dừng và đỗ
306,0,5437,"[370, 214, 17, 18]",2,3783,5437.png,626,1622,41,Cấm dừng và đỗ
1088,0,5437,"[1454, 252, 34, 32]",2,3784,5437.png,626,1622,41,Cấm dừng và đỗ
650,0,5442,"[942, 287, 25, 26]",2,3787,5442.png,626,1622,44,Cấm dừng và đỗ
169,0,5443,"[753, 311, 13, 13]",2,3788,5443.png,626,1622,41,Cấm dừng và đỗ
8560,0,5445,"[1235, 4, 80, 107]",2,3790,5445.png,626,1622,39,Cấm dừng và đỗ
1056,0,5446,"[566, 272, 33, 32]",2,3791,5446.png,626,1622,41,Cấm dừng và đỗ
6972,0,5447,"[1138, 345, 83, 84]",2,3792,5447.png,626,1622,41,Cấm dừng và đỗ
5092,0,5451,"[1309, 206, 76, 67]",2,3799,5451.png,626,1622,44,Cấm dừng và đỗ
361,0,5451,"[721, 277, 19, 19]",2,3800,5451.png,626,1622,44,Cấm dừng và đỗ
486,0,5451,"[316, 253, 18, 27]",2,3801,5451.png,626,1622,44,Cấm dừng và đỗ
2592,0,5454,"[1251, 258, 54, 48]",2,3803,5454.png,626,1622,42,Cấm dừng và đỗ
3358,0,5459,"[1575, 37, 46, 73]",2,3814,5459.png,626,1622,44,Cấm dừng và đỗ
121,0,5461,"[969, 381, 11, 11]",2,3817,5461.png,626,1622,41,Cấm dừng và đỗ
1260,0,5462,"[997, 198, 36, 35]",2,3818,5462.png,626,1622,44,Cấm dừng và đỗ
728,0,5465,"[833, 508, 26, 28]",2,3820,5465.png,626,1622,38,Cấm dừng và đỗ
169,0,5473,"[850, 319, 13, 13]",2,3825,5473.png,626,1622,41,Cấm dừng và đỗ
1190,0,5477,"[1007, 229, 34, 35]",2,3829,5477.png,626,1622,41,Cấm dừng và đỗ
56,0,5481,"[874, 210, 7, 8]",2,3834,5481.png,626,1622,44,Cấm dừng và đỗ
180,0,5481,"[1195, 201, 12, 15]",2,3836,5481.png,626,1622,44,Cấm dừng và đỗ
308,0,5482,"[964, 357, 11, 28]",2,3837,5482.png,626,1622,41,Cấm dừng và đỗ
306,0,5482,"[817, 373, 17, 18]",2,3838,5482.png,626,1622,41,Cấm dừng và đỗ
7238,0,5488,"[1471, 109, 77, 94]",2,3843,5488.png,626,1622,41,Cấm dừng và đỗ
348,0,5489,"[954, 134, 12, 29]",2,3844,5489.png,626,1622,39,Cấm dừng và đỗ
196,0,5489,"[731, 147, 14, 14]",2,3845,5489.png,626,1622,39,Cấm dừng và đỗ
171,0,5489,"[307, 189, 9, 19]",2,3846,5489.png,626,1622,39,Cấm dừng và đỗ
90,0,5491,"[798, 210, 10, 9]",2,3849,5491.png,626,1622,44,Cấm dừng và đỗ
9434,0,5494,"[1400, 0, 89, 106]",2,3852,5494.png,626,1622,41,Cấm dừng và đỗ
13542,0,5497,"[1082, 5, 111, 122]",2,3855,5497.png,626,1622,41,Cấm dừng và đỗ
256,0,5500,"[623, 443, 16, 16]",2,3861,5500.png,626,1622,38,Cấm dừng và đỗ
325,0,5500,"[205, 378, 13, 25]",2,3862,5500.png,626,1622,38,Cấm dừng và đỗ
221,0,5502,"[265, 349, 13, 17]",2,3866,5502.png,626,1622,41,Cấm dừng và đỗ
4278,0,5504,"[1199, 0, 69, 62]",2,3868,5504.png,626,1622,44,Cấm dừng và đỗ
10000,0,5505,"[1088, 5, 100, 100]",2,3869,5505.png,626,1622,41,Cấm dừng và đỗ
800,0,5507,"[1113, 368, 25, 32]",2,3874,5507.png,626,1622,41,Cấm dừng và đỗ
696,0,5508,"[896, 222, 29, 24]",2,3876,5508.png,626,1622,41,Cấm dừng và đỗ
598,0,5510,"[801, 384, 23, 26]",2,3877,5510.png,626,1622,39,Cấm dừng và đỗ
24436,0,5512,"[1247, 67, 164, 149]",2,3879,5512.png,626,1622,42,Cấm dừng và đỗ
840,0,5513,"[808, 402, 28, 30]",2,3880,5513.png,626,1622,39,Cấm dừng và đỗ
1023,0,5514,"[941, 238, 31, 33]",2,3881,5514.png,626,1622,41,Cấm dừng và đỗ
420,0,5515,"[779, 303, 20, 21]",2,3882,5515.png,626,1622,41,Cấm dừng và đỗ
14964,0,5517,"[841, 214, 116, 129]",2,3883,5517.png,626,1622,41,Cấm dừng và đỗ
81,0,5518,"[796, 279, 9, 9]",2,3885,5518.png,626,1622,41,Cấm dừng và đỗ
1800,0,5521,"[274, 71, 45, 40]",2,3890,5521.png,626,1622,41,Cấm dừng và đỗ
100,0,5522,"[693, 302, 10, 10]",2,3891,5522.png,626,1622,44,Cấm dừng và đỗ
198,0,5522,"[310, 265, 11, 18]",2,3893,5522.png,626,1622,44,Cấm dừng và đỗ
644,0,5523,"[844, 137, 23, 28]",2,3894,5523.png,626,1622,44,Cấm dừng và đỗ
36,0,5525,"[597, 196, 6, 6]",2,3900,5525.png,626,1622,42,Cấm dừng và đỗ
81,0,5526,"[693, 401, 9, 9]",2,3902,5526.png,626,1622,39,Cấm dừng và đỗ
1155,0,5531,"[953, 248, 33, 35]",2,3904,5531.png,626,1622,41,Cấm dừng và đỗ
81,0,5532,"[740, 399, 9, 9]",2,3906,5532.png,626,1622,39,Cấm dừng và đỗ
462,0,5533,"[823, 261, 22, 21]",2,3907,5533.png,626,1622,42,Cấm dừng và đỗ
195,0,5535,"[1009, 382, 15, 13]",2,3910,5535.png,626,1622,41,Cấm dừng và đỗ
36,0,5540,"[829, 475, 6, 6]",2,3917,5540.png,626,1622,38,Cấm dừng và đỗ
72,0,5542,"[666, 312, 8, 9]",2,3921,5542.png,626,1622,41,Cấm dừng và đỗ
1833,0,5544,"[1166, 269, 47, 39]",2,3922,5544.png,626,1622,38,Cấm dừng và đỗ
9785,0,5546,"[1460, 58, 95, 103]",2,3924,5546.png,626,1622,41,Cấm dừng và đỗ
342,0,5548,"[1037, 175, 19, 18]",2,3925,5548.png,626,1622,44,Cấm dừng và đỗ
5904,0,5549,"[910, 74, 72, 82]",2,3926,5549.png,626,1622,42,Cấm dừng và đỗ
144,0,5553,"[879, 221, 12, 12]",2,3929,5553.png,626,1622,44,Cấm dừng và đỗ
81,0,5554,"[739, 348, 9, 9]",2,3930,5554.png,626,1622,42,Cấm dừng và đỗ
324,0,5555,"[682, 391, 18, 18]",2,3931,5555.png,626,1622,38,Cấm dừng và đỗ
928,0,5555,"[48, 402, 29, 32]",2,3932,5555.png,626,1622,38,Cấm dừng và đỗ
1122,0,5559,"[1034, 171, 33, 34]",2,3936,5559.png,626,1622,42,Cấm dừng và đỗ
240,0,5561,"[941, 303, 16, 15]",2,3941,5561.png,626,1622,38,Cấm dừng và đỗ
1935,0,5561,"[187, 168, 43, 45]",2,3943,5561.png,626,1622,38,Cấm dừng và đỗ
270,0,5563,"[753, 301, 15, 18]",2,3945,5563.png,626,1622,41,Cấm dừng và đỗ
72,0,5563,"[601, 316, 9, 8]",2,3948,5563.png,626,1622,41,Cấm dừng và đỗ
300,0,5564,"[298, 367, 15, 20]",2,3950,5564.png,626,1622,39,Cấm dừng và đỗ
256,0,5564,"[700, 393, 16, 16]",2,3951,5564.png,626,1622,39,Cấm dừng và đỗ
7544,0,5565,"[994, 47, 82, 92]",2,3952,5565.png,626,1622,41,Cấm dừng và đỗ
1560,0,5566,"[1019, 307, 39, 40]",2,3953,5566.png,626,1622,44,Cấm dừng và đỗ
143,0,5567,"[626, 312, 11, 13]",2,3954,5567.png,626,1622,44,Cấm dừng và đỗ
225,0,5567,"[932, 331, 15, 15]",2,3956,5567.png,626,1622,44,Cấm dừng và đỗ
121,0,5569,"[888, 371, 11, 11]",2,3959,5569.png,626,1622,44,Cấm dừng và đỗ
25,0,5572,"[734, 301, 5, 5]",2,3961,5572.png,626,1622,41,Cấm dừng và đỗ
16,0,5572,"[602, 292, 4, 4]",2,3962,5572.png,626,1622,41,Cấm dừng và đỗ
441,0,5574,"[846, 244, 21, 21]",2,3963,5574.png,626,1622,41,Cấm dừng và đỗ
399,0,5575,"[253, 226, 21, 19]",2,3964,5575.png,626,1622,44,Cấm dừng và đỗ
48,0,5575,"[815, 250, 6, 8]",2,3965,5575.png,626,1622,44,Cấm dừng và đỗ
121,0,5575,"[959, 253, 11, 11]",2,3966,5575.png,626,1622,44,Cấm dừng và đỗ
650,0,5576,"[1029, 513, 25, 26]",2,3967,5576.png,626,1622,44,Cấm dừng và đỗ
1258,0,5577,"[1049, 264, 34, 37]",2,3971,5577.png,626,1622,41,Cấm dừng và đỗ
42,0,5578,"[658, 301, 7, 6]",2,3972,5578.png,626,1622,44,Cấm dừng và đỗ
2491,0,5582,"[837, 130, 47, 53]",2,3977,5582.png,626,1622,42,Cấm dừng và đỗ
6030,0,5588,"[1531, 231, 90, 67]",2,3980,5588.png,626,1622,41,Cấm dừng và đỗ
380,0,5588,"[889, 381, 19, 20]",2,3981,5588.png,626,1622,41,Cấm dừng và đỗ
418,0,5588,"[198, 365, 19, 22]",2,3983,5588.png,626,1622,41,Cấm dừng và đỗ
323,0,5589,"[659, 457, 17, 19]",2,3984,5589.png,626,1622,38,Cấm dừng và đỗ
2704,0,5589,"[1184, 354, 52, 52]",2,3986,5589.png,626,1622,38,Cấm dừng và đỗ
936,0,5589,"[134, 396, 26, 36]",2,3987,5589.png,626,1622,38,Cấm dừng và đỗ
2444,0,5590,"[1203, 130, 52, 47]",2,3989,5590.png,626,1622,42,Cấm dừng và đỗ
1444,0,5591,"[826, 184, 38, 38]",2,3990,5591.png,626,1622,41,Cấm dừng và đỗ
6160,0,5594,"[604, 138, 80, 77]",2,3992,5594.png,626,1622,39,Cấm dừng và đỗ
5589,0,5596,"[1332, 129, 81, 69]",2,3995,5596.png,626,1622,39,Cấm dừng và đỗ
288,0,5596,"[641, 270, 18, 16]",2,3996,5596.png,626,1622,39,Cấm dừng và đỗ
225,0,5598,"[907, 393, 15, 15]",2,3999,5598.png,626,1622,41,Cấm dừng và đỗ
25,0,5602,"[765, 380, 5, 5]",2,4005,5602.png,626,1622,42,Cấm dừng và đỗ
288,0,5603,"[785, 249, 16, 18]",2,4007,5603.png,626,1622,38,Cấm dừng và đỗ
546,0,5603,"[145, 225, 26, 21]",2,4010,5603.png,626,1622,38,Cấm dừng và đỗ
1480,0,5604,"[1008, 295, 40, 37]",2,4011,5604.png,626,1622,41,Cấm dừng và đỗ
49,0,5605,"[897, 254, 7, 7]",2,4013,5605.png,626,1622,44,Cấm dừng và đỗ
90,0,5607,"[748, 381, 9, 10]",2,4016,5607.png,626,1622,41,Cấm dừng và đỗ
110,0,5609,"[882, 318, 11, 10]",2,4018,5609.png,626,1622,38,Cấm dừng và đỗ
990,0,5611,"[872, 293, 30, 33]",2,4022,5611.png,626,1622,41,Cấm dừng và đỗ
121,0,5612,"[1020, 318, 11, 11]",2,4025,5612.png,626,1622,41,Cấm dừng và đỗ
132,0,5616,"[912, 289, 12, 11]",2,4029,5616.png,626,1622,42,Cấm dừng và đỗ
48,0,5619,"[625, 256, 8, 6]",2,4039,5619.png,626,1622,40,Cấm dừng và đỗ
462,0,5620,"[972, 226, 22, 21]",2,4042,5620.png,626,1622,44,Cấm dừng và đỗ
304,0,5620,"[411, 234, 16, 19]",2,4043,5620.png,626,1622,44,Cấm dừng và đỗ
180,0,5623,"[932, 247, 12, 15]",2,4045,5623.png,626,1622,41,Cấm dừng và đỗ
1980,0,5626,"[813, 299, 45, 44]",2,4049,5626.png,626,1622,42,Cấm dừng và đỗ
182,0,5629,"[731, 297, 13, 14]",2,4053,5629.png,626,1622,42,Cấm dừng và đỗ
462,0,5633,"[942, 286, 22, 21]",2,4056,5633.png,626,1622,41,Cấm dừng và đỗ
2808,0,5634,"[1155, 271, 54, 52]",2,4058,5634.png,626,1622,42,Cấm dừng và đỗ
272,0,5635,"[868, 272, 17, 16]",2,4062,5635.png,626,1622,42,Cấm dừng và đỗ
132,0,5636,"[700, 410, 12, 11]",2,4066,5636.png,626,1622,38,Cấm dừng và đỗ
30,0,5637,"[739, 562, 6, 5]",2,4068,5637.png,626,1622,38,Cấm dừng và đỗ
100,0,5638,"[947, 303, 10, 10]",2,4071,5638.png,626,1622,38,Cấm dừng và đỗ
30,0,5638,"[721, 299, 3, 10]",2,4072,5638.png,626,1622,38,Cấm dừng và đỗ
2024,0,5641,"[909, 50, 46, 44]",2,4075,5641.png,626,1622,41,Cấm dừng và đỗ
30,0,5642,"[685, 314, 5, 6]",2,4077,5642.png,626,1622,41,Cấm dừng và đỗ
418,0,5643,"[680, 516, 19, 22]",2,4080,5643.png,626,1622,38,Cấm dừng và đỗ
342,0,5645,"[942, 268, 19, 18]",2,4083,5645.png,626,1622,42,Cấm dừng và đỗ
420,0,5646,"[1227, 178, 14, 30]",2,4085,5646.png,626,1622,42,Cấm dừng và đỗ
1892,0,5647,"[961, 300, 44, 43]",2,4086,5647.png,626,1622,38,Cấm dừng và đỗ
380,0,5649,"[976, 345, 19, 20]",2,4087,5649.png,626,1622,39,Cấm dừng và đỗ
1147,0,5649,"[12, 371, 37, 31]",2,4088,5649.png,626,1622,39,Cấm dừng và đỗ
132,0,5650,"[741, 544, 11, 12]",2,4090,5650.png,626,1622,38,Cấm dừng và đỗ
49,0,5651,"[827, 427, 7, 7]",2,4093,5651.png,626,1622,41,Cấm dừng và đỗ
598,0,5653,"[1046, 236, 23, 26]",2,4094,5653.png,626,1622,41,Cấm dừng và đỗ
1196,0,5653,"[317, 211, 26, 46]",2,4095,5653.png,626,1622,41,Cấm dừng và đỗ
529,0,5654,"[804, 259, 23, 23]",2,4097,5654.png,626,1622,44,Cấm dừng và đỗ
1638,0,5655,"[974, 281, 42, 39]",2,4099,5655.png,626,1622,44,Cấm dừng và đỗ
2484,0,5655,"[18, 234, 54, 46]",2,4100,5655.png,626,1622,44,Cấm dừng và đỗ
1368,0,5656,"[921, 202, 38, 36]",2,4101,5656.png,626,1622,44,Cấm dừng và đỗ
90,0,5658,"[751, 278, 10, 9]",2,4103,5658.png,626,1622,41,Cấm dừng và đỗ
60,0,5658,"[384, 301, 6, 10]",2,4106,5658.png,626,1622,41,Cấm dừng và đỗ
132,0,5659,"[834, 249, 12, 11]",2,4107,5659.png,626,1622,41,Cấm dừng và đỗ
1840,0,5660,"[901, 442, 40, 46]",2,4108,5660.png,626,1622,39,Cấm dừng và đỗ
8500,0,5664,"[1397, 80, 100, 85]",2,4114,5664.png,626,1622,41,Cấm dừng và đỗ
240,0,5664,"[703, 182, 15, 16]",2,4115,5664.png,626,1622,41,Cấm dừng và đỗ
600,0,5664,"[68, 144, 25, 24]",2,4116,5664.png,626,1622,41,Cấm dừng và đỗ
49,0,5666,"[883, 322, 7, 7]",2,4118,5666.png,626,1622,38,Cấm dừng và đỗ
1599,0,5667,"[919, 258, 41, 39]",2,4121,5667.png,626,1622,41,Cấm dừng và đỗ
980,0,5668,"[797, 223, 28, 35]",2,4123,5668.png,626,1622,41,Cấm dừng và đỗ
6966,0,5668,"[1567, 48, 54, 129]",2,4124,5668.png,626,1622,41,Cấm dừng và đỗ
2115,0,5670,"[1024, 250, 47, 45]",2,4126,5670.png,626,1622,42,Cấm dừng và đỗ
4473,0,5671,"[1068, 187, 63, 71]",2,4128,5671.png,626,1622,41,Cấm dừng và đỗ
1806,0,5677,"[1013, 136, 43, 42]",2,4131,5677.png,626,1622,42,Cấm dừng và đỗ
4012,0,5680,"[826, 147, 59, 68]",2,4134,5680.png,626,1622,41,Cấm dừng và đỗ
2303,0,5681,"[853, 141, 47, 49]",2,4136,5681.png,626,1622,42,Cấm dừng và đỗ
90,0,5683,"[621, 400, 10, 9]",2,4138,5683.png,626,1622,39,Cấm dừng và đỗ
36,0,5686,"[739, 566, 6, 6]",2,4142,5686.png,626,1622,38,Cấm dừng và đỗ
1287,0,5687,"[1199, 265, 33, 39]",2,4143,5687.png,626,1622,42,Cấm dừng và đỗ
25,0,5687,"[820, 393, 5, 5]",2,4144,5687.png,626,1622,42,Cấm dừng và đỗ
1512,0,5688,"[1238, 268, 42, 36]",2,4145,5688.png,626,1622,44,Cấm dừng và đỗ
156,0,5691,"[21, 298, 12, 13]",2,4155,5691.png,626,1622,42,Cấm dừng và đỗ
1088,0,5692,"[715, 226, 32, 34]",2,4157,5692.png,626,1622,41,Cấm dừng và đỗ
4964,0,5693,"[1208, 155, 73, 68]",2,4158,5693.png,626,1622,42,Cấm dừng và đỗ
182,0,5697,"[690, 510, 13, 14]",2,4162,5697.png,626,1622,39,Cấm dừng và đỗ
625,0,5698,"[885, 312, 25, 25]",2,4163,5698.png,626,1622,41,Cấm dừng và đỗ
759,0,5698,"[314, 283, 23, 33]",2,4164,5698.png,626,1622,41,Cấm dừng và đỗ
288,0,5700,"[1141, 424, 16, 18]",2,4166,5700.png,626,1622,38,Cấm dừng và đỗ
121,0,5700,"[680, 413, 11, 11]",2,4167,5700.png,626,1622,38,Cấm dừng và đỗ
4092,0,5706,"[1180, 370, 62, 66]",2,4177,5706.png,626,1622,38,Cấm dừng và đỗ
1640,0,5707,"[1311, 411, 41, 40]",2,4178,5707.png,626,1622,38,Cấm dừng và đỗ
240,0,5707,"[931, 455, 16, 15]",2,4180,5707.png,626,1622,38,Cấm dừng và đỗ
754,0,5708,"[56, 175, 29, 26]",2,4181,5708.png,626,1622,41,Cấm dừng và đỗ
400,0,5708,"[784, 179, 20, 20]",2,4183,5708.png,626,1622,41,Cấm dừng và đỗ
2132,0,5708,"[1143, 51, 41, 52]",2,4184,5708.png,626,1622,41,Cấm dừng và đỗ
14432,0,5710,"[1217, 0, 164, 88]",2,4191,5710.png,626,1622,42,Cấm dừng và đỗ
1330,0,5715,"[982, 87, 35, 38]",2,4196,5715.png,626,1622,44,Cấm dừng và đỗ
16992,0,5717,"[895, 46, 118, 144]",2,4200,5717.png,626,1622,41,Cấm dừng và đỗ
1480,0,5719,"[956, 279, 40, 37]",2,4202,5719.png,626,1622,41,Cấm dừng và đỗ
121,0,5721,"[872, 238, 11, 11]",2,4203,5721.png,626,1622,41,Cấm dừng và đỗ
56,0,5722,"[566, 200, 8, 7]",2,4205,5722.png,626,1622,44,Cấm dừng và đỗ
990,0,5723,"[666, 441, 30, 33]",2,4206,5723.png,626,1622,38,Cấm dừng và đỗ
64,0,5725,"[803, 150, 8, 8]",2,4208,5725.png,626,1622,42,Cấm dừng và đỗ
483,0,5728,"[778, 144, 21, 23]",2,4212,5728.png,626,1622,41,Cấm dừng và đỗ
35604,0,5729,"[1169, 223, 207, 172]",2,4213,5729.png,626,1622,41,Cấm dừng và đỗ
5915,0,5732,"[1469, 110, 91, 65]",2,4215,5732.png,626,1622,44,Cấm dừng và đỗ
5254,0,5733,"[1179, 336, 74, 71]",2,4219,5733.png,626,1622,41,Cấm dừng và đỗ
240,0,5734,"[912, 245, 16, 15]",2,4221,5734.png,626,1622,44,Cấm dừng và đỗ
64,0,5737,"[643, 280, 8, 8]",2,4223,5737.png,626,1622,39,Cấm dừng và đỗ
1102,0,5739,"[1146, 236, 29, 38]",2,4225,5739.png,626,1622,41,Cấm dừng và đỗ
144,0,5739,"[649, 225, 12, 12]",2,4226,5739.png,626,1622,41,Cấm dừng và đỗ
5467,0,5741,"[970, 343, 77, 71]",2,4231,5741.png,626,1622,44,Cấm dừng và đỗ
156,0,5743,"[598, 468, 12, 13]",2,4234,5743.png,626,1622,38,Cấm dừng và đỗ
99,0,5745,"[1075, 172, 9, 11]",2,4236,5745.png,626,1622,42,Cấm dừng và đỗ
462,0,5749,"[848, 235, 21, 22]",2,4243,5749.png,626,1622,44,Cấm dừng và đỗ
6944,0,5752,"[1559, 85, 62, 112]",2,4246,5752.png,626,1622,44,Cấm dừng và đỗ
460,0,5755,"[899, 193, 20, 23]",2,4252,5755.png,626,1622,40,Cấm dừng và đỗ
272,0,5755,"[557, 161, 16, 17]",2,4256,5755.png,626,1622,40,Cấm dừng và đỗ
210,0,5758,"[729, 530, 14, 15]",2,4262,5758.png,626,1622,44,Cấm dừng và đỗ
198,0,5758,"[963, 501, 9, 22]",2,4263,5758.png,626,1622,44,Cấm dừng và đỗ
1330,0,5759,"[943, 383, 35, 38]",2,4265,5759.png,626,1622,41,Cấm dừng và đỗ
4602,0,5761,"[1263, 106, 59, 78]",2,4267,5761.png,626,1622,42,Cấm dừng và đỗ
110,0,5762,"[901, 334, 11, 10]",2,4269,5762.png,626,1622,38,Cấm dừng và đỗ
4692,0,5765,"[836, 286, 68, 69]",2,4272,5765.png,626,1622,42,Cấm dừng và đỗ
20,0,5768,"[718, 411, 4, 5]",2,4275,5768.png,626,1622,39,Cấm dừng và đỗ
30,0,5770,"[848, 197, 6, 5]",2,4278,5770.png,626,1622,44,Cấm dừng và đỗ
342,0,5772,"[845, 242, 19, 18]",2,4281,5772.png,626,1622,40,Cấm dừng và đỗ
49,0,5773,"[699, 366, 7, 7]",2,4282,5773.png,626,1622,38,Cấm dừng và đỗ
3652,0,5774,"[492, 0, 83, 44]",2,4284,5774.png,626,1622,42,Cấm dừng và đỗ
342,0,5778,"[822, 260, 18, 19]",2,4287,5778.png,626,1622,41,Cấm dừng và đỗ
342,0,5778,"[822, 260, 18, 19]",2,4355,5778.png,626,1622,41,Cấm dừng và đỗ
4087,0,5780,"[887, 137, 61, 67]",2,4288,5780.png,626,1622,41,Cấm dừng và đỗ
252,0,5780,"[666, 300, 14, 18]",2,4289,5780.png,626,1622,41,Cấm dừng và đỗ
1734,0,5783,"[815, 375, 34, 51]",2,4292,5783.png,626,1622,38,Cấm dừng và đỗ
1023,0,5788,"[993, 206, 33, 31]",2,4295,5788.png,626,1622,42,Cấm dừng và đỗ
36,0,5789,"[670, 286, 6, 6]",2,4300,5789.png,626,1622,44,Cấm dừng và đỗ
10395,0,5794,"[1161, 45, 99, 105]",2,4301,5794.png,626,1622,41,Cấm dừng và đỗ
750,0,5795,"[1223, 134, 30, 25]",2,4303,5795.png,626,1622,44,Cấm dừng và đỗ
7830,0,5796,"[994, 0, 87, 90]",2,4304,5796.png,626,1622,39,Cấm dừng và đỗ
5865,0,5797,"[1173, 242, 69, 85]",2,4305,5797.png,626,1622,42,Cấm dừng và đỗ
64,0,5797,"[711, 319, 8, 8]",2,4306,5797.png,626,1622,42,Cấm dừng và đỗ
72,0,5797,"[851, 341, 6, 12]",2,4307,5797.png,626,1622,42,Cấm dừng và đỗ
7308,0,5798,"[1563, 9, 58, 126]",2,4308,5798.png,626,1622,42,Cấm dừng và đỗ
567,0,5799,"[1097, 271, 21, 27]",2,4311,5799.png,626,1622,42,Cấm dừng và đỗ
36,0,5801,"[646, 316, 6, 6]",2,4316,5801.png,626,1622,41,Cấm dừng và đỗ
289,0,5802,"[778, 224, 17, 17]",2,4318,5802.png,626,1622,41,Cấm dừng và đỗ
361,0,5804,"[901, 342, 19, 19]",2,4321,5804.png,626,1622,44,Cấm dừng và đỗ
286,0,5804,"[496, 359, 13, 22]",2,4322,5804.png,626,1622,44,Cấm dừng và đỗ
462,0,5806,"[879, 165, 21, 22]",2,4323,5806.png,626,1622,39,Cấm dừng và đỗ
650,0,5806,"[371, 199, 26, 25]",2,4325,5806.png,626,1622,39,Cấm dừng và đỗ
4118,0,5806,"[1531, 140, 71, 58]",2,4326,5806.png,626,1622,39,Cấm dừng và đỗ
2058,0,5811,"[101, 88, 49, 42]",2,4328,5811.png,626,1622,41,Cấm dừng và đỗ
1935,0,5812,"[1017, 342, 43, 45]",2,4329,5812.png,626,1622,41,Cấm dừng và đỗ
1012,0,5812,"[1060, 371, 22, 46]",2,4330,5812.png,626,1622,41,Cấm dừng và đỗ
756,0,5813,"[778, 338, 27, 28]",2,4332,5813.png,626,1622,38,Cấm dừng và đỗ
441,0,5814,"[740, 216, 21, 21]",2,4336,5814.png,626,1622,44,Cấm dừng và đỗ
36,0,5815,"[745, 355, 6, 6]",2,4337,5815.png,626,1622,41,Cấm dừng và đỗ
3990,0,5817,"[1171, 225, 57, 70]",2,4339,5817.png,626,1622,41,Cấm dừng và đỗ
169,0,5823,"[791, 436, 13, 13]",2,4342,5823.png,626,1622,41,Cấm dừng và đỗ
64,0,5825,"[842, 353, 8, 8]",2,4345,5825.png,626,1622,42,Cấm dừng và đỗ
225,0,5826,"[847, 170, 15, 15]",2,4347,5826.png,626,1622,41,Cấm dừng và đỗ
6399,0,5827,"[952, 67, 79, 81]",2,4348,5827.png,626,1622,42,Cấm dừng và đỗ
3712,0,5830,"[1263, 97, 58, 64]",2,4352,5830.png,626,1622,44,Cấm dừng và đỗ
3050,0,5830,"[1271, 0, 61, 50]",2,4353,5830.png,626,1622,44,Cấm dừng và đỗ
9471,0,5831,"[1534, 94, 77, 123]",2,4354,5831.png,626,1622,44,Cấm dừng và đỗ
7161,0,5832,"[1246, 137, 93, 77]",2,4356,5832.png,626,1622,42,Cấm dừng và đỗ
42,0,5833,"[693, 367, 7, 6]",2,4358,5833.png,626,1622,38,Cấm dừng và đỗ
1978,0,5834,"[1030, 173, 46, 43]",2,4359,5834.png,626,1622,42,Cấm dừng và đỗ
624,0,5835,"[1062, 285, 24, 26]",2,4361,5835.png,626,1622,41,Cấm dừng và đỗ
256,0,5835,"[737, 308, 16, 16]",2,4362,5835.png,626,1622,41,Cấm dừng và đỗ
29835,0,5840,"[1447, 0, 153, 195]",2,4368,5840.png,626,1622,41,Cấm dừng và đỗ
702,0,5842,"[813, 307, 27, 26]",2,4369,5842.png,626,1622,41,Cấm dừng và đỗ
36,0,5842,"[701, 323, 6, 6]",2,4371,5842.png,626,1622,41,Cấm dừng và đỗ
272,0,5844,"[841, 239, 16, 17]",2,4373,5844.png,626,1622,41,Cấm dừng và đỗ
1700,0,5849,"[1212, 117, 34, 50]",2,4374,5849.png,626,1622,41,Cấm dừng và đỗ
1521,0,5851,"[838, 140, 39, 39]",2,4375,5851.png,626,1622,44,Cấm dừng và đỗ
7820,0,5853,"[980, 179, 92, 85]",2,4377,5853.png,626,1622,44,Cấm dừng và đỗ
49,0,5857,"[709, 531, 7, 7]",2,4379,5857.png,626,1622,39,Cấm dừng và đỗ
11186,0,5858,"[1323, 95, 94, 119]",2,4381,5858.png,626,1622,44,Cấm dừng và đỗ
16,0,5859,"[853, 352, 4, 4]",2,4384,5859.png,626,1622,38,Cấm dừng và đỗ
196,0,5860,"[699, 406, 14, 14]",2,4385,5860.png,626,1622,38,Cấm dừng và đỗ
675,0,5863,"[0, 291, 27, 25]",2,4386,5863.png,626,1622,42,Cấm dừng và đỗ
132,0,5863,"[772, 282, 12, 11]",2,4388,5863.png,626,1622,42,Cấm dừng và đỗ
23716,0,5865,"[1361, 119, 121, 196]",2,4389,5865.png,626,1622,38,Cấm dừng và đỗ
5561,0,5867,"[1392, 127, 83, 67]",2,4391,5867.png,626,1622,39,Cấm dừng và đỗ
484,0,5868,"[848, 262, 22, 22]",2,4392,5868.png,626,1622,41,Cấm dừng và đỗ
3828,0,5868,"[1256, 175, 58, 66]",2,4393,5868.png,626,1622,41,Cấm dừng và đỗ
10509,0,5869,"[1227, 101, 113, 93]",2,4394,5869.png,626,1622,42,Cấm dừng và đỗ
600,0,5870,"[679, 211, 24, 25]",2,4395,5870.png,626,1622,41,Cấm dừng và đỗ
750,0,5872,"[806, 18, 25, 30]",2,4397,5872.png,626,1622,41,Cấm dừng và đỗ
2400,0,5872,"[1285, 35, 48, 50]",2,4398,5872.png,626,1622,41,Cấm dừng và đỗ
1376,0,5873,"[989, 157, 32, 43]",2,4399,5873.png,626,1622,44,Cấm dừng và đỗ
448,0,5873,"[97, 151, 16, 28]",2,4401,5873.png,626,1622,44,Cấm dừng và đỗ
289,0,5873,"[537, 192, 17, 17]",2,4402,5873.png,626,1622,44,Cấm dừng và đỗ
1075,0,5875,"[977, 189, 25, 43]",2,4403,5875.png,626,1622,44,Cấm dừng và đỗ
272,0,5875,"[681, 273, 16, 17]",2,4404,5875.png,626,1622,44,Cấm dừng và đỗ
552,0,5875,"[109, 234, 23, 24]",2,4405,5875.png,626,1622,44,Cấm dừng và đỗ
240,0,5877,"[1013, 235, 16, 15]",2,4406,5877.png,626,1622,44,Cấm dừng và đỗ
100,0,5878,"[690, 307, 10, 10]",2,4412,5878.png,626,1622,44,Cấm dừng và đỗ
13482,0,5880,"[1514, 91, 107, 126]",2,4414,5880.png,626,1622,44,Cấm dừng và đỗ
72,0,5883,"[654, 189, 9, 8]",2,4416,5883.png,626,1622,41,Cấm dừng và đỗ
5130,0,5885,"[1371, 3, 54, 95]",2,4418,5885.png,626,1622,41,Cấm dừng và đỗ
42,0,5889,"[1022, 335, 6, 7]",2,4420,5889.png,626,1622,42,Cấm dừng và đỗ
812,0,5892,"[598, 172, 28, 29]",2,4422,5892.png,626,1622,44,Cấm dừng và đỗ
1088,0,5894,"[1111, 395, 32, 34]",2,4423,5894.png,626,1622,41,Cấm dừng và đỗ
182,0,5895,"[860, 275, 14, 13]",2,4426,5895.png,626,1622,41,Cấm dừng và đỗ
756,0,5896,"[904, 359, 27, 28]",2,4428,5896.png,626,1622,41,Cấm dừng và đỗ
88,0,5897,"[1004, 423, 8, 11]",2,4433,5897.png,626,1622,41,Cấm dừng và đỗ
420,0,5900,"[828, 288, 21, 20]",2,4440,5900.png,626,1622,41,Cấm dừng và đỗ
1080,0,5900,"[0, 305, 36, 30]",2,4441,5900.png,626,1622,41,Cấm dừng và đỗ
702,0,5903,"[827, 454, 26, 27]",2,4443,5903.png,626,1622,39,Cấm dừng và đỗ
99,0,5905,"[868, 164, 11, 9]",2,4445,5905.png,626,1622,44,Cấm dừng và đỗ
182,0,5907,"[761, 306, 13, 14]",2,4449,5907.png,626,1622,41,Cấm dừng và đỗ
3248,0,5909,"[1052, 368, 56, 58]",2,4450,5909.png,626,1622,41,Cấm dừng và đỗ
572,0,5910,"[163, 371, 26, 22]",2,4452,5910.png,626,1622,44,Cấm dừng và đỗ
945,0,5913,"[1385, 203, 35, 27]",2,4463,5913.png,626,1622,44,Cấm dừng và đỗ
576,0,5915,"[904, 314, 24, 24]",2,4466,5915.png,626,1622,42,Cấm dừng và đỗ
168,0,5919,"[532, 264, 14, 12]",2,4469,5919.png,626,1622,41,Cấm dừng và đỗ
17526,0,5921,"[1460, 98, 138, 127]",2,4470,5921.png,626,1622,41,Cấm dừng và đỗ
3776,0,5922,"[793, 342, 59, 64]",2,4471,5922.png,626,1622,39,Cấm dừng và đỗ
64,0,5923,"[702, 545, 8, 8]",2,4473,5923.png,626,1622,44,Cấm dừng và đỗ
1196,0,5924,"[317, 210, 26, 46]",2,4474,5924.png,626,1622,41,Cấm dừng và đỗ
624,0,5924,"[1045, 235, 24, 26]",2,4475,5924.png,626,1622,41,Cấm dừng và đỗ
2916,0,5928,"[960, 276, 54, 54]",2,4480,5928.png,626,1622,38,Cấm dừng và đỗ
484,0,5933,"[778, 381, 22, 22]",2,4483,5933.png,626,1622,41,Cấm dừng và đỗ
728,0,5933,"[90, 346, 28, 26]",2,4484,5933.png,626,1622,41,Cấm dừng và đỗ
441,0,5934,"[756, 295, 21, 21]",2,4486,5934.png,626,1622,40,Cấm dừng và đỗ
42,0,5935,"[858, 378, 7, 6]",2,4487,5935.png,626,1622,42,Cấm dừng và đỗ
210,0,5938,"[745, 314, 14, 15]",2,4493,5938.png,626,1622,41,Cấm dừng và đỗ
210,0,5939,"[754, 393, 14, 15]",2,4495,5939.png,626,1622,38,Cấm dừng và đỗ
119,0,5939,"[298, 386, 7, 17]",2,4496,5939.png,626,1622,38,Cấm dừng và đỗ
840,0,5940,"[762, 116, 28, 30]",2,4497,5940.png,626,1622,42,Cấm dừng và đỗ
56,0,5941,"[668, 184, 7, 8]",2,4498,5941.png,626,1622,41,Cấm dừng và đỗ
1225,0,5943,"[684, 143, 35, 35]",2,4500,5943.png,626,1622,42,Cấm dừng và đỗ
1056,0,5944,"[325, 300, 33, 32]",2,4503,5944.png,626,1622,38,Cấm dừng và đỗ
961,0,5945,"[890, 308, 31, 31]",2,4505,5945.png,626,1622,42,Cấm dừng và đỗ
2750,0,5945,"[1237, 295, 50, 55]",2,4506,5945.png,626,1622,42,Cấm dừng và đỗ
49,0,5948,"[618, 330, 7, 7]",2,4508,5948.png,626,1622,41,Cấm dừng và đỗ
42,0,5950,"[825, 317, 7, 6]",2,4513,5950.png,626,1622,38,Cấm dừng và đỗ
36,0,5952,"[703, 313, 6, 6]",2,4515,5952.png,626,1622,42,Cấm dừng và đỗ
528,0,5954,"[985, 311, 24, 22]",2,4516,5954.png,626,1622,44,Cấm dừng và đỗ
484,0,5954,"[987, 312, 22, 22]",2,4564,5954.png,626,1622,44,Cấm dừng và đỗ
552,0,5954,"[986, 311, 24, 23]",2,4608,5954.png,626,1622,44,Cấm dừng và đỗ
1295,0,5957,"[863, 245, 35, 37]",2,4518,5957.png,626,1622,41,Cấm dừng và đỗ
1056,0,5957,"[864, 246, 32, 33]",2,4633,5957.png,626,1622,41,Cấm dừng và đỗ
782,0,5958,"[483, 238, 23, 34]",2,4519,5958.png,626,1622,38,Cấm dừng và đỗ
1292,0,5958,"[1224, 252, 38, 34]",2,4522,5958.png,626,1622,38,Cấm dừng và đỗ
1188,0,5958,"[1224, 251, 36, 33]",2,4655,5958.png,626,1622,38,Cấm dừng và đỗ
651,0,5958,"[483, 239, 21, 31]",2,4656,5958.png,626,1622,38,Cấm dừng và đỗ
25,0,5959,"[726, 241, 5, 5]",2,4525,5959.png,626,1622,42,Cấm dừng và đỗ
196,0,5962,"[853, 237, 14, 14]",2,4532,5962.png,626,1622,44,Cấm dừng và đỗ
153,0,5962,"[409, 225, 9, 17]",2,4534,5962.png,626,1622,44,Cấm dừng và đỗ
182,0,5962,"[853, 238, 13, 14]",2,4624,5962.png,626,1622,44,Cấm dừng và đỗ
187,0,5962,"[409, 225, 11, 17]",2,4626,5962.png,626,1622,44,Cấm dừng và đỗ
256,0,5964,"[775, 202, 16, 16]",2,4539,5964.png,626,1622,42,Cấm dừng và đỗ
272,0,5964,"[775, 203, 17, 16]",2,4599,5964.png,626,1622,42,Cấm dừng và đỗ
900,0,5965,"[747, 193, 30, 30]",2,4540,5965.png,626,1622,44,Cấm dừng và đỗ
841,0,5965,"[748, 193, 29, 29]",2,4595,5965.png,626,1622,44,Cấm dừng và đỗ
8906,0,5971,"[1221, 0, 73, 122]",2,4546,5971.png,626,1622,42,Cấm dừng và đỗ
132,0,5971,"[564, 238, 12, 11]",2,4547,5971.png,626,1622,42,Cấm dừng và đỗ
210,0,5971,"[564, 236, 15, 14]",2,4637,5971.png,626,1622,42,Cấm dừng và đỗ
9760,0,5971,"[1219, 0, 80, 122]",2,4638,5971.png,626,1622,42,Cấm dừng và đỗ
8645,0,5973,"[895, 147, 91, 95]",2,4549,5973.png,626,1622,38,Cấm dừng và đỗ
8924,0,5973,"[895, 145, 92, 97]",2,4587,5973.png,626,1622,38,Cấm dừng và đỗ
1184,0,5974,"[933, 352, 32, 37]",2,4550,5974.png,626,1622,41,Cấm dừng và đỗ
12285,0,5974,"[1516, 214, 105, 117]",2,4551,5974.png,626,1622,41,Cấm dừng và đỗ
1326,0,5974,"[259, 312, 34, 39]",2,4552,5974.png,626,1622,41,Cấm dừng và đỗ
1386,0,5974,"[259, 310, 33, 42]",2,4652,5974.png,626,1622,41,Cấm dừng và đỗ
1184,0,5974,"[934, 353, 32, 37]",2,4653,5974.png,626,1622,41,Cấm dừng và đỗ
12654,0,5974,"[1510, 214, 111, 114]",2,4654,5974.png,626,1622,41,Cấm dừng và đỗ
7920,0,5975,"[1180, 158, 88, 90]",2,4553,5975.png,626,1622,41,Cấm dừng và đỗ
20,0,5976,"[771, 262, 5, 4]",2,4555,5976.png,626,1622,38,Cấm dừng và đỗ
25,0,5976,"[771, 262, 5, 5]",2,4597,5976.png,626,1622,38,Cấm dừng và đỗ
870,0,5978,"[950, 329, 29, 30]",2,4556,5978.png,626,1622,44,Cấm dừng và đỗ
2714,0,5982,"[809, 95, 46, 59]",2,4559,5982.png,626,1622,42,Cấm dừng và đỗ
3050,0,5982,"[806, 94, 50, 61]",2,4592,5982.png,626,1622,42,Cấm dừng và đỗ
1716,0,5984,"[1051, 256, 39, 44]",2,4560,5984.png,626,1622,41,Cấm dừng và đỗ
1845,0,5984,"[1050, 256, 41, 45]",2,4623,5984.png,626,1622,41,Cấm dừng và đỗ
1482,0,5985,"[1444, 284, 38, 39]",2,4561,5985.png,626,1622,44,Cấm dừng và đỗ
121,0,5985,"[838, 318, 11, 11]",2,4562,5985.png,626,1622,44,Cấm dừng và đỗ
1640,0,5985,"[1442, 282, 40, 41]",2,4646,5985.png,626,1622,44,Cấm dừng và đỗ
132,0,5985,"[837, 317, 11, 12]",2,4647,5985.png,626,1622,44,Cấm dừng và đỗ
216,0,5988,"[576, 311, 12, 18]",2,4565,5988.png,626,1622,38,Cấm dừng và đỗ
484,0,5988,"[986, 293, 22, 22]",2,4566,5988.png,626,1622,38,Cấm dừng và đỗ
228,0,5988,"[576, 310, 12, 19]",2,4642,5988.png,626,1622,38,Cấm dừng và đỗ
380,0,5988,"[987, 294, 20, 19]",2,4643,5988.png,626,1622,38,Cấm dừng và đỗ
1640,0,5989,"[683, 296, 40, 41]",2,4568,5989.png,626,1622,41,Cấm dừng và đỗ
1764,0,5989,"[681, 294, 42, 42]",2,4606,5989.png,626,1622,41,Cấm dừng và đỗ
64,0,5993,"[802, 268, 8, 8]",2,4574,5993.png,626,1622,41,Cấm dừng và đỗ
64,0,5993,"[802, 267, 8, 8]",2,4610,5993.png,626,1622,41,Cấm dừng và đỗ
195,0,5994,"[923, 251, 13, 15]",2,4576,5994.png,626,1622,41,Cấm dừng và đỗ
143,0,5994,"[482, 283, 11, 13]",2,4578,5994.png,626,1622,41,Cấm dừng và đỗ
169,0,5994,"[924, 253, 13, 13]",2,4628,5994.png,626,1622,41,Cấm dừng và đỗ
168,0,5994,"[482, 282, 12, 14]",2,4631,5994.png,626,1622,41,Cấm dừng và đỗ
81,0,5996,"[574, 198, 9, 9]",2,4580,5996.png,626,1622,44,Cấm dừng và đỗ
64,0,5996,"[574, 199, 8, 8]",2,4604,5996.png,626,1622,44,Cấm dừng và đỗ
1960,0,5997,"[224, 263, 49, 40]",2,4581,5997.png,626,1622,41,Cấm dừng và đỗ
10664,0,5998,"[1422, 28, 86, 124]",2,4582,5998.png,626,1622,41,Cấm dừng và đỗ
10472,0,5998,"[1422, 31, 88, 119]",2,4632,5998.png,626,1622,41,Cấm dừng và đỗ
49,0,5999,"[730, 409, 7, 7]",2,4583,5999.png,626,1622,39,Cấm dừng và đỗ
72,0,5999,"[729, 408, 8, 9]",2,4641,5999.png,626,1622,39,Cấm dừng và đỗ
169,0,6000,"[980, 360, 13, 13]",2,4584,6000.png,626,1622,42,Cấm dừng và đỗ
182,0,6000,"[980, 359, 13, 14]",2,4644,6000.png,626,1622,42,Cấm dừng và đỗ
240,0,6001,"[808, 270, 16, 15]",2,4586,6001.png,626,1622,41,Cấm dừng và đỗ
210,0,6001,"[809, 270, 14, 15]",2,4594,6001.png,626,1622,41,Cấm dừng và đỗ
169,0,6007,"[816, 271, 13, 13]",2,4590,6007.png,626,1622,41,Cấm dừng và đỗ
182,0,6010,"[840, 289, 13, 14]",2,4612,6010.png,626,1622,42,Cấm dừng và đỗ
110,0,6010,"[478, 289, 10, 11]",2,4614,6010.png,626,1622,42,Cấm dừng và đỗ
64,0,6011,"[671, 419, 8, 8]",2,4616,6011.png,626,1622,38,Cấm dừng và đỗ
60,0,6011,"[776, 397, 5, 12]",2,4617,6011.png,626,1622,38,Cấm dừng và đỗ
154,0,6016,"[905, 192, 14, 11]",2,4650,6016.png,626,1622,44,Cấm dừng và đỗ
5530,0,6018,"[1265, 110, 70, 79]",2,4661,6018.png,626,1622,41,Cấm dừng và đỗ
4891,0,6018,"[1266, 115, 67, 73]",2,4672,6018.png,626,1622,41,Cấm dừng và đỗ
1240,0,6019,"[1213, 403, 31, 40]",2,4662,6019.png,626,1622,38,Cấm dừng và đỗ
210,0,6019,"[750, 526, 15, 14]",2,4664,6019.png,626,1622,38,Cấm dừng và đỗ
225,0,6019,"[750, 526, 15, 15]",2,4668,6019.png,626,1622,38,Cấm dừng và đỗ
1102,0,6019,"[1213, 406, 29, 38]",2,4670,6019.png,626,1622,38,Cấm dừng và đỗ
1260,0,6065,"[858, 266, 35, 36]",2,4704,6065.png,626,1622,49,Cấm dừng và đỗ
110,0,6075,"[838, 210, 10, 11]",2,4712,6075.png,626,1622,7,Cấm dừng và đỗ
64,0,6079,"[1127, 233, 8, 8]",2,4719,6079.png,626,1622,36,Cấm dừng và đỗ
256,0,6091,"[1099, 442, 16, 16]",2,4726,6091.png,626,1622,23,Cấm dừng và đỗ
20,0,6094,"[656, 306, 4, 5]",2,4733,6094.png,626,1622,19,Cấm dừng và đỗ
100,0,6098,"[799, 388, 10, 10]",2,4736,6098.png,626,1622,22,Cấm dừng và đỗ
56,0,6098,"[685, 353, 8, 7]",2,4737,6098.png,626,1622,22,Cấm dừng và đỗ
324,0,6101,"[1115, 317, 12, 27]",2,4746,6101.png,626,1622,3,Cấm dừng và đỗ
196,0,6101,"[877, 358, 14, 14]",2,4749,6101.png,626,1622,3,Cấm dừng và đỗ
84,0,6101,"[616, 333, 6, 14]",2,4750,6101.png,626,1622,3,Cấm dừng và đỗ
81,0,6108,"[630, 329, 9, 9]",2,4759,6108.png,626,1622,19,Cấm dừng và đỗ
437,0,6131,"[1506, 222, 23, 19]",2,4771,6131.png,626,1622,37,Cấm dừng và đỗ
728,0,6131,"[826, 177, 26, 28]",2,4772,6131.png,626,1622,37,Cấm dừng và đỗ
72,0,6150,"[1117, 261, 9, 8]",2,4792,6150.png,626,1622,34,Cấm dừng và đỗ
169,0,6157,"[1182, 142, 13, 13]",2,4797,6157.png,626,1622,49,Cấm dừng và đỗ
4092,0,6160,"[1095, 304, 66, 62]",2,4798,6160.png,626,1622,22,Cấm dừng và đỗ
324,0,6161,"[790, 173, 18, 18]",2,4799,6161.png,626,1622,37,Cấm dừng và đỗ
663,0,6203,"[290, 0, 51, 13]",2,4829,6203.png,626,1622,28,Cấm dừng và đỗ
600,0,6233,"[977, 248, 24, 25]",2,4848,6233.png,626,1622,37,Cấm dừng và đỗ
168,0,6256,"[856, 236, 14, 12]",2,4874,6256.png,626,1622,8,Cấm dừng và đỗ
196,0,6260,"[790, 456, 14, 14]",2,4878,6260.png,626,1622,19,Cấm dừng và đỗ
196,0,6260,"[669, 425, 14, 14]",2,4879,6260.png,626,1622,19,Cấm dừng và đỗ
81,0,6268,"[812, 339, 9, 9]",2,4890,6268.png,626,1622,15,Cấm dừng và đỗ
54526,0,6300,"[1080, 0, 274, 199]",2,4916,6300.png,626,1622,24,Cấm dừng và đỗ
256,0,6307,"[713, 328, 16, 16]",2,4918,6307.png,626,1622,36,Cấm dừng và đỗ
256,0,6359,"[908, 266, 16, 16]",2,4968,6359.png,626,1622,37,Cấm dừng và đỗ
64,0,6363,"[743, 566, 8, 8]",2,4971,6363.png,626,1622,15,Cấm dừng và đỗ
64,0,6399,"[905, 268, 8, 8]",2,4983,6399.png,626,1622,33,Cấm dừng và đỗ
440,0,6436,"[926, 187, 20, 22]",2,5003,6436.png,626,1622,37,Cấm dừng và đỗ
1800,0,6436,"[1146, 164, 36, 50]",2,5004,6436.png,626,1622,37,Cấm dừng và đỗ
22002,0,6450,"[1428, 0, 193, 114]",2,5011,6450.png,626,1622,37,Cấm dừng và đỗ
400,0,6463,"[872, 221, 20, 20]",2,5019,6463.png,626,1622,45,Cấm dừng và đỗ
270,0,6468,"[1101, 107, 15, 18]",2,5021,6468.png,626,1622,37,Cấm dừng và đỗ
4489,0,6495,"[792, 75, 67, 67]",2,5039,6495.png,626,1622,22,Cấm dừng và đỗ
64,0,6512,"[863, 299, 8, 8]",2,5056,6512.png,626,1622,13,Cấm dừng và đỗ
72,0,6512,"[864, 280, 8, 9]",2,5057,6512.png,626,1622,13,Cấm dừng và đỗ
340,0,6540,"[1349, 362, 20, 17]",2,5069,6540.png,626,1622,36,Cấm dừng và đỗ
480,0,6554,"[1268, 294, 24, 20]",2,5078,6554.png,626,1622,34,Cấm dừng và đỗ
195,0,6558,"[1450, 89, 15, 13]",2,5082,6558.png,626,1622,28,Cấm dừng và đỗ
56,0,6572,"[792, 273, 7, 8]",2,5096,6572.png,626,1622,13,Cấm dừng và đỗ
56,0,6572,"[793, 258, 7, 8]",2,5097,6572.png,626,1622,13,Cấm dừng và đỗ
40704,0,6574,"[1409, 157, 212, 192]",2,5098,6574.png,626,1622,51,Cấm dừng và đỗ
36,0,6583,"[893, 270, 6, 6]",2,5111,6583.png,626,1622,33,Cấm dừng và đỗ
340,0,6587,"[1407, 152, 20, 17]",2,5119,6587.png,626,1622,20,Cấm dừng và đỗ
144,0,6588,"[1173, 102, 12, 12]",2,5121,6588.png,626,1622,22,Cấm dừng và đỗ
56,0,6590,"[682, 337, 7, 8]",2,5124,6590.png,626,1622,30,Cấm dừng và đỗ
64,0,6590,"[682, 321, 8, 8]",2,5126,6590.png,626,1622,30,Cấm dừng và đỗ
210,0,6601,"[672, 111, 14, 15]",2,5134,6601.png,626,1622,22,Cấm dừng và đỗ
342,0,6605,"[677, 104, 18, 19]",2,5139,6605.png,626,1622,22,Cấm dừng và đỗ
323,0,6605,"[514, 48, 17, 19]",2,5141,6605.png,626,1622,22,Cấm dừng và đỗ
1554,0,6615,"[1128, 200, 42, 37]",2,5146,6615.png,626,1622,49,Cấm dừng và đỗ
169,0,6632,"[856, 274, 13, 13]",2,5158,6632.png,626,1622,8,Cấm dừng và đỗ
529,0,6643,"[901, 330, 23, 23]",2,5169,6643.png,626,1622,12,Cấm dừng và đỗ
361,0,6647,"[774, 233, 19, 19]",2,5173,6647.png,626,1622,51,Cấm dừng và đỗ
256,0,6664,"[975, 275, 16, 16]",2,5190,6664.png,626,1622,13,Cấm dừng và đỗ
529,0,6674,"[960, 167, 23, 23]",2,5198,6674.png,626,1622,34,Cấm dừng và đỗ
64,0,6674,"[715, 206, 8, 8]",2,5202,6674.png,626,1622,34,Cấm dừng và đỗ
90,0,6695,"[601, 226, 10, 9]",2,5220,6695.png,626,1622,18,Cấm dừng và đỗ
49,0,6704,"[831, 384, 7, 7]",2,5229,6704.png,626,1622,28,Cấm dừng và đỗ
837,0,6706,"[1101, 284, 27, 31]",2,5231,6706.png,626,1622,13,Cấm dừng và đỗ
810,0,6706,"[1100, 226, 27, 30]",2,5232,6706.png,626,1622,13,Cấm dừng và đỗ
210,0,6707,"[511, 252, 15, 14]",2,5235,6707.png,626,1622,19,Cấm dừng và đỗ
9,0,6707,"[673, 312, 3, 3]",2,5237,6707.png,626,1622,19,Cấm dừng và đỗ
441,0,6708,"[900, 222, 21, 21]",2,5238,6708.png,626,1622,51,Cấm dừng và đỗ
100,0,6723,"[927, 415, 10, 10]",2,5251,6723.png,626,1622,20,Cấm dừng và đỗ
42,0,6723,"[1123, 468, 7, 6]",2,5255,6723.png,626,1622,20,Cấm dừng và đỗ
81,0,6723,"[1034, 426, 9, 9]",2,5259,6723.png,626,1622,20,Cấm dừng và đỗ
625,0,6752,"[585, 339, 25, 25]",2,5284,6752.png,626,1622,4,Cấm dừng và đỗ
729,0,6754,"[741, 368, 27, 27]",2,5287,6754.png,626,1622,15,Cấm dừng và đỗ
330,0,6763,"[1016, 196, 15, 22]",2,5290,6763.png,626,1622,45,Cấm dừng và đỗ
100,0,6806,"[783, 446, 10, 10]",2,5327,6806.png,626,1622,33,Cấm dừng và đỗ
49,0,6812,"[828, 466, 7, 7]",2,5329,6812.png,626,1622,33,Cấm dừng và đỗ
576,0,6816,"[1045, 266, 24, 24]",2,5333,6816.png,626,1622,13,Cấm dừng và đỗ
600,0,6816,"[1041, 219, 24, 25]",2,5334,6816.png,626,1622,13,Cấm dừng và đỗ
42,0,6826,"[878, 159, 7, 6]",2,5337,6826.png,626,1622,31,Cấm dừng và đỗ
324,0,6829,"[635, 238, 18, 18]",2,5338,6829.png,626,1622,28,Cấm dừng và đỗ
80,0,6855,"[1057, 452, 10, 8]",2,5347,6855.png,626,1622,19,Cấm dừng và đỗ
182,0,6855,"[1203, 467, 14, 13]",2,5349,6855.png,626,1622,19,Cấm dừng và đỗ
1023,0,6857,"[799, 379, 33, 31]",2,5350,6857.png,626,1622,36,Cấm dừng và đỗ
132,0,6866,"[1048, 116, 12, 11]",2,5358,6866.png,626,1622,22,Cấm dừng và đỗ
64,0,6866,"[906, 97, 8, 8]",2,5359,6866.png,626,1622,22,Cấm dừng và đỗ
20,0,6872,"[993, 318, 4, 5]",2,5363,6872.png,626,1622,33,Cấm dừng và đỗ
49,0,6872,"[931, 280, 7, 7]",2,5367,6872.png,626,1622,33,Cấm dừng và đỗ
169,0,6914,"[1030, 154, 13, 13]",2,5402,6914.png,626,1622,31,Cấm dừng và đỗ
16,0,6933,"[557, 274, 4, 4]",2,5413,6933.png,626,1622,28,Cấm dừng và đỗ
506,0,6944,"[648, 410, 22, 23]",2,5421,6944.png,626,1622,28,Cấm dừng và đỗ
42,0,6948,"[647, 182, 6, 7]",2,5429,6948.png,626,1622,53,Cấm dừng và đỗ
225,0,6954,"[704, 352, 15, 15]",2,5434,6954.png,626,1622,19,Cấm dừng và đỗ
255,0,6955,"[537, 224, 15, 17]",2,5436,6955.png,626,1622,34,Cấm dừng và đỗ
110,0,6955,"[722, 240, 11, 10]",2,5438,6955.png,626,1622,34,Cấm dừng và đỗ
64,0,6973,"[821, 213, 8, 8]",2,5450,6973.png,626,1622,7,Cấm dừng và đỗ
210,0,6992,"[667, 263, 15, 14]",2,5474,6992.png,626,1622,36,Cấm dừng và đỗ
64,0,7002,"[874, 362, 8, 8]",2,5480,7002.png,626,1622,22,Cấm dừng và đỗ
2632,0,7004,"[1146, 271, 56, 47]",2,5481,7004.png,626,1622,37,Cấm dừng và đỗ
110,0,7004,"[980, 279, 11, 10]",2,5482,7004.png,626,1622,37,Cấm dừng và đỗ
3150,0,7006,"[990, 42, 50, 63]",2,5484,7006.png,626,1622,22,Cấm dừng và đỗ
437,0,7059,"[1121, 228, 23, 19]",2,5516,7059.png,626,1622,49,Cấm dừng và đỗ
550,0,7065,"[570, 260, 25, 22]",2,5521,7065.png,626,1622,34,Cấm dừng và đỗ
99,0,7065,"[460, 284, 11, 9]",2,5523,7065.png,626,1622,34,Cấm dừng và đỗ
621,0,7082,"[982, 212, 23, 27]",2,5536,7082.png,626,1622,51,Cấm dừng và đỗ
2242,0,7087,"[1478, 246, 59, 38]",2,5539,7087.png,626,1622,34,Cấm dừng và đỗ
575,0,7102,"[758, 331, 25, 23]",2,5558,7102.png,626,1622,36,Cấm dừng và đỗ
256,0,7104,"[947, 207, 16, 16]",2,5561,7104.png,626,1622,37,Cấm dừng và đỗ
1378,0,7106,"[1534, 513, 53, 26]",2,5565,7106.png,626,1622,47,Cấm dừng và đỗ
168,0,7117,"[652, 246, 14, 12]",2,5572,7117.png,626,1622,33,Cấm dừng và đỗ
306,0,7117,"[426, 182, 18, 17]",2,5576,7117.png,626,1622,33,Cấm dừng và đỗ
380,0,7119,"[647, 109, 20, 19]",2,5577,7119.png,626,1622,49,Cấm dừng và đỗ
182,0,7124,"[564, 111, 13, 14]",2,5588,7124.png,626,1622,49,Cấm dừng và đỗ
81,0,7147,"[675, 399, 9, 9]",2,5609,7147.png,626,1622,33,Cấm dừng và đỗ
132,0,7167,"[584, 294, 11, 12]",2,5621,7167.png,626,1622,19,Cấm dừng và đỗ
196,0,7167,"[684, 310, 14, 14]",2,5622,7167.png,626,1622,19,Cấm dừng và đỗ
380,0,7180,"[1003, 247, 20, 19]",2,5638,7180.png,626,1622,33,Cấm dừng và đỗ
25,0,7180,"[849, 251, 5, 5]",2,5641,7180.png,626,1622,33,Cấm dừng và đỗ
1700,0,7190,"[151, 109, 34, 50]",2,5652,7190.png,626,1622,20,Cấm dừng và đỗ
120,0,7190,"[964, 367, 12, 10]",2,5656,7190.png,626,1622,20,Cấm dừng và đỗ
896,0,7214,"[1091, 371, 32, 28]",2,5665,7214.png,626,1622,3,Cấm dừng và đỗ
36,0,7234,"[521, 249, 6, 6]",2,5670,7234.png,626,1622,18,Cấm dừng và đỗ
72,0,7235,"[921, 311, 9, 8]",2,5671,7235.png,626,1622,13,Cấm dừng và đỗ
64,0,7235,"[922, 296, 8, 8]",2,5672,7235.png,626,1622,13,Cấm dừng và đỗ
100,0,7278,"[832, 212, 10, 10]",2,5687,7278.png,626,1622,7,Cấm dừng và đỗ
7387,0,7280,"[1147, 81, 83, 89]",2,5690,7280.png,626,1622,45,Cấm dừng và đỗ
168,0,7288,"[912, 396, 14, 12]",2,5697,7288.png,626,1622,20,Cấm dừng và đỗ
100,0,7315,"[703, 312, 10, 10]",2,5710,7315.png,626,1622,20,Cấm dừng và đỗ
30,0,7315,"[877, 368, 6, 5]",2,5712,7315.png,626,1622,20,Cấm dừng và đỗ
100,0,7350,"[583, 123, 10, 10]",2,5740,7350.png,626,1622,49,Cấm dừng và đỗ
555,0,7357,"[1092, 227, 15, 37]",2,5754,7357.png,626,1622,15,Cấm dừng và đỗ
1224,0,7375,"[1004, 191, 36, 34]",2,5766,7375.png,626,1622,13,Cấm dừng và đỗ
1260,0,7375,"[1002, 251, 35, 36]",2,5767,7375.png,626,1622,13,Cấm dừng và đỗ
323,0,7378,"[835, 341, 19, 17]",2,5768,7378.png,626,1622,15,Cấm dừng và đỗ
36,0,7385,"[687, 409, 6, 6]",2,5776,7385.png,626,1622,33,Cấm dừng và đỗ
110,0,7398,"[622, 356, 11, 10]",2,5782,7398.png,626,1622,16,Cấm dừng và đỗ
728,0,7408,"[371, 234, 28, 26]",2,5786,7408.png,626,1622,49,Cấm dừng và đỗ
992,0,7416,"[627, 151, 32, 31]",2,5791,7416.png,626,1622,36,Cấm dừng và đỗ
168,0,7417,"[1289, 260, 14, 12]",2,5795,7417.png,626,1622,49,Cấm dừng và đỗ
784,0,7424,"[796, 356, 28, 28]",2,5800,7424.png,626,1622,45,Cấm dừng và đỗ
2600,0,7425,"[859, 203, 50, 52]",2,5804,7425.png,626,1622,22,Cấm dừng và đỗ
1216,0,7426,"[693, 372, 32, 38]",2,5812,7426.png,626,1622,22,Cấm dừng và đỗ
378,0,7439,"[1145, 229, 21, 18]",2,5822,7439.png,626,1622,49,Cấm dừng và đỗ
361,0,7450,"[765, 390, 19, 19]",2,5834,7450.png,626,1622,33,Cấm dừng và đỗ
324,0,7466,"[817, 191, 18, 18]",2,5849,7466.png,626,1622,33,Cấm dừng và đỗ
380,0,7468,"[992, 264, 20, 19]",2,5852,7468.png,626,1622,37,Cấm dừng và đỗ
42,0,7477,"[669, 341, 7, 6]",2,5869,7477.png,626,1622,22,Cấm dừng và đỗ
64,0,7477,"[736, 358, 8, 8]",2,5870,7477.png,626,1622,22,Cấm dừng và đỗ
598,0,7490,"[950, 556, 23, 26]",2,5879,7490.png,626,1622,24,Cấm dừng và đỗ
156,0,7499,"[831, 326, 13, 12]",2,5881,7499.png,626,1622,15,Cấm dừng và đỗ
306,0,7502,"[906, 283, 17, 18]",2,5886,7502.png,626,1622,8,Cấm dừng và đỗ
1240,0,7515,"[1342, 223, 31, 40]",2,5889,7515.png,626,1622,45,Cấm dừng và đỗ
17520,0,7518,"[1099, 164, 120, 146]",2,5890,7518.png,626,1622,53,Cấm dừng và đỗ
342,0,7560,"[899, 210, 19, 18]",2,5916,7560.png,626,1622,51,Cấm dừng và đỗ
144,0,7581,"[606, 283, 12, 12]",2,5935,7581.png,626,1622,34,Cấm dừng và đỗ
342,0,7587,"[572, 410, 19, 18]",2,5940,7587.png,626,1622,22,Cấm dừng và đỗ
240,0,7595,"[959, 280, 16, 15]",2,5958,7595.png,626,1622,34,Cấm dừng và đỗ
380,0,7596,"[892, 242, 19, 20]",2,5960,7596.png,626,1622,37,Cấm dừng và đỗ
121,0,7611,"[963, 301, 11, 11]",2,5973,7611.png,626,1622,37,Cấm dừng và đỗ
42,0,7611,"[944, 296, 7, 6]",2,5974,7611.png,626,1622,37,Cấm dừng và đỗ
110,0,7632,"[1437, 76, 11, 10]",2,5994,7632.png,626,1622,28,Cấm dừng và đỗ
196,0,7644,"[838, 235, 14, 14]",2,6002,7644.png,626,1622,8,Cấm dừng và đỗ
225,0,7644,"[421, 244, 15, 15]",2,6004,7644.png,626,1622,8,Cấm dừng và đỗ
780,0,7649,"[1128, 335, 26, 30]",2,6006,7649.png,626,1622,7,Cấm dừng và đỗ
529,0,7649,"[45, 313, 23, 23]",2,6007,7649.png,626,1622,7,Cấm dừng và đỗ
1120,0,7658,"[1135, 298, 35, 32]",2,6008,7658.png,626,1622,36,Cấm dừng và đỗ
306,0,7718,"[671, 230, 18, 17]",2,6057,7718.png,626,1622,33,Cấm dừng và đỗ
64,0,7718,"[820, 265, 8, 8]",2,6058,7718.png,626,1622,33,Cấm dừng và đỗ
81,0,7718,"[819, 249, 9, 9]",2,6059,7718.png,626,1622,33,Cấm dừng và đỗ
72,0,7741,"[970, 165, 9, 8]",2,6072,7741.png,626,1622,31,Cấm dừng và đỗ
25,0,7743,"[646, 333, 5, 5]",2,6075,7743.png,626,1622,22,Cấm dừng và đỗ
42,0,7743,"[710, 352, 7, 6]",2,6076,7743.png,626,1622,22,Cấm dừng và đỗ
182,0,7750,"[757, 301, 13, 14]",2,6083,7750.png,626,1622,30,Cấm dừng và đỗ
196,0,7750,"[756, 276, 14, 14]",2,6084,7750.png,626,1622,30,Cấm dừng và đỗ
600,0,7771,"[946, 397, 24, 25]",2,6092,7771.png,626,1622,24,Cấm dừng và đỗ
144,0,7782,"[765, 352, 12, 12]",2,6099,7782.png,626,1622,37,Cấm dừng và đỗ
240,0,7788,"[815, 196, 15, 16]",2,6102,7788.png,626,1622,7,Cấm dừng và đỗ
2024,0,7790,"[901, 266, 46, 44]",2,6103,7790.png,626,1622,45,Cấm dừng và đỗ
49,0,7792,"[610, 283, 7, 7]",2,6108,7792.png,626,1622,19,Cấm dừng và đỗ
2064,0,7798,"[912, 76, 43, 48]",2,6112,7798.png,626,1622,22,Cấm dừng và đỗ
289,0,7818,"[870, 226, 17, 17]",2,6128,7818.png,626,1622,32,Cấm dừng và đỗ
272,0,7824,"[832, 348, 17, 16]",2,6130,7824.png,626,1622,16,Cấm dừng và đỗ
400,0,7825,"[934, 295, 20, 20]",2,6132,7825.png,626,1622,34,Cấm dừng và đỗ
110,0,7836,"[822, 448, 11, 10]",2,6148,7836.png,626,1622,33,Cấm dừng và đỗ
195,0,7864,"[523, 258, 15, 13]",2,6159,7864.png,626,1622,34,Cấm dừng và đỗ
1008,0,7867,"[1533, 390, 28, 36]",2,6163,7867.png,626,1622,31,Cấm dừng và đỗ
121,0,7867,"[800, 393, 11, 11]",2,6165,7867.png,626,1622,31,Cấm dừng và đỗ
208,0,7867,"[189, 369, 16, 13]",2,6168,7867.png,626,1622,31,Cấm dừng và đỗ
784,0,7896,"[942, 199, 28, 28]",2,6187,7896.png,626,1622,51,Cấm dừng và đỗ
1600,0,7897,"[928, 231, 40, 40]",2,6188,7897.png,626,1622,8,Cấm dừng và đỗ
224,0,7900,"[667, 269, 14, 16]",2,6191,7900.png,626,1622,28,Cấm dừng và đỗ
306,0,7917,"[940, 487, 17, 18]",2,6201,7917.png,626,1622,53,Cấm dừng và đỗ
1980,0,7920,"[995, 381, 44, 45]",2,6203,7920.png,626,1622,47,Cấm dừng và đỗ
100,0,7971,"[748, 293, 10, 10]",2,6236,7971.png,626,1622,37,Cấm dừng và đỗ
36,0,8032,"[824, 309, 6, 6]",2,6269,8032.png,626,1622,15,Cấm dừng và đỗ
483,0,8085,"[753, 83, 21, 23]",2,6295,8085.png,626,1622,22,Cấm dừng và đỗ
380,0,8093,"[706, 356, 19, 20]",2,6300,8093.png,626,1622,16,Cấm dừng và đỗ
169,0,8123,"[865, 243, 13, 13]",2,6322,8123.png,626,1622,33,Cấm dừng và đỗ
42,0,8123,"[984, 316, 7, 6]",2,6323,8123.png,626,1622,33,Cấm dừng và đỗ
884,0,8127,"[1496, 448, 34, 26]",2,6324,8127.png,626,1622,19,Cấm dừng và đỗ
1024,0,8131,"[927, 264, 32, 32]",2,6326,8131.png,626,1622,15,Cấm dừng và đỗ
143,0,8161,"[1016, 282, 13, 11]",2,6347,8161.png,626,1622,8,Cấm dừng và đỗ
210,0,8182,"[862, 297, 14, 15]",2,6361,8182.png,626,1622,15,Cấm dừng và đỗ
63,0,8184,"[569, 297, 9, 7]",2,6371,8184.png,626,1622,34,Cấm dừng và đỗ
90,0,8195,"[473, 347, 10, 9]",2,6386,8195.png,626,1622,53,Cấm dừng và đỗ
64,0,8195,"[808, 358, 8, 8]",2,6388,8195.png,626,1622,53,Cấm dừng và đỗ
841,0,8196,"[51, 453, 29, 29]",2,6393,8196.png,626,1622,7,Cấm dừng và đỗ
304,0,8201,"[985, 256, 19, 16]",2,6397,8201.png,626,1622,8,Cấm dừng và đỗ
3471,0,8204,"[1183, 219, 39, 89]",2,6400,8204.png,626,1622,28,Cấm dừng và đỗ
361,0,8206,"[917, 247, 19, 19]",2,6403,8206.png,626,1622,37,Cấm dừng và đỗ
208,0,8213,"[950, 211, 13, 16]",2,6406,8213.png,626,1622,45,Cấm dừng và đỗ
110,0,8219,"[905, 345, 11, 10]",2,6410,8219.png,626,1622,22,Cấm dừng và đỗ
675,0,8223,"[823, 366, 27, 25]",2,6413,8223.png,626,1622,45,Cấm dừng và đỗ
121,0,8231,"[651, 114, 11, 11]",2,6416,8231.png,626,1622,22,Cấm dừng và đỗ
169,0,8248,"[912, 395, 13, 13]",2,6423,8248.png,626,1622,20,Cấm dừng và đỗ
132,0,8248,"[1307, 469, 12, 11]",2,6427,8248.png,626,1622,20,Cấm dừng và đỗ
121,0,8251,"[719, 289, 11, 11]",2,6429,8251.png,626,1622,49,Cấm dừng và đỗ
342,0,8259,"[908, 402, 19, 18]",2,6435,8259.png,626,1622,13,Cấm dừng và đỗ
342,0,8259,"[909, 368, 18, 19]",2,6436,8259.png,626,1622,13,Cấm dừng và đỗ
100,0,8290,"[861, 409, 10, 10]",2,6454,8290.png,626,1622,20,Cấm dừng và đỗ
2303,0,8313,"[979, 264, 49, 47]",2,6466,8313.png,626,1622,36,Cấm dừng và đỗ
240,0,8364,"[913, 278, 16, 15]",2,6486,8364.png,626,1622,13,Cấm dừng và đỗ
225,0,8364,"[914, 248, 15, 15]",2,6487,8364.png,626,1622,13,Cấm dừng và đỗ
132,0,8370,"[1007, 245, 11, 12]",2,6488,8370.png,626,1622,49,Cấm dừng và đỗ
140,0,8370,"[429, 227, 10, 14]",2,6489,8370.png,626,1622,49,Cấm dừng và đỗ
704,0,8370,"[1327, 227, 22, 32]",2,6491,8370.png,626,1622,49,Cấm dừng và đỗ
72,0,8428,"[672, 399, 9, 8]",2,6514,8428.png,626,1622,33,Cấm dừng và đỗ
736,0,8458,"[1474, 145, 32, 23]",2,6532,8458.png,626,1622,20,Cấm dừng và đỗ
169,0,8461,"[809, 233, 13, 13]",2,6539,8461.png,626,1622,45,Cấm dừng và đỗ
196,0,8484,"[869, 319, 14, 14]",2,6545,8484.png,626,1622,34,Cấm dừng và đỗ
546,0,8493,"[1271, 203, 26, 21]",2,6551,8493.png,626,1622,34,Cấm dừng và đỗ
132,0,8499,"[686, 288, 12, 11]",2,6555,8499.png,626,1622,30,Cấm dừng và đỗ
289,0,8502,"[822, 288, 17, 17]",2,6558,8502.png,626,1622,13,Cấm dừng và đỗ
342,0,8502,"[821, 255, 19, 18]",2,6559,8502.png,626,1622,13,Cấm dừng và đỗ
49,0,8506,"[852, 378, 7, 7]",2,6565,8506.png,626,1622,28,Cấm dừng và đỗ
144,0,8512,"[839, 238, 12, 12]",2,6572,8512.png,626,1622,51,Cấm dừng và đỗ
255,0,8512,"[283, 204, 15, 17]",2,6573,8512.png,626,1622,51,Cấm dừng và đỗ
64,0,8520,"[853, 240, 8, 8]",2,6581,8520.png,626,1622,33,Cấm dừng và đỗ
360,0,8534,"[724, 343, 20, 18]",2,6589,8534.png,626,1622,37,Cấm dừng và đỗ
306,0,8534,"[725, 343, 17, 18]",2,7667,8534.png,626,1622,37,Cấm dừng và đỗ
132,0,8539,"[708, 310, 12, 11]",2,6592,8539.png,626,1622,30,Cấm dừng và đỗ
156,0,8539,"[708, 286, 12, 13]",2,6593,8539.png,626,1622,30,Cấm dừng và đỗ
169,0,8539,"[708, 286, 13, 13]",2,6909,8539.png,626,1622,30,Cấm dừng và đỗ
156,0,8539,"[707, 310, 13, 12]",2,6910,8539.png,626,1622,30,Cấm dừng và đỗ
121,0,8539,"[708, 310, 11, 11]",2,7490,8539.png,626,1622,30,Cấm dừng và đỗ
121,0,8539,"[708, 287, 11, 11]",2,7491,8539.png,626,1622,30,Cấm dừng và đỗ
64,0,8563,"[561, 122, 8, 8]",2,6607,8563.png,626,1622,49,Cấm dừng và đỗ
64,0,8563,"[562, 121, 8, 8]",2,8232,8563.png,626,1622,49,Cấm dừng và đỗ
4725,0,8587,"[943, 138, 63, 75]",2,6619,8587.png,626,1622,28,Cấm dừng và đỗ
4712,0,8587,"[944, 137, 62, 76]",2,7920,8587.png,626,1622,28,Cấm dừng và đỗ
1677,0,8607,"[1051, 187, 39, 43]",2,6623,8607.png,626,1622,45,Cấm dừng và đỗ
1470,0,8607,"[1052, 189, 35, 42]",2,8592,8607.png,626,1622,45,Cấm dừng và đỗ
81,0,8632,"[809, 271, 9, 9]",2,6640,8632.png,626,1622,34,Cấm dừng và đỗ
100,0,8632,"[809, 271, 10, 10]",2,6947,8632.png,626,1622,34,Cấm dừng và đỗ
81,0,8632,"[809, 272, 9, 9]",2,7234,8632.png,626,1622,34,Cấm dừng và đỗ
625,0,8666,"[968, 250, 25, 25]",2,6661,8666.png,626,1622,37,Cấm dừng và đỗ
529,0,8666,"[969, 251, 23, 23]",2,9770,8666.png,626,1622,37,Cấm dừng và đỗ
676,0,8686,"[1184, 433, 26, 26]",2,6675,8686.png,626,1622,24,Cấm dừng và đỗ
506,0,8686,"[1184, 436, 23, 22]",2,7861,8686.png,626,1622,24,Cấm dừng và đỗ
234,0,8686,"[165, 411, 13, 18]",2,7862,8686.png,626,1622,24,Cấm dừng và đỗ
528,0,8686,"[1185, 434, 22, 24]",2,10188,8686.png,626,1622,24,Cấm dừng và đỗ
552,0,8724,"[1080, 314, 24, 23]",2,6700,8724.png,626,1622,13,Cấm dừng và đỗ
506,0,8724,"[1080, 315, 22, 23]",2,9001,8724.png,626,1622,13,Cấm dừng và đỗ
650,0,8724,"[1079, 313, 26, 25]",2,10561,8724.png,626,1622,13,Cấm dừng và đỗ
16,0,8756,"[795, 218, 4, 4]",2,6716,8756.png,626,1622,7,Cấm dừng và đỗ
195,0,8767,"[1150, 294, 15, 13]",2,6721,8767.png,626,1622,32,Cấm dừng và đỗ
182,0,8767,"[1150, 295, 14, 13]",2,6915,8767.png,626,1622,32,Cấm dừng và đỗ
195,0,8767,"[1149, 296, 15, 13]",2,8669,8767.png,626,1622,32,Cấm dừng và đỗ
841,0,8794,"[956, 388, 29, 29]",2,6737,8794.png,626,1622,12,Cấm dừng và đỗ
729,0,8794,"[957, 389, 27, 27]",2,7046,8794.png,626,1622,12,Cấm dừng và đỗ
810,0,8794,"[955, 389, 30, 27]",2,7813,8794.png,626,1622,12,Cấm dừng và đỗ
812,0,8794,"[955, 388, 29, 28]",2,7978,8794.png,626,1622,12,Cấm dừng và đỗ
49,0,8798,"[738, 277, 7, 7]",2,6740,8798.png,626,1622,8,Cấm dừng và đỗ
56,0,8798,"[739, 277, 7, 8]",2,7879,8798.png,626,1622,8,Cấm dừng và đỗ
144,0,8863,"[861, 302, 12, 12]",2,6770,8863.png,626,1622,13,Cấm dừng và đỗ
143,0,8863,"[862, 280, 11, 13]",2,6771,8863.png,626,1622,13,Cấm dừng và đỗ
110,0,8863,"[862, 303, 10, 11]",2,7211,8863.png,626,1622,13,Cấm dừng và đỗ
110,0,8863,"[862, 280, 10, 11]",2,7212,8863.png,626,1622,13,Cấm dừng và đỗ
132,0,8863,"[862, 280, 11, 12]",2,7820,8863.png,626,1622,13,Cấm dừng và đỗ
156,0,8863,"[861, 302, 12, 13]",2,7821,8863.png,626,1622,13,Cấm dừng và đỗ
1155,0,8883,"[960, 170, 21, 55]",2,6778,8883.png,626,1622,51,Cấm dừng và đỗ
650,0,8884,"[820, 318, 25, 26]",2,6782,8884.png,626,1622,45,Cấm dừng và đỗ
144,0,8886,"[796, 357, 12, 12]",2,6788,8886.png,626,1622,19,Cấm dừng và đỗ
36,0,8886,"[652, 366, 6, 6]",2,6789,8886.png,626,1622,19,Cấm dừng và đỗ
210,0,8888,"[911, 470, 15, 14]",2,6792,8888.png,626,1622,53,Cấm dừng và đỗ
256,0,8888,"[910, 470, 16, 16]",2,10582,8888.png,626,1622,53,Cấm dừng và đỗ
81,0,8916,"[983, 314, 9, 9]",2,6806,8916.png,626,1622,33,Cấm dừng và đỗ
256,0,8916,"[844, 230, 16, 16]",2,6809,8916.png,626,1622,33,Cấm dừng và đỗ
225,0,8916,"[844, 230, 15, 15]",2,7386,8916.png,626,1622,33,Cấm dừng và đỗ
49,0,8916,"[984, 316, 7, 7]",2,7388,8916.png,626,1622,33,Cấm dừng và đỗ
256,0,8916,"[844, 230, 16, 16]",2,9381,8916.png,626,1622,33,Cấm dừng và đỗ
56,0,8916,"[983, 315, 8, 7]",2,9385,8916.png,626,1622,33,Cấm dừng và đỗ
256,0,8916,"[844, 230, 16, 16]",2,10036,8916.png,626,1622,33,Cấm dừng và đỗ
72,0,8916,"[983, 314, 8, 9]",2,10040,8916.png,626,1622,33,Cấm dừng và đỗ
256,0,8929,"[849, 294, 16, 16]",2,6823,8929.png,626,1622,34,Cấm dừng và đỗ
210,0,8929,"[850, 295, 15, 14]",2,10245,8929.png,626,1622,34,Cấm dừng và đỗ
64,0,8953,"[580, 234, 8, 8]",2,6827,8953.png,626,1622,18,Cấm dừng và đỗ
49,0,8953,"[580, 234, 7, 7]",2,7701,8953.png,626,1622,18,Cấm dừng và đỗ
49,0,8953,"[580, 235, 7, 7]",2,9376,8953.png,626,1622,18,Cấm dừng và đỗ
304,0,8969,"[964, 344, 16, 19]",2,6832,8969.png,626,1622,19,Cấm dừng và đỗ
340,0,8969,"[963, 342, 17, 20]",2,7514,8969.png,626,1622,19,Cấm dừng và đỗ
64,0,8969,"[676, 363, 8, 8]",2,7516,8969.png,626,1622,19,Cấm dừng và đỗ
304,0,8969,"[963, 343, 16, 19]",2,8509,8969.png,626,1622,19,Cấm dừng và đỗ
42,0,8969,"[676, 363, 7, 6]",2,8511,8969.png,626,1622,19,Cấm dừng và đỗ
288,0,8969,"[964, 344, 16, 18]",2,9982,8969.png,626,1622,19,Cấm dừng và đỗ
49,0,8969,"[676, 363, 7, 7]",2,9984,8969.png,626,1622,19,Cấm dừng và đỗ
546,0,8988,"[128, 305, 26, 21]",2,6845,8988.png,626,1622,51,Cấm dừng và đỗ
306,0,8992,"[745, 384, 18, 17]",2,6847,8992.png,626,1622,36,Cấm dừng và đỗ
1188,0,8993,"[897, 267, 33, 36]",2,6849,8993.png,626,1622,8,Cấm dừng và đỗ
1056,0,8993,"[897, 269, 32, 33]",2,9792,8993.png,626,1622,8,Cấm dừng và đỗ
169,0,9003,"[820, 304, 13, 13]",2,6856,9003.png,626,1622,13,Cấm dừng và đỗ
182,0,9003,"[820, 278, 14, 13]",2,6857,9003.png,626,1622,13,Cấm dừng và đỗ
210,0,9003,"[820, 277, 14, 15]",2,7115,9003.png,626,1622,13,Cấm dừng và đỗ
196,0,9003,"[820, 303, 14, 14]",2,7116,9003.png,626,1622,13,Cấm dừng và đỗ
135,0,9015,"[1115, 390, 9, 15]",2,6863,9015.png,626,1622,31,Cấm dừng và đỗ
56,0,9015,"[845, 414, 8, 7]",2,6864,9015.png,626,1622,31,Cấm dừng và đỗ
64,0,9015,"[844, 413, 8, 8]",2,7742,9015.png,626,1622,31,Cấm dừng và đỗ
150,0,9015,"[1115, 390, 10, 15]",2,7743,9015.png,626,1622,31,Cấm dừng và đỗ
272,0,9063,"[666, 279, 16, 17]",2,6879,9063.png,626,1622,20,Cấm dừng và đỗ
49,0,9063,"[956, 364, 7, 7]",2,6882,9063.png,626,1622,20,Cấm dừng và đỗ
110,0,9068,"[854, 276, 11, 10]",2,6886,9068.png,626,1622,13,Cấm dừng và đỗ
121,0,9068,"[854, 254, 11, 11]",2,6887,9068.png,626,1622,13,Cấm dừng và đỗ
132,0,9068,"[853, 275, 12, 11]",2,8484,9068.png,626,1622,13,Cấm dừng và đỗ
121,0,9068,"[853, 253, 11, 11]",2,8485,9068.png,626,1622,13,Cấm dừng và đỗ
121,0,9068,"[854, 253, 11, 11]",2,10011,9068.png,626,1622,13,Cấm dừng và đỗ
110,0,9068,"[854, 275, 10, 11]",2,10012,9068.png,626,1622,13,Cấm dừng và đỗ
100,0,9073,"[843, 207, 10, 10]",2,6890,9073.png,626,1622,8,Cấm dừng và đỗ
169,0,9099,"[842, 346, 13, 13]",2,6908,9099.png,626,1622,15,Cấm dừng và đỗ
100,0,9101,"[797, 286, 10, 10]",2,6911,9101.png,626,1622,8,Cấm dừng và đỗ
72,0,9101,"[797, 287, 9, 8]",2,8246,9101.png,626,1622,8,Cấm dừng và đỗ
81,0,9101,"[797, 287, 9, 9]",2,9035,9101.png,626,1622,8,Cấm dừng và đỗ
72,0,9101,"[797, 287, 8, 9]",2,9589,9101.png,626,1622,8,Cấm dừng và đỗ
324,0,9102,"[835, 281, 18, 18]",2,6912,9102.png,626,1622,8,Cấm dừng và đỗ
324,0,9102,"[835, 281, 18, 18]",2,8891,9102.png,626,1622,8,Cấm dừng và đỗ
289,0,9102,"[835, 282, 17, 17]",2,10056,9102.png,626,1622,8,Cấm dừng và đỗ
345,0,9115,"[405, 213, 15, 23]",2,8219,9115.png,626,1622,51,Cấm dừng và đỗ
299,0,9115,"[405, 213, 13, 23]",2,9819,9115.png,626,1622,51,Cấm dừng và đỗ
308,0,9115,"[404, 214, 14, 22]",2,10471,9115.png,626,1622,51,Cấm dừng và đỗ
483,0,9130,"[1081, 234, 23, 21]",2,6940,9130.png,626,1622,36,Cấm dừng và đỗ
483,0,9130,"[1081, 235, 23, 21]",2,7744,9130.png,626,1622,36,Cấm dừng và đỗ
504,0,9130,"[1080, 234, 24, 21]",2,9320,9130.png,626,1622,36,Cấm dừng và đỗ
418,0,9130,"[1081, 235, 22, 19]",2,10520,9130.png,626,1622,36,Cấm dừng và đỗ
49,0,9131,"[650, 301, 7, 7]",2,6943,9131.png,626,1622,19,Cấm dừng và đỗ
49,0,9131,"[716, 313, 7, 7]",2,6945,9131.png,626,1622,19,Cấm dừng và đỗ
49,0,9131,"[650, 301, 7, 7]",2,8043,9131.png,626,1622,19,Cấm dừng và đỗ
49,0,9131,"[717, 313, 7, 7]",2,8045,9131.png,626,1622,19,Cấm dừng và đỗ
49,0,9131,"[650, 301, 7, 7]",2,8777,9131.png,626,1622,19,Cấm dừng và đỗ
49,0,9131,"[716, 313, 7, 7]",2,8778,9131.png,626,1622,19,Cấm dừng và đỗ
240,0,9187,"[642, 228, 16, 15]",2,6976,9187.png,626,1622,18,Cấm dừng và đỗ
272,0,9187,"[642, 211, 16, 17]",2,6977,9187.png,626,1622,18,Cấm dừng và đỗ
196,0,9187,"[643, 212, 14, 14]",2,9004,9187.png,626,1622,18,Cấm dừng và đỗ
288,0,9189,"[986, 257, 18, 16]",2,6978,9189.png,626,1622,8,Cấm dừng và đỗ
255,0,9189,"[986, 257, 17, 15]",2,8690,9189.png,626,1622,8,Cấm dừng và đỗ
169,0,9199,"[824, 227, 13, 13]",2,6982,9199.png,626,1622,51,Cấm dừng và đỗ
81,0,9207,"[661, 362, 9, 9]",2,6989,9207.png,626,1622,19,Cấm dừng và đỗ
72,0,9207,"[661, 362, 9, 8]",2,7850,9207.png,626,1622,19,Cấm dừng và đỗ
121,0,9237,"[823, 350, 11, 11]",2,7000,9237.png,626,1622,37,Cấm dừng và đỗ
36,0,9248,"[1159, 395, 6, 6]",2,7010,9248.png,626,1622,28,Cấm dừng và đỗ
81,0,9254,"[801, 201, 9, 9]",2,7016,9254.png,626,1622,7,Cấm dừng và đỗ
144,0,9254,"[397, 196, 9, 16]",2,7017,9254.png,626,1622,7,Cấm dừng và đỗ
80,0,9254,"[801, 201, 10, 8]",2,9427,9254.png,626,1622,7,Cấm dừng và đỗ
4154,0,9309,"[1117, 186, 67, 62]",2,7053,9309.png,626,1622,15,Cấm dừng và đỗ
4420,0,9309,"[1116, 185, 68, 65]",2,8181,9309.png,626,1622,15,Cấm dừng và đỗ
3906,0,9309,"[1119, 187, 63, 62]",2,9749,9309.png,626,1622,15,Cấm dừng và đỗ
169,0,9350,"[629, 217, 13, 13]",2,7079,9350.png,626,1622,36,Cấm dừng và đỗ
156,0,9350,"[630, 218, 12, 13]",2,8088,9350.png,626,1622,36,Cấm dừng và đỗ
156,0,9350,"[629, 218, 12, 13]",2,9221,9350.png,626,1622,36,Cấm dừng và đỗ
132,0,9366,"[756, 276, 12, 11]",2,7093,9366.png,626,1622,37,Cấm dừng và đỗ
132,0,9366,"[756, 276, 12, 11]",2,10207,9366.png,626,1622,37,Cấm dừng và đỗ
11615,0,9399,"[966, 59, 101, 115]",2,7120,9399.png,626,1622,18,Cấm dừng và đỗ
11934,0,9399,"[966, 60, 102, 117]",2,8019,9399.png,626,1622,18,Cấm dừng và đỗ
210,0,9405,"[899, 300, 15, 14]",2,7127,9405.png,626,1622,8,Cấm dừng và đỗ
225,0,9405,"[899, 299, 15, 15]",2,9448,9405.png,626,1622,8,Cấm dừng và đỗ
182,0,9405,"[770, 314, 14, 13]",2,9449,9405.png,626,1622,8,Cấm dừng và đỗ
256,0,9405,"[898, 298, 16, 16]",2,10006,9405.png,626,1622,8,Cấm dừng và đỗ
210,0,9405,"[899, 300, 15, 14]",2,10113,9405.png,626,1622,8,Cấm dừng và đỗ
6970,0,9421,"[1042, 298, 85, 82]",2,7142,9421.png,626,1622,36,Cấm dừng và đỗ
144,0,9432,"[886, 321, 12, 12]",2,7145,9432.png,626,1622,13,Cấm dừng và đỗ
144,0,9438,"[809, 380, 12, 12]",2,7148,9438.png,626,1622,4,Cấm dừng và đỗ
81,0,9442,"[728, 301, 9, 9]",2,7155,9442.png,626,1622,30,Cấm dừng và đỗ
90,0,9442,"[729, 319, 9, 10]",2,7156,9442.png,626,1622,30,Cấm dừng và đỗ
90,0,9442,"[729, 319, 10, 9]",2,8221,9442.png,626,1622,30,Cấm dừng và đỗ
90,0,9442,"[728, 300, 9, 10]",2,8222,9442.png,626,1622,30,Cấm dừng và đỗ
56,0,9444,"[507, 280, 7, 8]",2,7159,9444.png,626,1622,34,Cấm dừng và đỗ
64,0,9444,"[507, 281, 8, 8]",2,7505,9444.png,626,1622,34,Cấm dừng và đỗ
169,0,9446,"[897, 314, 13, 13]",2,7160,9446.png,626,1622,13,Cấm dừng và đỗ
156,0,9446,"[899, 287, 12, 13]",2,7161,9446.png,626,1622,13,Cấm dừng và đỗ
240,0,9448,"[808, 296, 15, 16]",2,7164,9448.png,626,1622,45,Cấm dừng và đỗ
224,0,9448,"[807, 296, 14, 16]",2,7753,9448.png,626,1622,45,Cấm dừng và đỗ
240,0,9448,"[807, 296, 15, 16]",2,8194,9448.png,626,1622,45,Cấm dừng và đỗ
210,0,9448,"[808, 297, 14, 15]",2,10597,9448.png,626,1622,45,Cấm dừng và đỗ
289,0,9453,"[1026, 264, 17, 17]",2,7169,9453.png,626,1622,45,Cấm dừng và đỗ
728,0,9458,"[990, 274, 28, 26]",2,7170,9458.png,626,1622,37,Cấm dừng và đỗ
600,0,9458,"[991, 276, 25, 24]",2,9570,9458.png,626,1622,37,Cấm dừng và đỗ
144,0,9464,"[532, 278, 12, 12]",2,7174,9464.png,626,1622,34,Cấm dừng và đỗ
156,0,9464,"[531, 278, 13, 12]",2,9935,9464.png,626,1622,34,Cấm dừng và đỗ
169,0,9464,"[531, 278, 13, 13]",2,10601,9464.png,626,1622,34,Cấm dừng và đỗ
156,0,9471,"[737, 300, 13, 12]",2,7181,9471.png,626,1622,49,Cấm dừng và đỗ
168,0,9471,"[736, 300, 14, 12]",2,8189,9471.png,626,1622,49,Cấm dừng và đỗ
812,0,9488,"[868, 184, 28, 29]",2,7189,9488.png,626,1622,47,Cấm dừng và đỗ
812,0,9488,"[868, 184, 28, 29]",2,9232,9488.png,626,1622,47,Cấm dừng và đỗ
30,0,9563,"[716, 324, 6, 5]",2,8551,9563.png,626,1622,34,Cấm dừng và đỗ
441,0,9575,"[770, 169, 21, 21]",2,7254,9575.png,626,1622,18,Cấm dừng và đỗ
420,0,9575,"[770, 168, 20, 21]",2,7696,9575.png,626,1622,18,Cấm dừng và đỗ
3024,0,9576,"[1087, 312, 54, 56]",2,7258,9576.png,626,1622,28,Cấm dừng và đỗ
2907,0,9576,"[1088, 311, 51, 57]",2,8239,9576.png,626,1622,28,Cấm dừng và đỗ
552,0,9578,"[686, 350, 24, 23]",2,7260,9578.png,626,1622,34,Cấm dừng và đỗ
552,0,9578,"[685, 349, 24, 23]",2,7713,9578.png,626,1622,34,Cấm dừng và đỗ
552,0,9578,"[685, 349, 24, 23]",2,9213,9578.png,626,1622,34,Cấm dừng và đỗ
624,0,9578,"[685, 350, 26, 24]",2,10051,9578.png,626,1622,34,Cấm dừng và đỗ
144,0,9585,"[697, 278, 12, 12]",2,7264,9585.png,626,1622,32,Cấm dừng và đỗ
121,0,9585,"[697, 278, 11, 11]",2,7530,9585.png,626,1622,32,Cấm dừng và đỗ
196,0,9586,"[883, 322, 14, 14]",2,7265,9586.png,626,1622,31,Cấm dừng và đỗ
240,0,9586,"[882, 321, 16, 15]",2,9347,9586.png,626,1622,31,Cấm dừng và đỗ
132,0,9604,"[621, 145, 12, 11]",2,7276,9604.png,626,1622,22,Cấm dừng và đỗ
81,0,9607,"[584, 277, 9, 9]",2,7284,9607.png,626,1622,19,Cấm dừng và đỗ
81,0,9607,"[584, 278, 9, 9]",2,9529,9607.png,626,1622,19,Cấm dừng và đỗ
81,0,9607,"[584, 278, 9, 9]",2,10224,9607.png,626,1622,19,Cấm dừng và đỗ
169,0,9618,"[950, 259, 13, 13]",2,7289,9618.png,626,1622,33,Cấm dừng và đỗ
30,0,9618,"[848, 255, 6, 5]",2,7291,9618.png,626,1622,33,Cấm dừng và đỗ
144,0,9618,"[950, 260, 12, 12]",2,7875,9618.png,626,1622,33,Cấm dừng và đỗ
16,0,9618,"[850, 255, 4, 4]",2,7878,9618.png,626,1622,33,Cấm dừng và đỗ
525,0,9620,"[1115, 218, 25, 21]",2,7295,9620.png,626,1622,49,Cấm dừng và đỗ
675,0,9620,"[1114, 216, 27, 25]",2,8315,9620.png,626,1622,49,Cấm dừng và đỗ
810,0,9625,"[1063, 264, 30, 27]",2,7298,9625.png,626,1622,45,Cấm dừng và đỗ
240,0,9632,"[964, 276, 15, 16]",2,7306,9632.png,626,1622,45,Cấm dừng và đỗ
360,0,9644,"[1093, 343, 20, 18]",2,7311,9644.png,626,1622,22,Cấm dừng và đỗ
169,0,9648,"[678, 317, 13, 13]",2,7317,9648.png,626,1622,19,Cấm dừng và đỗ
182,0,9648,"[678, 316, 14, 13]",2,8878,9648.png,626,1622,19,Cấm dừng và đỗ
529,0,9651,"[1107, 255, 23, 23]",2,7319,9651.png,626,1622,29,Cấm dừng và đỗ
529,0,9651,"[1107, 255, 23, 23]",2,8623,9651.png,626,1622,29,Cấm dừng và đỗ
576,0,9654,"[830, 201, 24, 24]",2,7321,9654.png,626,1622,33,Cấm dừng và đỗ
576,0,9654,"[829, 202, 24, 24]",2,9011,9654.png,626,1622,33,Cấm dừng và đỗ
529,0,9654,"[829, 202, 23, 23]",2,10267,9654.png,626,1622,33,Cấm dừng và đỗ
132,0,9674,"[538, 254, 12, 11]",2,7331,9674.png,626,1622,18,Cấm dừng và đỗ
110,0,9674,"[538, 254, 11, 10]",2,8539,9674.png,626,1622,18,Cấm dừng và đỗ
132,0,9674,"[537, 253, 12, 11]",2,10059,9674.png,626,1622,18,Cấm dừng và đỗ
616,0,9678,"[1365, 390, 28, 22]",2,7333,9678.png,626,1622,12,Cấm dừng và đỗ
567,0,9678,"[1366, 391, 27, 21]",2,7916,9678.png,626,1622,12,Cấm dừng và đỗ
638,0,9678,"[1365, 390, 29, 22]",2,9745,9678.png,626,1622,12,Cấm dừng và đỗ
594,0,9678,"[1366, 390, 27, 22]",2,10313,9678.png,626,1622,12,Cấm dừng và đỗ
196,0,9685,"[634, 282, 14, 14]",2,7335,9685.png,626,1622,34,Cấm dừng và đỗ
225,0,9685,"[634, 280, 15, 15]",2,7647,9685.png,626,1622,34,Cấm dừng và đỗ
196,0,9685,"[634, 281, 14, 14]",2,9912,9685.png,626,1622,34,Cấm dừng và đỗ
25,0,9696,"[711, 357, 5, 5]",2,8109,9696.png,626,1622,22,Cấm dừng và đỗ
81,0,9697,"[732, 255, 9, 9]",2,7343,9697.png,626,1622,37,Cấm dừng và đỗ
64,0,9697,"[733, 255, 8, 8]",2,10433,9697.png,626,1622,37,Cấm dừng và đỗ
990,0,9717,"[1002, 253, 30, 33]",2,7356,9717.png,626,1622,37,Cấm dừng và đỗ
870,0,9717,"[1002, 255, 29, 30]",2,7440,9717.png,626,1622,37,Cấm dừng và đỗ
868,0,9717,"[1002, 255, 28, 31]",2,9150,9717.png,626,1622,37,Cấm dừng và đỗ
899,0,9717,"[1001, 255, 29, 31]",2,9692,9717.png,626,1622,37,Cấm dừng và đỗ
930,0,9717,"[1002, 254, 30, 31]",2,10519,9717.png,626,1622,37,Cấm dừng và đỗ
169,0,9745,"[893, 340, 13, 13]",2,7378,9745.png,626,1622,12,Cấm dừng và đỗ
144,0,9745,"[893, 341, 12, 12]",2,8619,9745.png,626,1622,12,Cấm dừng và đỗ
756,0,9750,"[749, 185, 27, 28]",2,7380,9750.png,626,1622,51,Cấm dừng và đỗ
756,0,9750,"[748, 185, 28, 27]",2,8801,9750.png,626,1622,51,Cấm dừng và đỗ
841,0,9750,"[749, 184, 29, 29]",2,9607,9750.png,626,1622,51,Cấm dừng và đỗ
72,0,9769,"[760, 263, 8, 9]",2,7390,9769.png,626,1622,32,Cấm dừng và đỗ
156,0,9775,"[1077, 189, 13, 12]",2,7395,9775.png,626,1622,49,Cấm dừng và đỗ
45,0,9775,"[761, 203, 5, 9]",2,7397,9775.png,626,1622,49,Cấm dừng và đỗ
54,0,9775,"[761, 202, 6, 9]",2,10386,9775.png,626,1622,49,Cấm dừng và đỗ
144,0,9775,"[1078, 189, 12, 12]",2,10391,9775.png,626,1622,49,Cấm dừng và đỗ
196,0,9790,"[829, 356, 14, 14]",2,7401,9790.png,626,1622,37,Cấm dừng và đỗ
144,0,9790,"[830, 357, 12, 12]",2,7708,9790.png,626,1622,37,Cấm dừng và đỗ
110,0,9792,"[1205, 401, 11, 10]",2,7402,9792.png,626,1622,12,Cấm dừng và đỗ
120,0,9792,"[1205, 401, 12, 10]",2,7661,9792.png,626,1622,12,Cấm dừng và đỗ
110,0,9792,"[1205, 401, 11, 10]",2,8360,9792.png,626,1622,12,Cấm dừng và đỗ
182,0,9799,"[639, 353, 13, 14]",2,7408,9799.png,626,1622,16,Cấm dừng và đỗ
240,0,9820,"[981, 274, 16, 15]",2,7424,9820.png,626,1622,37,Cấm dừng và đỗ
552,0,9835,"[791, 288, 23, 24]",2,7433,9835.png,626,1622,37,Cấm dừng và đỗ
552,0,9836,"[1058, 309, 23, 24]",2,7434,9836.png,626,1622,22,Cấm dừng và đỗ
625,0,9836,"[1057, 308, 25, 25]",2,9550,9836.png,626,1622,22,Cấm dừng và đỗ
702,0,9836,"[1056, 307, 27, 26]",2,10173,9836.png,626,1622,22,Cấm dừng và đỗ
462,0,9871,"[834, 389, 22, 21]",2,7457,9871.png,626,1622,15,Cấm dừng và đỗ
660,0,9871,"[373, 343, 22, 30]",2,7458,9871.png,626,1622,15,Cấm dừng và đỗ
560,0,9871,"[373, 345, 20, 28]",2,9291,9871.png,626,1622,15,Cấm dừng và đỗ
420,0,9871,"[835, 390, 20, 21]",2,9292,9871.png,626,1622,15,Cấm dừng và đỗ
8930,0,9874,"[1175, 144, 94, 95]",2,7460,9874.png,626,1622,45,Cấm dừng và đỗ
99,0,9911,"[846, 306, 9, 11]",2,7487,9911.png,626,1622,45,Cấm dừng và đỗ
110,0,9911,"[846, 306, 10, 11]",2,8126,9911.png,626,1622,45,Cấm dừng và đỗ
756,0,9939,"[967, 283, 28, 27]",2,7507,9939.png,626,1622,37,Cấm dừng và đỗ
650,0,9939,"[969, 284, 26, 25]",2,9039,9939.png,626,1622,37,Cấm dừng và đỗ
169,0,9953,"[822, 349, 13, 13]",2,7519,9953.png,626,1622,15,Cấm dừng và đỗ
156,0,9953,"[823, 348, 12, 13]",2,8457,9953.png,626,1622,15,Cấm dừng và đỗ
144,0,9953,"[822, 349, 12, 12]",2,9332,9953.png,626,1622,15,Cấm dừng và đỗ
182,0,9953,"[822, 348, 14, 13]",2,10082,9953.png,626,1622,15,Cấm dừng và đỗ
90,0,9975,"[738, 312, 9, 10]",2,7533,9975.png,626,1622,13,Cấm dừng và đỗ
81,0,9975,"[738, 295, 9, 9]",2,7534,9975.png,626,1622,13,Cấm dừng và đỗ
49,0,9975,"[739, 296, 7, 7]",2,8646,9975.png,626,1622,13,Cấm dừng và đỗ
49,0,9975,"[739, 313, 7, 7]",2,8647,9975.png,626,1622,13,Cấm dừng và đỗ
72,0,9975,"[739, 313, 9, 8]",2,8994,9975.png,626,1622,13,Cấm dừng và đỗ
72,0,9975,"[738, 295, 8, 9]",2,8995,9975.png,626,1622,13,Cấm dừng và đỗ
225,0,9976,"[881, 210, 15, 15]",2,7535,9976.png,626,1622,7,Cấm dừng và đỗ
182,0,9976,"[883, 211, 13, 14]",2,9986,9976.png,626,1622,7,Cấm dừng và đỗ
132,0,9983,"[743, 246, 11, 12]",2,7540,9983.png,626,1622,51,Cấm dừng và đỗ
144,0,9983,"[743, 246, 12, 12]",2,7750,9983.png,626,1622,51,Cấm dừng và đỗ
121,0,9983,"[743, 246, 11, 11]",2,9158,9983.png,626,1622,51,Cấm dừng và đỗ
121,0,9983,"[743, 246, 11, 11]",2,9414,9983.png,626,1622,51,Cấm dừng và đỗ
306,0,9986,"[797, 348, 17, 18]",2,7550,9986.png,626,1622,22,Cấm dừng và đỗ
144,0,9986,"[1086, 378, 12, 12]",2,7551,9986.png,626,1622,22,Cấm dừng và đỗ
361,0,9998,"[798, 209, 19, 19]",2,7564,9998.png,626,1622,7,Cấm dừng và đỗ
324,0,9998,"[798, 209, 18, 18]",2,8075,9998.png,626,1622,7,Cấm dừng và đỗ
324,0,9998,"[798, 209, 18, 18]",2,8527,9998.png,626,1622,7,Cấm dừng và đỗ
420,0,9998,"[797, 207, 20, 21]",2,8939,9998.png,626,1622,7,Cấm dừng và đỗ
324,0,9998,"[798, 209, 18, 18]",2,9431,9998.png,626,1622,7,Cấm dừng và đỗ
90,0,10008,"[838, 234, 9, 10]",2,7573,10008.png,626,1622,32,Cấm dừng và đỗ
72,0,10008,"[839, 235, 8, 9]",2,8840,10008.png,626,1622,32,Cấm dừng và đỗ
456,0,10014,"[1359, 192, 24, 19]",2,7578,10014.png,626,1622,7,Cấm dừng và đỗ
500,0,10014,"[1358, 192, 25, 20]",2,10236,10014.png,626,1622,7,Cấm dừng và đỗ
361,0,10039,"[839, 238, 19, 19]",2,7602,10039.png,626,1622,32,Cấm dừng và đỗ
380,0,10039,"[839, 237, 19, 20]",2,9352,10039.png,626,1622,32,Cấm dừng và đỗ
342,0,10039,"[840, 238, 19, 18]",2,9784,10039.png,626,1622,32,Cấm dừng và đỗ
1295,0,10040,"[696, 143, 35, 37]",2,7604,10040.png,626,1622,18,Cấm dừng và đỗ
1330,0,10040,"[696, 143, 35, 38]",2,9313,10040.png,626,1622,18,Cấm dừng và đỗ
240,0,10130,"[737, 283, 15, 16]",2,7699,10130.png,626,1622,30,Cấm dừng và đỗ
256,0,10130,"[740, 253, 16, 16]",2,7700,10130.png,626,1622,30,Cấm dừng và đỗ
324,0,10146,"[579, 440, 18, 18]",2,7718,10146.png,626,1622,19,Cấm dừng và đỗ
784,0,10167,"[808, 231, 28, 28]",2,7746,10167.png,626,1622,37,Cấm dừng và đỗ
3016,0,10183,"[570, 236, 52, 58]",2,7769,10183.png,626,1622,22,Cấm dừng và đỗ
2646,0,10183,"[572, 238, 49, 54]",2,9758,10183.png,626,1622,22,Cấm dừng và đỗ
2805,0,10183,"[571, 239, 51, 55]",2,10294,10183.png,626,1622,22,Cấm dừng và đỗ
25,0,10187,"[819, 381, 5, 5]",2,7775,10187.png,626,1622,28,Cấm dừng và đỗ
16,0,10187,"[819, 382, 4, 4]",2,9568,10187.png,626,1622,28,Cấm dừng và đỗ
1628,0,10188,"[1197, 246, 44, 37]",2,7776,10188.png,626,1622,45,Cấm dừng và đỗ
1470,0,10188,"[1199, 247, 42, 35]",2,9960,10188.png,626,1622,45,Cấm dừng và đỗ
72,0,10189,"[425, 285, 9, 8]",2,7781,10189.png,626,1622,34,Cấm dừng và đỗ
2544,0,10192,"[1148, 211, 53, 48]",2,7784,10192.png,626,1622,45,Cấm dừng và đỗ
2346,0,10192,"[1150, 213, 51, 46]",2,8312,10192.png,626,1622,45,Cấm dừng và đỗ
256,0,10196,"[680, 307, 16, 16]",2,7788,10196.png,626,1622,34,Cấm dừng và đỗ
270,0,10196,"[681, 307, 15, 18]",2,8966,10196.png,626,1622,34,Cấm dừng và đỗ
648,0,10199,"[1074, 186, 27, 24]",2,7790,10199.png,626,1622,36,Cấm dừng và đỗ
132,0,10204,"[747, 213, 12, 11]",2,7797,10204.png,626,1622,7,Cấm dừng và đỗ
225,0,10215,"[987, 258, 15, 15]",2,7804,10215.png,626,1622,8,Cấm dừng và đỗ
306,0,10215,"[985, 257, 18, 17]",2,10002,10215.png,626,1622,8,Cấm dừng và đỗ
5900,0,10235,"[1182, 28, 59, 100]",2,7826,10235.png,626,1622,22,Cấm dừng và đỗ
6370,0,10235,"[1180, 27, 65, 98]",2,8332,10235.png,626,1622,22,Cấm dừng và đỗ
5900,0,10235,"[1182, 26, 59, 100]",2,8739,10235.png,626,1622,22,Cấm dừng và đỗ
49,0,10259,"[787, 353, 7, 7]",2,7843,10259.png,626,1622,16,Cấm dừng và đỗ
56,0,10259,"[787, 353, 7, 8]",2,10033,10259.png,626,1622,16,Cấm dừng và đỗ
324,0,10274,"[1013, 292, 18, 18]",2,7866,10274.png,626,1622,37,Cấm dừng và đỗ
56,0,10274,"[962, 290, 8, 7]",2,7867,10274.png,626,1622,37,Cấm dừng và đỗ
324,0,10274,"[1013, 292, 18, 18]",2,10200,10274.png,626,1622,37,Cấm dừng và đỗ
56,0,10274,"[962, 290, 8, 7]",2,10201,10274.png,626,1622,37,Cấm dừng và đỗ
600,0,10278,"[860, 168, 24, 25]",2,7868,10278.png,626,1622,7,Cấm dừng và đỗ
702,0,10278,"[859, 167, 26, 27]",2,10177,10278.png,626,1622,7,Cấm dừng và đỗ
169,0,10292,"[671, 312, 13, 13]",2,7891,10292.png,626,1622,30,Cấm dừng và đỗ
180,0,10292,"[670, 312, 15, 12]",2,8501,10292.png,626,1622,30,Cấm dừng và đỗ
169,0,10292,"[672, 312, 13, 13]",2,8579,10292.png,626,1622,30,Cấm dừng và đỗ
420,0,10296,"[772, 298, 20, 21]",2,7894,10296.png,626,1622,30,Cấm dừng và đỗ
361,0,10296,"[773, 299, 19, 19]",2,8661,10296.png,626,1622,30,Cấm dừng và đỗ
81,0,10310,"[769, 275, 9, 9]",2,7903,10310.png,626,1622,37,Cấm dừng và đỗ
100,0,10320,"[692, 331, 10, 10]",2,7909,10320.png,626,1622,30,Cấm dừng và đỗ
90,0,10320,"[693, 313, 9, 10]",2,7910,10320.png,626,1622,30,Cấm dừng và đỗ
81,0,10320,"[693, 333, 9, 9]",2,8486,10320.png,626,1622,30,Cấm dừng và đỗ
81,0,10320,"[693, 313, 9, 9]",2,8487,10320.png,626,1622,30,Cấm dừng và đỗ
7990,0,10332,"[429, 212, 94, 85]",2,7918,10332.png,626,1622,36,Cấm dừng và đỗ
72,0,10342,"[709, 375, 9, 8]",2,7930,10342.png,626,1622,22,Cấm dừng và đỗ
36,0,10342,"[634, 350, 6, 6]",2,7933,10342.png,626,1622,22,Cấm dừng và đỗ
56,0,10342,"[710, 375, 8, 7]",2,7960,10342.png,626,1622,22,Cấm dừng và đỗ
784,0,10360,"[774, 100, 28, 28]",2,7944,10360.png,626,1622,22,Cấm dừng và đỗ
90,0,10362,"[524, 303, 10, 9]",2,7948,10362.png,626,1622,34,Cấm dừng và đỗ
81,0,10362,"[524, 303, 9, 9]",2,10512,10362.png,626,1622,34,Cấm dừng và đỗ
323,0,10364,"[976, 378, 19, 17]",2,7951,10364.png,626,1622,3,Cấm dừng và đỗ
720,0,10364,"[1220, 323, 20, 36]",2,7952,10364.png,626,1622,3,Cấm dừng và đỗ
1140,0,10372,"[1145, 191, 38, 30]",2,7963,10372.png,626,1622,49,Cấm dừng và đỗ
1050,0,10372,"[1146, 191, 35, 30]",2,9575,10372.png,626,1622,49,Cấm dừng và đỗ
1020,0,10372,"[1146, 191, 34, 30]",2,9684,10372.png,626,1622,49,Cấm dừng và đỗ
957,0,10372,"[1147, 192, 33, 29]",2,10473,10372.png,626,1622,49,Cấm dừng và đỗ
182,0,10376,"[574, 336, 14, 13]",2,7971,10376.png,626,1622,34,Cấm dừng và đỗ
210,0,10376,"[574, 335, 15, 14]",2,10603,10376.png,626,1622,34,Cấm dừng và đỗ
30,0,10386,"[585, 267, 6, 5]",2,7977,10386.png,626,1622,28,Cấm dừng và đỗ
90,0,10409,"[649, 316, 10, 9]",2,8009,10409.png,626,1622,19,Cấm dừng và đỗ
100,0,10409,"[737, 329, 10, 10]",2,8010,10409.png,626,1622,19,Cấm dừng và đỗ
700,0,10435,"[883, 290, 25, 28]",2,8026,10435.png,626,1622,31,Cấm dừng và đỗ
64,0,10460,"[493, 349, 8, 8]",2,8061,10460.png,626,1622,53,Cấm dừng và đỗ
49,0,10460,"[801, 360, 7, 7]",2,8069,10460.png,626,1622,53,Cấm dừng và đỗ
72,0,10477,"[801, 314, 8, 9]",2,8086,10477.png,626,1622,13,Cấm dừng và đỗ
72,0,10477,"[801, 298, 8, 9]",2,8087,10477.png,626,1622,13,Cấm dừng và đỗ
49,0,10477,"[802, 315, 7, 7]",2,8628,10477.png,626,1622,13,Cấm dừng và đỗ
49,0,10477,"[802, 298, 7, 7]",2,8629,10477.png,626,1622,13,Cấm dừng và đỗ
289,0,10484,"[561, 247, 17, 17]",2,8093,10484.png,626,1622,18,Cấm dừng và đỗ
36,0,10487,"[677, 412, 6, 6]",2,8095,10487.png,626,1622,33,Cấm dừng và đỗ
49,0,10487,"[677, 411, 7, 7]",2,8871,10487.png,626,1622,33,Cấm dừng và đỗ
49,0,10487,"[677, 411, 7, 7]",2,9069,10487.png,626,1622,33,Cấm dừng và đỗ
42,0,10487,"[677, 412, 7, 6]",2,10005,10487.png,626,1622,33,Cấm dừng và đỗ
72,0,10502,"[824, 212, 8, 9]",2,8107,10502.png,626,1622,7,Cấm dừng và đỗ
64,0,10502,"[824, 212, 8, 8]",2,8839,10502.png,626,1622,7,Cấm dừng và đỗ
81,0,10504,"[867, 375, 9, 9]",2,8119,10504.png,626,1622,28,Cấm dừng và đỗ
342,0,10508,"[735, 276, 18, 19]",2,8122,10508.png,626,1622,45,Cấm dừng và đỗ
399,0,10508,"[734, 276, 21, 19]",2,10534,10508.png,626,1622,45,Cấm dừng và đỗ
49,0,10523,"[673, 403, 7, 7]",2,8149,10523.png,626,1622,33,Cấm dừng và đỗ
380,0,10526,"[861, 211, 19, 20]",2,8155,10526.png,626,1622,32,Cấm dừng và đỗ
323,0,10613,"[985, 256, 19, 17]",2,8249,10613.png,626,1622,8,Cấm dừng và đỗ
90,0,10651,"[802, 355, 10, 9]",2,8298,10651.png,626,1622,16,Cấm dừng và đỗ
324,0,10654,"[971, 292, 18, 18]",2,8303,10654.png,626,1622,13,Cấm dừng và đỗ
360,0,10654,"[970, 256, 18, 20]",2,8304,10654.png,626,1622,13,Cấm dừng và đỗ
272,0,10654,"[972, 292, 16, 17]",2,8604,10654.png,626,1622,13,Cấm dừng và đỗ
306,0,10654,"[971, 258, 17, 18]",2,8605,10654.png,626,1622,13,Cấm dừng và đỗ
342,0,10654,"[970, 257, 18, 19]",2,9571,10654.png,626,1622,13,Cấm dừng và đỗ
361,0,10654,"[970, 291, 19, 19]",2,9572,10654.png,626,1622,13,Cấm dừng và đỗ
121,0,10656,"[925, 264, 11, 11]",2,8306,10656.png,626,1622,33,Cấm dừng và đỗ
110,0,10656,"[926, 264, 11, 10]",2,9538,10656.png,626,1622,33,Cấm dừng và đỗ
3132,0,10657,"[1189, 241, 58, 54]",2,8308,10657.png,626,1622,53,Cấm dừng và đỗ
2856,0,10657,"[1190, 243, 56, 51]",2,8662,10657.png,626,1622,53,Cấm dừng và đỗ
3074,0,10657,"[1188, 241, 58, 53]",2,9350,10657.png,626,1622,53,Cấm dừng và đỗ
5538,0,10663,"[1192, 145, 78, 71]",2,8316,10663.png,626,1622,52,Cấm dừng và đỗ
6561,0,10663,"[1190, 139, 81, 81]",2,9295,10663.png,626,1622,52,Cấm dừng và đỗ
289,0,10695,"[951, 290, 17, 17]",2,8347,10695.png,626,1622,45,Cấm dừng và đỗ
650,0,10707,"[986, 345, 26, 25]",2,8356,10707.png,626,1622,53,Cấm dừng và đỗ
625,0,10707,"[986, 345, 25, 25]",2,8781,10707.png,626,1622,53,Cấm dừng và đỗ
210,0,10713,"[544, 251, 15, 14]",2,8365,10713.png,626,1622,18,Cấm dừng và đỗ
156,0,10713,"[545, 252, 13, 12]",2,8650,10713.png,626,1622,18,Cấm dừng và đỗ
182,0,10713,"[545, 252, 14, 13]",2,9094,10713.png,626,1622,18,Cấm dừng và đỗ
182,0,10713,"[545, 252, 14, 13]",2,9603,10713.png,626,1622,18,Cấm dừng và đỗ
144,0,10718,"[913, 395, 12, 12]",2,8366,10718.png,626,1622,20,Cấm dừng và đỗ
130,0,10718,"[1307, 469, 13, 10]",2,8370,10718.png,626,1622,20,Cấm dừng và đỗ
132,0,10718,"[913, 397, 12, 11]",2,10096,10718.png,626,1622,20,Cấm dừng và đỗ
100,0,10718,"[1307, 470, 10, 10]",2,10098,10718.png,626,1622,20,Cấm dừng và đỗ
25,0,10721,"[666, 253, 5, 5]",2,8373,10721.png,626,1622,34,Cấm dừng và đỗ
25,0,10721,"[743, 252, 5, 5]",2,8379,10721.png,626,1622,34,Cấm dừng và đỗ
49,0,10730,"[828, 228, 7, 7]",2,8392,10730.png,626,1622,32,Cấm dừng và đỗ
36,0,10730,"[828, 229, 6, 6]",2,10258,10730.png,626,1622,32,Cấm dừng và đỗ
110,0,10736,"[569, 228, 10, 11]",2,8397,10736.png,626,1622,20,Cấm dừng và đỗ
25,0,10736,"[688, 281, 5, 5]",2,8400,10736.png,626,1622,20,Cấm dừng và đỗ
90,0,10736,"[569, 228, 9, 10]",2,10043,10736.png,626,1622,20,Cấm dừng và đỗ
25,0,10736,"[688, 280, 5, 5]",2,10045,10736.png,626,1622,20,Cấm dừng và đỗ
132,0,10750,"[1378, 151, 12, 11]",2,8423,10750.png,626,1622,20,Cấm dừng và đỗ
90,0,10750,"[1379, 152, 10, 9]",2,9041,10750.png,626,1622,20,Cấm dừng và đỗ
144,0,10752,"[654, 294, 12, 12]",2,8426,10752.png,626,1622,37,Cấm dừng và đỗ
121,0,10752,"[654, 295, 11, 11]",2,9137,10752.png,626,1622,37,Cấm dừng và đỗ
546,0,10767,"[751, 209, 21, 26]",2,8447,10767.png,626,1622,45,Cấm dừng và đỗ
450,0,10767,"[752, 211, 18, 25]",2,8743,10767.png,626,1622,45,Cấm dừng và đỗ
2352,0,10770,"[998, 331, 48, 49]",2,8448,10770.png,626,1622,16,Cấm dừng và đỗ
2256,0,10770,"[997, 333, 48, 47]",2,10029,10770.png,626,1622,16,Cấm dừng và đỗ
192,0,10771,"[1429, 289, 16, 12]",2,8449,10771.png,626,1622,13,Cấm dừng và đỗ
198,0,10771,"[1429, 313, 18, 11]",2,8450,10771.png,626,1622,13,Cấm dừng và đỗ
1326,0,10799,"[693, 370, 34, 39]",2,8493,10799.png,626,1622,22,Cấm dừng và đỗ
1184,0,10799,"[693, 372, 32, 37]",2,9171,10799.png,626,1622,22,Cấm dừng và đỗ
272,0,10807,"[816, 427, 16, 17]",2,8495,10807.png,626,1622,33,Cấm dừng và đỗ
20,0,10807,"[687, 418, 4, 5]",2,8496,10807.png,626,1622,33,Cấm dừng và đỗ
99,0,10816,"[378, 346, 11, 9]",2,8513,10816.png,626,1622,19,Cấm dừng và đỗ
72,0,10816,"[473, 375, 8, 9]",2,8517,10816.png,626,1622,19,Cấm dừng và đỗ
960,0,10834,"[732, 425, 30, 32]",2,8537,10834.png,626,1622,28,Cấm dừng và đỗ
1056,0,10834,"[731, 425, 32, 33]",2,9832,10834.png,626,1622,28,Cấm dừng và đỗ
100,0,10861,"[817, 334, 10, 10]",2,8558,10861.png,626,1622,15,Cấm dừng và đỗ
110,0,10861,"[817, 334, 11, 10]",2,8693,10861.png,626,1622,15,Cấm dừng và đỗ
100,0,10861,"[817, 335, 10, 10]",2,9961,10861.png,626,1622,15,Cấm dừng và đỗ
1260,0,10862,"[721, 189, 35, 36]",2,8559,10862.png,626,1622,18,Cấm dừng và đỗ
1974,0,10884,"[1074, 220, 47, 42]",2,8588,10884.png,626,1622,45,Cấm dừng và đỗ
11286,0,10899,"[903, 30, 99, 114]",2,8608,10899.png,626,1622,36,Cấm dừng và đỗ
11742,0,10899,"[902, 31, 103, 114]",2,9433,10899.png,626,1622,36,Cấm dừng và đỗ
225,0,10927,"[490, 212, 15, 15]",2,8641,10927.png,626,1622,34,Cấm dừng và đỗ
240,0,10927,"[490, 212, 15, 16]",2,10148,10927.png,626,1622,34,Cấm dừng và đỗ
121,0,10961,"[737, 186, 11, 11]",2,8675,10961.png,626,1622,51,Cấm dừng và đỗ
2208,0,10963,"[871, 205, 46, 48]",2,8678,10963.png,626,1622,36,Cấm dừng và đỗ
2162,0,10963,"[871, 206, 47, 46]",2,10328,10963.png,626,1622,36,Cấm dừng và đỗ
441,0,10972,"[865, 277, 21, 21]",2,8688,10972.png,626,1622,15,Cấm dừng và đỗ
484,0,10972,"[865, 276, 22, 22]",2,9520,10972.png,626,1622,15,Cấm dừng và đỗ
210,0,10978,"[692, 327, 15, 14]",2,8696,10978.png,626,1622,34,Cấm dừng và đỗ
196,0,10978,"[693, 327, 14, 14]",2,9695,10978.png,626,1622,34,Cấm dừng và đỗ
182,0,10978,"[693, 327, 14, 13]",2,10230,10978.png,626,1622,34,Cấm dừng và đỗ
1806,0,10982,"[1026, 208, 43, 42]",2,8703,10982.png,626,1622,37,Cấm dừng và đỗ
725,0,11030,"[1369, 232, 25, 29]",2,8753,11030.png,626,1622,45,Cấm dừng và đỗ
225,0,11030,"[957, 287, 15, 15]",2,8754,11030.png,626,1622,45,Cấm dừng và đỗ
380,0,11035,"[860, 231, 20, 19]",2,8768,11035.png,626,1622,52,Cấm dừng và đỗ
49,0,11058,"[805, 292, 7, 7]",2,8807,11058.png,626,1622,8,Cấm dừng và đỗ
156,0,11058,"[98, 300, 12, 13]",2,8808,11058.png,626,1622,8,Cấm dừng và đỗ
156,0,11058,"[97, 300, 12, 13]",2,10309,11058.png,626,1622,8,Cấm dừng và đỗ
56,0,11058,"[805, 292, 7, 8]",2,10311,11058.png,626,1622,8,Cấm dừng và đỗ
504,0,11077,"[728, 217, 21, 24]",2,8830,11077.png,626,1622,45,Cấm dừng và đỗ
506,0,11077,"[728, 218, 22, 23]",2,9513,11077.png,626,1622,45,Cấm dừng và đỗ
1512,0,11080,"[1273, 20, 42, 36]",2,8837,11080.png,626,1622,22,Cấm dừng và đỗ
1512,0,11080,"[1274, 20, 42, 36]",2,10491,11080.png,626,1622,22,Cấm dừng và đỗ
121,0,11098,"[758, 239, 11, 11]",2,8850,11098.png,626,1622,13,Cấm dừng và đỗ
121,0,11098,"[757, 260, 11, 11]",2,9578,11098.png,626,1622,13,Cấm dừng và đỗ
132,0,11098,"[757, 239, 12, 11]",2,9579,11098.png,626,1622,13,Cấm dừng và đỗ
110,0,11098,"[758, 239, 11, 10]",2,10610,11098.png,626,1622,13,Cấm dừng và đỗ
121,0,11098,"[756, 260, 11, 11]",2,10611,11098.png,626,1622,13,Cấm dừng và đỗ
240,0,11100,"[757, 308, 16, 15]",2,8852,11100.png,626,1622,30,Cấm dừng và đỗ
289,0,11100,"[757, 274, 17, 17]",2,8853,11100.png,626,1622,30,Cấm dừng và đỗ
306,0,11100,"[757, 274, 18, 17]",2,9066,11100.png,626,1622,30,Cấm dừng và đỗ
324,0,11100,"[756, 306, 18, 18]",2,9067,11100.png,626,1622,30,Cấm dừng và đỗ
256,0,11100,"[757, 308, 16, 16]",2,10270,11100.png,626,1622,30,Cấm dừng và đỗ
256,0,11100,"[757, 275, 16, 16]",2,10271,11100.png,626,1622,30,Cấm dừng và đỗ
323,0,11100,"[755, 307, 19, 17]",2,10546,11100.png,626,1622,30,Cấm dừng và đỗ
324,0,11100,"[757, 273, 18, 18]",2,10547,11100.png,626,1622,30,Cấm dừng và đỗ
144,0,11115,"[847, 278, 12, 12]",2,8873,11115.png,626,1622,37,Cấm dừng và đỗ
225,0,11144,"[910, 310, 15, 15]",2,8917,11144.png,626,1622,37,Cấm dừng và đỗ
4026,0,11161,"[770, 54, 61, 66]",2,8946,11161.png,626,1622,36,Cấm dừng và đỗ
49,0,11174,"[827, 311, 7, 7]",2,8957,11174.png,626,1622,13,Cấm dừng và đỗ
49,0,11174,"[828, 297, 7, 7]",2,8958,11174.png,626,1622,13,Cấm dừng và đỗ
36,0,11174,"[827, 312, 6, 6]",2,9393,11174.png,626,1622,13,Cấm dừng và đỗ
36,0,11174,"[829, 297, 6, 6]",2,9394,11174.png,626,1622,13,Cấm dừng và đỗ
8112,0,11223,"[1468, 0, 104, 78]",2,9042,11223.png,626,1622,22,Cấm dừng và đỗ
49,0,11228,"[874, 363, 7, 7]",2,9048,11228.png,626,1622,19,Cấm dừng và đỗ
49,0,11228,"[874, 363, 7, 7]",2,9558,11228.png,626,1622,19,Cấm dừng và đỗ
306,0,11234,"[949, 244, 18, 17]",2,9061,11234.png,626,1622,34,Cấm dừng và đỗ
49,0,11241,"[897, 358, 7, 7]",2,9081,11241.png,626,1622,22,Cấm dừng và đỗ
144,0,11270,"[838, 225, 12, 12]",2,9136,11270.png,626,1622,33,Cấm dừng và đỗ
693,0,11276,"[1157, 163, 21, 33]",2,9148,11276.png,626,1622,45,Cấm dừng và đỗ
506,0,11397,"[1248, 358, 22, 23]",2,9310,11397.png,626,1622,31,Cấm dừng và đỗ
72,0,11397,"[832, 402, 8, 9]",2,9311,11397.png,626,1622,31,Cấm dừng và đỗ
156,0,11408,"[708, 340, 12, 13]",2,9325,11408.png,626,1622,30,Cấm dừng và đỗ
169,0,11408,"[707, 314, 13, 13]",2,9326,11408.png,626,1622,30,Cấm dừng và đỗ
361,0,11411,"[855, 359, 19, 19]",2,9330,11411.png,626,1622,4,Cấm dừng và đỗ
870,0,11432,"[841, 211, 29, 30]",2,9379,11432.png,626,1622,37,Cấm dừng và đỗ
56,0,11441,"[803, 465, 7, 8]",2,9404,11441.png,626,1622,33,Cấm dừng và đỗ
49,0,11441,"[803, 466, 7, 7]",2,9907,11441.png,626,1622,33,Cấm dừng và đỗ
210,0,11457,"[792, 200, 14, 15]",2,9416,11457.png,626,1622,47,Cấm dừng và đỗ
182,0,11470,"[378, 336, 14, 13]",2,9458,11470.png,626,1622,53,Cấm dừng và đỗ
100,0,11470,"[846, 352, 10, 10]",2,9466,11470.png,626,1622,53,Cấm dừng và đỗ
323,0,11485,"[922, 254, 19, 17]",2,9489,11485.png,626,1622,13,Cấm dừng và đỗ
306,0,11485,"[923, 287, 18, 17]",2,9490,11485.png,626,1622,13,Cấm dừng và đỗ
156,0,11490,"[661, 123, 12, 13]",2,9496,11490.png,626,1622,22,Cấm dừng và đỗ
121,0,11490,"[662, 124, 11, 11]",2,10338,11490.png,626,1622,22,Cấm dừng và đỗ
196,0,11496,"[775, 384, 14, 14]",2,9515,11496.png,626,1622,31,Cấm dừng và đỗ
169,0,11502,"[815, 286, 13, 13]",2,9525,11502.png,626,1622,8,Cấm dừng và đỗ
552,0,11503,"[969, 260, 23, 24]",2,9533,11503.png,626,1622,36,Cấm dừng và đỗ
484,0,11503,"[969, 261, 22, 22]",2,9835,11503.png,626,1622,36,Cấm dừng và đỗ
324,0,11541,"[737, 349, 18, 18]",2,9600,11541.png,626,1622,19,Cấm dừng và đỗ
441,0,11567,"[847, 309, 21, 21]",2,9629,11567.png,626,1622,45,Cấm dừng và đỗ
777,0,11572,"[976, 340, 21, 37]",2,9639,11572.png,626,1622,15,Cấm dừng và đỗ
288,0,11572,"[857, 332, 16, 18]",2,9641,11572.png,626,1622,15,Cấm dừng và đỗ
110,0,11582,"[639, 456, 11, 10]",2,9662,11582.png,626,1622,19,Cấm dừng và đỗ
90,0,11582,"[640, 456, 10, 9]",2,10117,11582.png,626,1622,19,Cấm dừng và đỗ
169,0,11590,"[697, 260, 13, 13]",2,9687,11590.png,626,1622,36,Cấm dừng và đỗ
2679,0,11599,"[1276, 261, 57, 47]",2,9699,11599.png,626,1622,45,Cấm dừng và đỗ
375,0,11606,"[1211, 112, 15, 25]",2,9708,11606.png,626,1622,31,Cấm dừng và đỗ
132,0,11606,"[839, 147, 11, 12]",2,9709,11606.png,626,1622,31,Cấm dừng và đỗ
72,0,11620,"[662, 97, 8, 9]",2,9738,11620.png,626,1622,22,Cấm dừng và đỗ
462,0,11625,"[805, 270, 21, 22]",2,9750,11625.png,626,1622,45,Cấm dừng và đỗ
12700,0,11631,"[1036, 322, 100, 127]",2,9754,11631.png,626,1622,28,Cấm dừng và đỗ
500,0,11661,"[97, 384, 25, 20]",2,9801,11661.png,626,1622,12,Cấm dừng và đỗ
420,0,11671,"[862, 292, 20, 21]",2,9822,11671.png,626,1622,49,Cấm dừng và đỗ
600,0,11672,"[775, 298, 25, 24]",2,9825,11672.png,626,1622,34,Cấm dừng và đỗ
484,0,11672,"[776, 299, 22, 22]",2,9879,11672.png,626,1622,34,Cấm dừng và đỗ
529,0,11673,"[942, 298, 23, 23]",2,9830,11673.png,626,1622,13,Cấm dừng và đỗ
528,0,11673,"[941, 256, 22, 24]",2,9831,11673.png,626,1622,13,Cấm dừng và đỗ
64,0,11697,"[828, 308, 8, 8]",2,9866,11697.png,626,1622,15,Cấm dừng và đỗ
110,0,11702,"[842, 220, 11, 10]",2,9874,11702.png,626,1622,8,Cấm dừng và đỗ
240,0,11702,"[1356, 196, 15, 16]",2,9875,11702.png,626,1622,8,Cấm dừng và đỗ
1024,0,11731,"[1020, 348, 32, 32]",2,9930,11731.png,626,1622,28,Cấm dừng và đỗ
1482,0,11753,"[1039, 226, 39, 38]",2,9991,11753.png,626,1622,37,Cấm dừng và đỗ
1600,0,11753,"[1039, 223, 40, 40]",2,10489,11753.png,626,1622,37,Cấm dừng và đỗ
3363,0,11757,"[487, 230, 57, 59]",2,10000,11757.png,626,1622,22,Cấm dừng và đỗ
528,0,11769,"[1203, 65, 24, 22]",2,10019,11769.png,626,1622,22,Cấm dừng và đỗ
700,0,11790,"[582, 268, 28, 25]",2,10075,11790.png,626,1622,22,Cấm dừng và đỗ
600,0,11790,"[1206, 330, 24, 25]",2,10078,11790.png,626,1622,22,Cấm dừng và đỗ
156,0,11791,"[500, 278, 13, 12]",2,10081,11791.png,626,1622,34,Cấm dừng và đỗ
2914,0,11803,"[1381, 158, 62, 47]",2,10101,11803.png,626,1622,49,Cấm dừng và đỗ
330,0,11803,"[1321, 245, 11, 30]",2,10102,11803.png,626,1622,49,Cấm dừng và đỗ
3468,0,11803,"[1378, 158, 68, 51]",2,10272,11803.png,626,1622,49,Cấm dừng và đỗ
2928,0,11803,"[1382, 160, 61, 48]",2,10451,11803.png,626,1622,49,Cấm dừng và đỗ
4760,0,11805,"[1208, 223, 70, 68]",2,10104,11805.png,626,1622,36,Cấm dừng và đỗ
195,0,11814,"[869, 383, 13, 15]",2,10133,11814.png,626,1622,24,Cấm dừng và đỗ
42,0,11818,"[750, 364, 6, 7]",2,10139,11818.png,626,1622,22,Cấm dừng và đỗ
2025,0,11839,"[1008, 278, 45, 45]",2,10190,11839.png,626,1622,31,Cấm dừng và đỗ
484,0,11841,"[1114, 69, 22, 22]",2,10195,11841.png,626,1622,22,Cấm dừng và đỗ
210,0,11841,"[828, 34, 15, 14]",2,10196,11841.png,626,1622,22,Cấm dừng và đỗ
910,0,11853,"[390, 373, 26, 35]",2,10228,11853.png,626,1622,4,Cấm dừng và đỗ
340,0,11853,"[924, 444, 17, 20]",2,10229,11853.png,626,1622,4,Cấm dừng và đỗ
1221,0,11858,"[218, 258, 33, 37]",2,10235,11858.png,626,1622,15,Cấm dừng và đỗ
90,0,11875,"[876, 302, 9, 10]",2,10299,11875.png,626,1622,8,Cấm dừng và đỗ
110,0,11875,"[875, 302, 10, 11]",2,10586,11875.png,626,1622,8,Cấm dừng và đỗ
529,0,11877,"[811, 289, 23, 23]",2,10303,11877.png,626,1622,36,Cấm dừng và đỗ
132,0,11879,"[867, 276, 11, 12]",2,10496,11879.png,626,1622,8,Cấm dừng và đỗ
99,0,11890,"[780, 258, 9, 11]",2,10332,11890.png,626,1622,37,Cấm dừng và đỗ
25,0,11890,"[722, 272, 5, 5]",2,10333,11890.png,626,1622,37,Cấm dừng và đỗ
728,0,11908,"[767, 33, 26, 28]",2,10355,11908.png,626,1622,22,Cấm dừng và đỗ
2993,0,11908,"[1579, 56, 41, 73]",2,10361,11908.png,626,1622,22,Cấm dừng và đỗ
49,0,11915,"[1017, 325, 7, 7]",2,10369,11915.png,626,1622,13,Cấm dừng và đỗ
49,0,11915,"[1017, 312, 7, 7]",2,10370,11915.png,626,1622,13,Cấm dừng và đỗ
272,0,11921,"[817, 205, 16, 17]",2,10399,11921.png,626,1622,7,Cấm dừng và đỗ
644,0,11921,"[86, 204, 28, 23]",2,10400,11921.png,626,1622,7,Cấm dừng và đỗ
36,0,11950,"[798, 316, 6, 6]",2,10482,11950.png,626,1622,37,Cấm dừng và đỗ
399,0,11962,"[737, 90, 19, 21]",2,10523,11962.png,626,1622,22,Cấm dừng và đỗ
420,0,11993,"[212, 197, 21, 20]",2,10577,11993.png,626,1622,49,Cấm dừng và đỗ
225,0,11993,"[1046, 238, 15, 15]",2,10578,11993.png,626,1622,49,Cấm dừng và đỗ
280,0,12003,"[1393, 219, 20, 14]",2,10606,12003.png,626,1622,13,Cấm dừng và đỗ
294,0,12003,"[1395, 248, 21, 14]",2,10607,12003.png,626,1622,13,Cấm dừng và đỗ
650,0,12018,"[655, 234, 25, 26]",2,10628,12018.png,626,1622,34,Cấm dừng và đỗ
121,0,12019,"[557, 269, 11, 11]",2,10630,12019.png,626,1622,19,Cấm dừng và đỗ
110,0,12021,"[846, 371, 11, 10]",2,10641,12021.png,626,1622,28,Cấm dừng và đỗ
2444,0,12028,"[70, 154, 47, 52]",2,10650,12028.png,626,1622,51,Cấm dừng và đỗ
110,0,12047,"[839, 224, 10, 11]",2,10672,12047.png,626,1622,51,Cấm dừng và đỗ
1470,0,12053,"[1170, 184, 42, 35]",2,10674,12053.png,626,1622,45,Cấm dừng và đỗ
598,0,12061,"[1200, 256, 26, 23]",2,10677,12061.png,626,1622,49,Cấm dừng và đỗ
812,0,12067,"[748, 91, 28, 29]",2,10680,12067.png,626,1622,49,Cấm dừng và đỗ
702,0,12090,"[996, 257, 27, 26]",2,10701,12090.png,626,1622,45,Cấm dừng và đỗ
924,0,12093,"[1097, 280, 33, 28]",2,10702,12093.png,626,1622,13,Cấm dừng và đỗ
928,0,12093,"[1100, 229, 32, 29]",2,10703,12093.png,626,1622,13,Cấm dừng và đỗ
420,0,12099,"[923, 358, 20, 21]",2,10705,12099.png,626,1622,13,Cấm dừng và đỗ
420,0,12099,"[921, 320, 20, 21]",2,10706,12099.png,626,1622,13,Cấm dừng và đỗ
462,0,12104,"[995, 229, 21, 22]",2,10709,12104.png,626,1622,45,Cấm dừng và đỗ
440,0,12124,"[794, 235, 22, 20]",2,10714,12124.png,626,1622,51,Cấm dừng và đỗ
120,0,12149,"[792, 302, 10, 12]",2,10721,12149.png,626,1622,45,Cấm dừng và đỗ
110,0,12154,"[857, 443, 10, 11]",2,10729,12154.png,626,1622,53,Cấm dừng và đỗ
64,0,12169,"[790, 307, 8, 8]",2,10736,12169.png,626,1622,13,Cấm dừng và đỗ
64,0,12169,"[791, 292, 8, 8]",2,10737,12169.png,626,1622,13,Cấm dừng và đỗ
256,0,12174,"[779, 265, 16, 16]",2,10738,12174.png,626,1622,51,Cấm dừng và đỗ
156,0,12176,"[993, 277, 13, 12]",2,10740,12176.png,626,1622,45,Cấm dừng và đỗ
1155,0,12180,"[771, 300, 33, 35]",2,10742,12180.png,626,1622,53,Cấm dừng và đỗ
3068,0,12182,"[1122, 135, 59, 52]",2,10745,12182.png,626,1622,51,Cấm dừng và đỗ
182,0,12203,"[673, 287, 14, 13]",2,10757,12203.png,626,1622,45,Cấm dừng và đỗ
100,0,12205,"[737, 250, 10, 10]",2,10758,12205.png,626,1622,51,Cấm dừng và đỗ
972,0,12207,"[1264, 317, 27, 36]",2,10760,12207.png,626,1622,53,Cấm dừng và đỗ
480,0,12210,"[188, 313, 24, 20]",2,10769,12210.png,626,1622,53,Cấm dừng và đỗ
255,0,12210,"[922, 340, 15, 17]",2,10773,12210.png,626,1622,53,Cấm dừng và đỗ
2820,0,12213,"[1055, 92, 47, 60]",2,10776,12213.png,626,1622,49,Cấm dừng và đỗ
8188,0,12220,"[1060, 137, 89, 92]",2,10783,12220.png,626,1622,51,Cấm dừng và đỗ
1215,0,12246,"[1040, 309, 27, 45]",2,10795,12246.png,626,1622,51,Cấm dừng và đỗ
1254,0,12258,"[1307, 454, 38, 33]",2,10799,12258.png,626,1622,49,Cấm dừng và đỗ
1216,0,12261,"[1163, 162, 38, 32]",2,10801,12261.png,626,1622,49,Cấm dừng và đỗ
306,0,12261,"[534, 193, 17, 18]",2,10807,12261.png,626,1622,49,Cấm dừng và đỗ
90,0,12262,"[753, 206, 9, 10]",2,10809,12262.png,626,1622,51,Cấm dừng và đỗ
28598,0,12267,"[1422, 66, 181, 158]",2,10816,12267.png,626,1622,51,Cấm dừng và đỗ
110,0,12271,"[753, 379, 10, 11]",2,10824,12271.png,626,1622,45,Cấm dừng và đỗ
1116,0,12279,"[1045, 273, 31, 36]",2,10826,12279.png,626,1622,13,Cấm dừng và đỗ
1216,0,12279,"[1048, 208, 32, 38]",2,10827,12279.png,626,1622,13,Cấm dừng và đỗ
361,0,12288,"[768, 292, 19, 19]",2,10833,12288.png,626,1622,49,Cấm dừng và đỗ
1978,0,12298,"[1027, 241, 43, 46]",2,10839,12298.png,626,1622,13,Cấm dừng và đỗ
1978,0,12298,"[1026, 160, 43, 46]",2,10840,12298.png,626,1622,13,Cấm dừng và đỗ
143,0,12301,"[1011, 290, 13, 11]",2,10841,12301.png,626,1622,13,Cấm dừng và đỗ
182,0,12301,"[1010, 267, 14, 13]",2,10842,12301.png,626,1622,13,Cấm dừng và đỗ
210,0,12305,"[644, 233, 14, 15]",2,10843,12305.png,626,1622,45,Cấm dừng và đỗ
272,0,12310,"[933, 272, 16, 17]",2,10850,12310.png,626,1622,45,Cấm dừng và đỗ
100,0,12315,"[999, 291, 10, 10]",2,10851,12315.png,626,1622,13,Cấm dừng và đỗ
121,0,12315,"[999, 272, 11, 11]",2,10852,12315.png,626,1622,13,Cấm dừng và đỗ
810,0,12328,"[66, 295, 30, 27]",2,10855,12328.png,626,1622,53,Cấm dừng và đỗ
361,0,12328,"[972, 334, 19, 19]",2,10864,12328.png,626,1622,53,Cấm dừng và đỗ
49,0,12335,"[758, 369, 7, 7]",2,10869,12335.png,626,1622,13,Cấm dừng và đỗ
378,0,12342,"[323, 215, 21, 18]",2,10872,12342.png,626,1622,49,Cấm dừng và đỗ
675,0,12366,"[826, 198, 25, 27]",2,10876,12366.png,626,1622,45,Cấm dừng và đỗ
225,0,12376,"[1175, 241, 15, 15]",2,10880,12376.png,626,1622,49,Cấm dừng và đỗ
342,0,12389,"[270, 323, 19, 18]",2,10891,12389.png,626,1622,53,Cấm dừng và đỗ
169,0,12389,"[888, 345, 13, 13]",2,10895,12389.png,626,1622,53,Cấm dừng và đỗ
1369,0,12398,"[918, 188, 37, 37]",2,10901,12398.png,626,1622,51,Cấm dừng và đỗ
405,0,12400,"[439, 207, 15, 27]",2,10903,12400.png,626,1622,51,Cấm dừng và đỗ
1102,0,12404,"[1516, 423, 38, 29]",2,10904,12404.png,626,1622,49,Cấm dừng và đỗ
180,0,12412,"[855, 226, 12, 15]",2,10910,12412.png,626,1622,45,Cấm dừng và đỗ
8132,0,12414,"[1384, 119, 107, 76]",2,10911,12414.png,626,1622,49,Cấm dừng và đỗ
1188,0,12416,"[1205, 299, 33, 36]",2,10918,12416.png,626,1622,53,Cấm dừng và đỗ
6240,0,12417,"[1080, 221, 80, 78]",2,10919,12417.png,626,1622,51,Cấm dừng và đỗ
2784,0,12420,"[1563, 250, 48, 58]",2,10925,12420.png,626,1622,53,Cấm dừng và đỗ
110,0,12423,"[771, 384, 10, 11]",2,10928,12423.png,626,1622,45,Cấm dừng và đỗ
675,0,12424,"[1055, 319, 25, 27]",2,10932,12424.png,626,1622,53,Cấm dừng và đỗ
1591,0,12425,"[1100, 280, 37, 43]",2,10937,12425.png,626,1622,49,Cấm dừng và đỗ
18093,0,12429,"[1397, 126, 163, 111]",2,10938,12429.png,626,1622,13,Cấm dừng và đỗ
4557,0,12429,"[1390, 0, 147, 31]",2,10939,12429.png,626,1622,13,Cấm dừng và đỗ
1681,0,12440,"[983, 267, 41, 41]",2,10946,12440.png,626,1622,13,Cấm dừng và đỗ
1764,0,12440,"[987, 195, 42, 42]",2,10947,12440.png,626,1622,13,Cấm dừng và đỗ
240,0,12442,"[332, 331, 16, 15]",2,10952,12442.png,626,1622,53,Cấm dừng và đỗ
121,0,12442,"[863, 349, 11, 11]",2,10959,12442.png,626,1622,53,Cấm dừng và đỗ
272,0,12447,"[866, 321, 16, 17]",2,10967,12447.png,626,1622,53,Cấm dừng và đỗ
196,0,12450,"[929, 337, 14, 14]",2,10969,12450.png,626,1622,53,Cấm dừng và đỗ
361,0,12451,"[734, 326, 19, 19]",2,10971,12451.png,626,1622,53,Cấm dừng và đỗ
168,0,12454,"[884, 240, 12, 14]",2,10972,12454.png,626,1622,45,Cấm dừng và đỗ
210,0,12476,"[758, 244, 14, 15]",2,10981,12476.png,626,1622,51,Cấm dừng và đỗ
190,0,12476,"[943, 240, 10, 19]",2,10983,12476.png,626,1622,51,Cấm dừng và đỗ
209,0,12476,"[943, 240, 11, 19]",2,10994,12476.png,626,1622,51,Cấm dừng và đỗ
169,0,12476,"[759, 245, 13, 13]",2,10995,12476.png,626,1622,51,Cấm dừng và đỗ
1968,0,12521,"[1338, 173, 48, 41]",2,10997,12521.png,626,1622,49,Cấm dừng và đỗ
420,0,12523,"[800, 256, 20, 21]",2,10998,12523.png,626,1622,53,Cấm dừng và đỗ
6889,0,5,"[1069, 355, 83, 83]",3,1,5.png,626,1622,4,Cấm rẽ
99,0,18,"[986, 371, 11, 9]",3,7,18.png,626,1622,3,Cấm rẽ
484,0,21,"[822, 314, 22, 22]",3,10,21.png,626,1622,4,Cấm rẽ
3591,0,25,"[1097, 137, 63, 57]",3,13,25.png,626,1622,7,Cấm rẽ
550,0,50,"[1266, 395, 25, 22]",3,28,50.png,626,1622,12,Cấm rẽ
8008,0,55,"[1370, 225, 88, 91]",3,32,55.png,626,1622,4,Cấm rẽ
1748,0,61,"[1156, 291, 46, 38]",3,36,61.png,626,1622,3,Cấm rẽ
18094,0,121,"[1439, 127, 166, 109]",3,56,121.png,626,1622,3,Cấm rẽ
1640,0,234,"[1411, 395, 41, 40]",3,109,234.png,626,1622,5,Cấm rẽ
121,0,257,"[836, 210, 11, 11]",3,118,257.png,626,1622,7,Cấm rẽ
4662,0,261,"[1156, 64, 74, 63]",3,121,261.png,626,1622,7,Cấm rẽ
130,0,284,"[989, 367, 13, 10]",3,131,284.png,626,1622,3,Cấm rẽ
18480,0,334,"[1023, 164, 140, 132]",3,146,334.png,626,1622,4,Cấm rẽ
1728,0,339,"[1164, 317, 48, 36]",3,148,339.png,626,1622,3,Cấm rẽ
90,0,339,"[990, 360, 10, 9]",3,151,339.png,626,1622,3,Cấm rẽ
552,0,348,"[833, 456, 24, 23]",3,155,348.png,626,1622,4,Cấm rẽ
169,0,379,"[807, 354, 13, 13]",3,172,379.png,626,1622,3,Cấm rẽ
667,0,397,"[1070, 325, 29, 23]",3,182,397.png,626,1622,3,Cấm rẽ
396,0,412,"[1052, 350, 22, 18]",3,194,412.png,626,1622,3,Cấm rẽ
48,0,412,"[980, 364, 6, 8]",3,196,412.png,626,1622,3,Cấm rẽ
336,0,458,"[1138, 432, 21, 16]",3,217,458.png,626,1622,5,Cấm rẽ
378,0,472,"[887, 193, 18, 21]",3,223,472.png,626,1622,7,Cấm rẽ
11990,0,618,"[1032, 238, 110, 109]",3,293,618.png,626,1622,4,Cấm rẽ
9116,0,698,"[976, 0, 106, 86]",3,323,698.png,626,1622,8,Cấm rẽ
110,0,701,"[776, 476, 11, 10]",3,324,701.png,626,1622,4,Cấm rẽ
6241,0,709,"[328, 439, 79, 79]",3,328,709.png,626,1622,12,Cấm rẽ
594,0,716,"[827, 333, 27, 22]",3,330,716.png,626,1622,3,Cấm rẽ
440,0,763,"[824, 457, 22, 20]",3,355,763.png,626,1622,4,Cấm rẽ
2024,0,776,"[925, 209, 44, 46]",3,360,776.png,626,1622,5,Cấm rẽ
1140,0,789,"[1064, 315, 38, 30]",3,363,789.png,626,1622,3,Cấm rẽ
132,0,790,"[785, 477, 11, 12]",3,364,790.png,626,1622,4,Cấm rẽ
81,0,803,"[764, 482, 9, 9]",3,372,803.png,626,1622,4,Cấm rẽ
195,0,829,"[1056, 444, 13, 15]",3,391,829.png,626,1622,5,Cấm rẽ
196,0,832,"[803, 469, 14, 14]",3,392,832.png,626,1622,4,Cấm rẽ
952,0,852,"[101, 307, 34, 28]",3,404,852.png,626,1622,1,Cấm rẽ
1406,0,854,"[874, 231, 38, 37]",3,406,854.png,626,1622,13,Cấm rẽ
1406,0,885,"[854, 421, 37, 38]",3,420,885.png,626,1622,4,Cấm rẽ
3422,0,905,"[902, 246, 59, 58]",3,427,905.png,626,1622,3,Cấm rẽ
270,0,934,"[665, 470, 15, 18]",3,446,934.png,626,1622,12,Cấm rẽ
868,0,957,"[815, 371, 31, 28]",3,455,957.png,626,1622,4,Cấm rẽ
143,0,991,"[789, 476, 11, 13]",3,463,991.png,626,1622,4,Cấm rẽ
1406,0,1008,"[640, 365, 37, 38]",3,477,1008.png,626,1622,19,Cấm rẽ
256,0,1016,"[707, 323, 16, 16]",3,483,1016.png,626,1622,19,Cấm rẽ
70,0,1016,"[497, 347, 10, 7]",3,484,1016.png,626,1622,19,Cấm rẽ
323,0,1032,"[729, 418, 19, 17]",3,493,1032.png,626,1622,19,Cấm rẽ
812,0,1036,"[751, 334, 29, 28]",3,496,1036.png,626,1622,19,Cấm rẽ
391,0,1036,"[373, 312, 23, 17]",3,497,1036.png,626,1622,19,Cấm rẽ
2597,0,1067,"[1168, 259, 49, 53]",3,517,1067.png,626,1622,19,Cấm rẽ
288,0,1091,"[686, 441, 18, 16]",3,527,1091.png,626,1622,19,Cấm rẽ
1258,0,1114,"[1075, 289, 37, 34]",3,544,1114.png,626,1622,15,Cấm rẽ
255,0,1147,"[656, 392, 17, 15]",3,563,1147.png,626,1622,24,Cấm rẽ
272,0,1170,"[798, 240, 17, 16]",3,586,1170.png,626,1622,18,Cấm rẽ
48,0,1240,"[773, 317, 6, 8]",3,611,1240.png,626,1622,15,Cấm rẽ
1806,0,1254,"[908, 372, 43, 42]",3,623,1254.png,626,1622,15,Cấm rẽ
399,0,1295,"[642, 260, 19, 21]",3,638,1295.png,626,1622,19,Cấm rẽ
616,0,1306,"[406, 239, 28, 22]",3,646,1306.png,626,1622,19,Cấm rẽ
100,0,1306,"[598, 282, 10, 10]",3,649,1306.png,626,1622,19,Cấm rẽ
5159,0,1313,"[1294, 255, 67, 77]",3,660,1313.png,626,1622,15,Cấm rẽ
1254,0,1441,"[832, 260, 33, 38]",3,699,1441.png,626,1622,19,Cấm rẽ
196,0,1441,"[681, 355, 14, 14]",3,700,1441.png,626,1622,19,Cấm rẽ
143,0,1441,"[457, 335, 13, 11]",3,701,1441.png,626,1622,19,Cấm rẽ
100,0,1515,"[838, 315, 10, 10]",3,745,1515.png,626,1622,15,Cấm rẽ
961,0,1545,"[628, 368, 31, 31]",3,766,1545.png,626,1622,19,Cấm rẽ
42,0,1570,"[861, 236, 6, 7]",3,774,1570.png,626,1622,15,Cấm rẽ
2880,0,1640,"[1444, 335, 64, 45]",3,827,1640.png,626,1622,19,Cấm rẽ
460,0,1672,"[458, 235, 23, 20]",3,845,1672.png,626,1622,19,Cấm rẽ
30,0,1672,"[653, 310, 5, 6]",3,846,1672.png,626,1622,19,Cấm rẽ
168,0,1693,"[1088, 451, 14, 12]",3,864,1693.png,626,1622,19,Cấm rẽ
520,0,1719,"[1158, 427, 26, 20]",3,872,1719.png,626,1622,19,Cấm rẽ
224,0,1720,"[798, 241, 14, 16]",3,874,1720.png,626,1622,18,Cấm rẽ
2538,0,1729,"[164, 128, 54, 47]",3,882,1729.png,626,1622,19,Cấm rẽ
63,0,1729,"[646, 306, 9, 7]",3,884,1729.png,626,1622,19,Cấm rẽ
868,0,1736,"[925, 384, 31, 28]",3,892,1736.png,626,1622,19,Cấm rẽ
30,0,1747,"[768, 318, 6, 5]",3,896,1747.png,626,1622,15,Cấm rẽ
196,0,1753,"[880, 310, 14, 14]",3,898,1753.png,626,1622,15,Cấm rẽ
2880,0,1811,"[101, 229, 60, 48]",3,919,1811.png,626,1622,19,Cấm rẽ
2600,0,1824,"[867, 307, 50, 52]",3,945,1824.png,626,1622,19,Cấm rẽ
884,0,1824,"[303, 290, 34, 26]",3,948,1824.png,626,1622,19,Cấm rẽ
120,0,1836,"[553, 281, 12, 10]",3,954,1836.png,626,1622,19,Cấm rẽ
169,0,1848,"[783, 239, 13, 13]",3,966,1848.png,626,1622,18,Cấm rẽ
144,0,1859,"[861, 313, 12, 12]",3,978,1859.png,626,1622,15,Cấm rẽ
756,0,1870,"[917, 285, 27, 28]",3,987,1870.png,626,1622,19,Cấm rẽ
210,0,1880,"[845, 259, 15, 14]",3,994,1880.png,626,1622,22,Cấm rẽ
504,0,1941,"[718, 344, 21, 24]",3,1010,1941.png,626,1622,19,Cấm rẽ
270,0,1941,"[406, 322, 18, 15]",3,1011,1941.png,626,1622,19,Cấm rẽ
3300,0,1961,"[1008, 89, 55, 60]",3,1024,1961.png,626,1622,22,Cấm rẽ
1368,0,1961,"[160, 0, 38, 36]",3,1025,1961.png,626,1622,22,Cấm rẽ
64,0,1989,"[816, 316, 8, 8]",3,1038,1989.png,626,1622,15,Cấm rẽ
1155,0,3046,"[914, 492, 33, 35]",3,1071,3046.png,626,1622,29,Cấm rẽ
3953,0,3159,"[1274, 490, 59, 67]",3,1137,3159.png,626,1622,29,Cấm rẽ
342,0,3253,"[835, 501, 18, 19]",3,1161,3253.png,626,1622,29,Cấm rẽ
729,0,3303,"[750, 523, 27, 27]",3,1183,3303.png,626,1622,29,Cấm rẽ
2208,0,3363,"[888, 513, 46, 48]",3,1214,3363.png,626,1622,29,Cấm rẽ
90,0,3363,"[673, 544, 9, 10]",3,1216,3363.png,626,1622,29,Cấm rẽ
11286,0,3396,"[1477, 281, 114, 99]",3,1237,3396.png,626,1622,30,Cấm rẽ
504,0,3396,"[1018, 325, 24, 21]",3,1238,3396.png,626,1622,30,Cấm rẽ
2450,0,3426,"[1263, 284, 49, 50]",3,1254,3426.png,626,1622,30,Cấm rẽ
5396,0,3472,"[1076, 445, 76, 71]",3,1275,3472.png,626,1622,29,Cấm rẽ
2115,0,3773,"[737, 483, 47, 45]",3,1421,3773.png,626,1622,29,Cấm rẽ
1558,0,3812,"[868, 296, 38, 41]",3,1441,3812.png,626,1622,31,Cấm rẽ
2958,0,3910,"[641, 102, 51, 58]",3,1498,3910.png,626,1622,31,Cấm rẽ
1225,0,3933,"[1039, 338, 35, 35]",3,1518,3933.png,626,1622,30,Cấm rẽ
19126,0,3947,"[1397, 439, 131, 146]",3,1528,3947.png,626,1622,29,Cấm rẽ
121,0,4005,"[995, 262, 11, 11]",3,1574,4005.png,626,1622,36,Cấm rẽ
7636,0,4025,"[1159, 209, 92, 83]",3,1607,4025.png,626,1622,37,Cấm rẽ
182,0,4047,"[738, 339, 13, 14]",3,1655,4047.png,626,1622,37,Cấm rẽ
2968,0,4051,"[1060, 211, 56, 53]",3,1667,4051.png,626,1622,34,Cấm rẽ
360,0,4079,"[953, 253, 18, 20]",3,1705,4079.png,626,1622,36,Cấm rẽ
100,0,4084,"[812, 313, 10, 10]",3,1722,4084.png,626,1622,34,Cấm rẽ
56,0,4099,"[703, 345, 8, 7]",3,1758,4099.png,626,1622,37,Cấm rẽ
25,0,4100,"[636, 270, 5, 5]",3,1760,4100.png,626,1622,34,Cấm rẽ
168,0,4149,"[915, 373, 14, 12]",3,1840,4149.png,626,1622,36,Cấm rẽ
64,0,4220,"[1008, 405, 8, 8]",3,1929,4220.png,626,1622,36,Cấm rẽ
380,0,4232,"[947, 298, 20, 19]",3,1959,4232.png,626,1622,37,Cấm rẽ
56,0,4234,"[798, 220, 7, 8]",3,1964,4234.png,626,1622,36,Cấm rẽ
306,0,4238,"[751, 300, 18, 17]",3,1970,4238.png,626,1622,37,Cấm rẽ
324,0,4238,"[751, 336, 18, 18]",3,1971,4238.png,626,1622,37,Cấm rẽ
81,0,4246,"[923, 285, 9, 9]",3,1978,4246.png,626,1622,36,Cấm rẽ
182,0,4277,"[919, 311, 13, 14]",3,2028,4277.png,626,1622,37,Cấm rẽ
81,0,4289,"[639, 257, 9, 9]",3,2043,4289.png,626,1622,36,Cấm rẽ
1225,0,4315,"[1005, 282, 35, 35]",3,2086,4315.png,626,1622,37,Cấm rẽ
1406,0,4323,"[908, 218, 38, 37]",3,2094,4323.png,626,1622,34,Cấm rẽ
8755,0,4367,"[1363, 135, 85, 103]",3,2192,4367.png,626,1622,34,Cấm rẽ
3584,0,4376,"[961, 230, 56, 64]",3,2212,4376.png,626,1622,37,Cấm rẽ
4830,0,4377,"[921, 229, 70, 69]",3,2213,4377.png,626,1622,37,Cấm rẽ
72,0,4389,"[713, 275, 8, 9]",3,2242,4389.png,626,1622,36,Cấm rẽ
2070,0,4403,"[1386, 273, 46, 45]",3,2270,4403.png,626,1622,34,Cấm rẽ
380,0,4422,"[848, 227, 19, 20]",3,2306,4422.png,626,1622,36,Cấm rẽ
506,0,4442,"[785, 283, 22, 23]",3,2327,4442.png,626,1622,34,Cấm rẽ
110,0,4449,"[778, 249, 11, 10]",3,2335,4449.png,626,1622,34,Cấm rẽ
210,0,4449,"[632, 245, 14, 15]",3,2338,4449.png,626,1622,34,Cấm rẽ
30,0,4473,"[808, 337, 5, 6]",3,2376,4473.png,626,1622,34,Cấm rẽ
3600,0,4522,"[651, 181, 60, 60]",3,2475,4522.png,626,1622,34,Cấm rẽ
783,0,4612,"[826, 217, 27, 29]",3,2611,4612.png,626,1622,34,Cấm rẽ
56,0,4617,"[921, 307, 8, 7]",3,2624,4617.png,626,1622,36,Cấm rẽ
56,0,4620,"[774, 203, 8, 7]",3,2626,4620.png,626,1622,36,Cấm rẽ
210,0,4623,"[841, 235, 15, 14]",3,2632,4623.png,626,1622,34,Cấm rẽ
90,0,4627,"[993, 252, 10, 9]",3,2643,4627.png,626,1622,36,Cấm rẽ
42,0,4631,"[899, 292, 7, 6]",3,2679,4631.png,626,1622,36,Cấm rẽ
121,0,4680,"[890, 281, 11, 11]",3,2754,4680.png,626,1622,33,Cấm rẽ
896,0,4695,"[535, 237, 32, 28]",3,2780,4695.png,626,1622,34,Cấm rẽ
256,0,4695,"[799, 260, 16, 16]",3,2783,4695.png,626,1622,34,Cấm rẽ
8832,0,4706,"[1066, 252, 92, 96]",3,2801,4706.png,626,1622,37,Cấm rẽ
7476,0,4706,"[1056, 56, 89, 84]",3,2802,4706.png,626,1622,37,Cấm rẽ
992,0,4723,"[925, 251, 31, 32]",3,2830,4723.png,626,1622,37,Cấm rẽ
780,0,4782,"[346, 215, 30, 26]",3,2893,4782.png,626,1622,34,Cấm rẽ
168,0,4793,"[90, 263, 14, 12]",3,2922,4793.png,626,1622,37,Cấm rẽ
100,0,4805,"[766, 305, 10, 10]",3,2943,4805.png,626,1622,34,Cấm rẽ
480,0,4850,"[885, 261, 20, 24]",3,3003,4850.png,626,1622,37,Cấm rẽ
132,0,4858,"[876, 243, 11, 12]",3,3012,4858.png,626,1622,34,Cấm rẽ
156,0,4878,"[1186, 254, 13, 12]",3,3051,4878.png,626,1622,36,Cấm rẽ
342,0,4922,"[890, 233, 18, 19]",3,3115,4922.png,626,1622,34,Cấm rẽ
1760,0,4930,"[617, 166, 40, 44]",3,3134,4930.png,626,1622,34,Cấm rẽ
1520,0,4935,"[827, 283, 40, 38]",3,3138,4935.png,626,1622,37,Cấm rẽ
3969,0,4980,"[1090, 137, 63, 63]",3,3179,4980.png,626,1622,36,Cấm rẽ
462,0,5008,"[815, 261, 21, 22]",3,3217,5008.png,626,1622,41,Cấm rẽ
121,0,5026,"[737, 340, 11, 11]",3,3250,5026.png,626,1622,41,Cấm rẽ
1023,0,5036,"[869, 151, 31, 33]",3,3264,5036.png,626,1622,42,Cấm rẽ
234,0,5041,"[962, 453, 13, 18]",3,3266,5041.png,626,1622,41,Cấm rẽ
56,0,5041,"[794, 490, 7, 8]",3,3267,5041.png,626,1622,41,Cấm rẽ
72,0,5041,"[498, 481, 8, 9]",3,3268,5041.png,626,1622,41,Cấm rẽ
9603,0,5042,"[965, 88, 99, 97]",3,3270,5042.png,626,1622,44,Cấm rẽ
2193,0,5049,"[807, 328, 43, 51]",3,3283,5049.png,626,1622,38,Cấm rẽ
100,0,5059,"[652, 451, 10, 10]",3,3301,5059.png,626,1622,41,Cấm rẽ
1056,0,5063,"[647, 441, 32, 33]",3,3306,5063.png,626,1622,38,Cấm rẽ
1155,0,5070,"[785, 272, 33, 35]",3,3317,5070.png,626,1622,44,Cấm rẽ
700,0,5077,"[904, 248, 25, 28]",3,3326,5077.png,626,1622,44,Cấm rẽ
8058,0,5080,"[1199, 222, 79, 102]",3,3330,5080.png,626,1622,38,Cấm rẽ
10179,0,5082,"[1364, 4, 87, 117]",3,3335,5082.png,626,1622,38,Cấm rẽ
1295,0,5106,"[908, 168, 35, 37]",3,3359,5106.png,626,1622,44,Cấm rẽ
9999,0,5108,"[1242, 246, 101, 99]",3,3365,5108.png,626,1622,41,Cấm rẽ
2880,0,5117,"[816, 9, 48, 60]",3,3382,5117.png,626,1622,41,Cấm rẽ
528,0,5124,"[846, 243, 24, 22]",3,3389,5124.png,626,1622,38,Cấm rẽ
420,0,5128,"[675, 166, 21, 20]",3,3394,5128.png,626,1622,44,Cấm rẽ
99,0,5130,"[582, 480, 9, 11]",3,3398,5130.png,626,1622,38,Cấm rẽ
16500,0,5136,"[1034, 87, 132, 125]",3,3406,5136.png,626,1622,42,Cấm rẽ
1155,0,5137,"[592, 240, 33, 35]",3,3407,5137.png,626,1622,41,Cấm rẽ
1892,0,5145,"[262, 190, 44, 43]",3,3412,5145.png,626,1622,44,Cấm rẽ
1271,0,5146,"[822, 185, 31, 41]",3,3415,5146.png,626,1622,44,Cấm rẽ
357,0,5157,"[841, 318, 17, 21]",3,3422,5157.png,626,1622,42,Cấm rẽ
990,0,5163,"[735, 357, 30, 33]",3,3431,5163.png,626,1622,38,Cấm rẽ
36,0,5169,"[615, 336, 6, 6]",3,3439,5169.png,626,1622,41,Cấm rẽ
2400,0,5177,"[1015, 303, 48, 50]",3,3452,5177.png,626,1622,38,Cấm rẽ
324,0,5186,"[945, 339, 18, 18]",3,3466,5186.png,626,1622,38,Cấm rẽ
49,0,5186,"[892, 359, 7, 7]",3,3467,5186.png,626,1622,38,Cấm rẽ
2900,0,5193,"[914, 233, 50, 58]",3,3476,5193.png,626,1622,40,Cấm rẽ
930,0,5205,"[995, 292, 30, 31]",3,3490,5205.png,626,1622,38,Cấm rẽ
132,0,5206,"[907, 426, 11, 12]",3,3491,5206.png,626,1622,41,Cấm rẽ
600,0,5220,"[822, 389, 24, 25]",3,3508,5220.png,626,1622,39,Cấm rẽ
72,0,5227,"[543, 539, 9, 8]",3,3517,5227.png,626,1622,39,Cấm rẽ
8827,0,5238,"[1381, 199, 91, 97]",3,3526,5238.png,626,1622,38,Cấm rẽ
504,0,5247,"[1120, 211, 24, 21]",3,3532,5247.png,626,1622,42,Cấm rẽ
81,0,5249,"[733, 345, 9, 9]",3,3536,5249.png,626,1622,42,Cấm rẽ
5670,0,5255,"[1135, 239, 81, 70]",3,3540,5255.png,626,1622,41,Cấm rẽ
3381,0,5255,"[51, 254, 69, 49]",3,3543,5255.png,626,1622,41,Cấm rẽ
36,0,5263,"[583, 378, 6, 6]",3,3555,5263.png,626,1622,38,Cấm rẽ
99,0,5263,"[597, 360, 11, 9]",3,3556,5263.png,626,1622,38,Cấm rẽ
961,0,5271,"[898, 195, 31, 31]",3,3565,5271.png,626,1622,44,Cấm rẽ
72,0,5273,"[868, 167, 8, 9]",3,3568,5273.png,626,1622,44,Cấm rẽ
899,0,5279,"[883, 225, 29, 31]",3,3576,5279.png,626,1622,41,Cấm rẽ
5548,0,5287,"[1108, 214, 76, 73]",3,3588,5287.png,626,1622,41,Cấm rẽ
361,0,5306,"[648, 394, 19, 19]",3,3623,5306.png,626,1622,41,Cấm rẽ
90,0,5306,"[604, 378, 10, 9]",3,3624,5306.png,626,1622,41,Cấm rẽ
754,0,5308,"[838, 219, 26, 29]",3,3627,5308.png,626,1622,41,Cấm rẽ
990,0,5316,"[1045, 532, 30, 33]",3,3635,5316.png,626,1622,44,Cấm rẽ
4544,0,5318,"[939, 101, 64, 71]",3,3637,5318.png,626,1622,44,Cấm rẽ
9270,0,5320,"[1431, 108, 90, 103]",3,3640,5320.png,626,1622,38,Cấm rẽ
1989,0,5324,"[942, 101, 39, 51]",3,3644,5324.png,626,1622,42,Cấm rẽ
17955,0,5325,"[1180, 143, 133, 135]",3,3646,5325.png,626,1622,41,Cấm rẽ
8216,0,5330,"[1297, 197, 104, 79]",3,3653,5330.png,626,1622,42,Cấm rẽ
169,0,5339,"[900, 312, 13, 13]",3,3662,5339.png,626,1622,41,Cấm rẽ
783,0,5348,"[839, 508, 27, 29]",3,3667,5348.png,626,1622,44,Cấm rẽ
2793,0,5357,"[1277, 155, 57, 49]",3,3680,5357.png,626,1622,42,Cấm rẽ
168,0,5363,"[690, 443, 12, 14]",3,3686,5363.png,626,1622,41,Cấm rẽ
169,0,5378,"[720, 303, 13, 13]",3,3709,5378.png,626,1622,42,Cấm rẽ
110,0,5399,"[893, 162, 10, 11]",3,3738,5399.png,626,1622,44,Cấm rẽ
420,0,5400,"[878, 260, 20, 21]",3,3739,5400.png,626,1622,44,Cấm rẽ
4160,0,5408,"[935, 151, 64, 65]",3,3744,5408.png,626,1622,41,Cấm rẽ
600,0,5422,"[947, 330, 25, 24]",3,3759,5422.png,626,1622,42,Cấm rẽ
1155,0,5424,"[744, 398, 35, 33]",3,3765,5424.png,626,1622,38,Cấm rẽ
2808,0,5455,"[588, 106, 52, 54]",3,3808,5455.png,626,1622,44,Cấm rẽ
672,0,5458,"[1129, 245, 28, 24]",3,3813,5458.png,626,1622,42,Cấm rẽ
812,0,5473,"[912, 289, 28, 29]",3,3824,5473.png,626,1622,41,Cấm rẽ
420,0,5475,"[674, 199, 20, 21]",3,3826,5475.png,626,1622,44,Cấm rẽ
1521,0,5481,"[1079, 117, 39, 39]",3,3832,5481.png,626,1622,44,Cấm rẽ
441,0,5484,"[931, 335, 21, 21]",3,3839,5484.png,626,1622,41,Cấm rẽ
5893,0,5491,"[1220, 114, 71, 83]",3,3850,5491.png,626,1622,44,Cấm rẽ
4736,0,5499,"[1098, 248, 74, 64]",3,3857,5499.png,626,1622,38,Cấm rẽ
90,0,5499,"[893, 351, 10, 9]",3,3858,5499.png,626,1622,38,Cấm rẽ
1599,0,5511,"[984, 248, 41, 39]",3,3878,5511.png,626,1622,41,Cấm rẽ
1672,0,5519,"[1140, 361, 44, 38]",3,3886,5519.png,626,1622,41,Cấm rẽ
1088,0,5525,"[719, 156, 32, 34]",3,3897,5525.png,626,1622,42,Cấm rẽ
1116,0,5526,"[873, 379, 31, 36]",3,3901,5526.png,626,1622,39,Cấm rẽ
380,0,5540,"[901, 455, 19, 20]",3,3915,5540.png,626,1622,38,Cấm rẽ
4662,0,5541,"[1012, 207, 63, 74]",3,3919,5541.png,626,1622,42,Cấm rẽ
6732,0,5553,"[1555, 149, 66, 102]",3,3928,5553.png,626,1622,44,Cấm rẽ
1806,0,5569,"[982, 345, 43, 42]",3,3958,5569.png,626,1622,44,Cấm rẽ
90,0,5579,"[708, 539, 10, 9]",3,3976,5579.png,626,1622,44,Cấm rẽ
361,0,5595,"[720, 275, 19, 19]",3,3993,5595.png,626,1622,40,Cấm rẽ
546,0,5597,"[951, 133, 21, 26]",3,3997,5597.png,626,1622,42,Cấm rẽ
156,0,5602,"[810, 384, 12, 13]",3,4004,5602.png,626,1622,42,Cấm rẽ
1225,0,5605,"[1037, 180, 35, 35]",3,4012,5605.png,626,1622,44,Cấm rẽ
24402,0,5609,"[1297, 231, 166, 147]",3,4017,5609.png,626,1622,38,Cấm rẽ
144,0,5611,"[733, 323, 12, 12]",3,4023,5611.png,626,1622,41,Cấm rẽ
176,0,5616,"[13, 313, 16, 11]",3,4032,5616.png,626,1622,42,Cấm rẽ
1056,0,5636,"[799, 386, 32, 33]",3,4065,5636.png,626,1622,38,Cấm rẽ
576,0,5637,"[774, 473, 24, 24]",3,4067,5637.png,626,1622,38,Cấm rẽ
25,0,5637,"[740, 570, 5, 5]",3,4069,5637.png,626,1622,38,Cấm rẽ
1716,0,5638,"[1093, 270, 44, 39]",3,4070,5638.png,626,1622,38,Cấm rẽ
675,0,5642,"[796, 292, 25, 27]",3,4076,5642.png,626,1622,41,Cấm rẽ
600,0,5651,"[919, 401, 25, 24]",3,4092,5651.png,626,1622,41,Cấm rẽ
600,0,5666,"[948, 320, 24, 25]",3,4117,5666.png,626,1622,38,Cấm rẽ
506,0,5669,"[895, 285, 22, 23]",3,4125,5669.png,626,1622,38,Cấm rẽ
56,0,5670,"[827, 311, 7, 8]",3,4127,5670.png,626,1622,42,Cấm rẽ
1080,0,5673,"[1060, 70, 30, 36]",3,4129,5673.png,626,1622,42,Cấm rẽ
225,0,5678,"[862, 286, 15, 15]",3,4133,5678.png,626,1622,41,Cấm rẽ
462,0,5683,"[731, 368, 21, 22]",3,4137,5683.png,626,1622,39,Cấm rẽ
1980,0,5686,"[802, 393, 45, 44]",3,4140,5686.png,626,1622,38,Cấm rẽ
182,0,5690,"[822, 404, 14, 13]",3,4151,5690.png,626,1622,41,Cấm rẽ
462,0,5691,"[702, 306, 21, 22]",3,4152,5691.png,626,1622,42,Cấm rẽ
1056,0,5694,"[926, 303, 33, 32]",3,4160,5694.png,626,1622,42,Cấm rẽ
1680,0,5696,"[1090, 110, 42, 40]",3,4161,5696.png,626,1622,44,Cấm rẽ
728,0,5701,"[979, 236, 26, 28]",3,4168,5701.png,626,1622,41,Cấm rẽ
5822,0,5704,"[1033, 80, 71, 82]",3,4170,5704.png,626,1622,41,Cấm rẽ
240,0,5722,"[647, 204, 15, 16]",3,4204,5722.png,626,1622,44,Cấm rẽ
4088,0,5725,"[1443, 50, 56, 73]",3,4207,5725.png,626,1622,42,Cấm rẽ
552,0,5737,"[726, 259, 23, 24]",3,4222,5737.png,626,1622,39,Cấm rẽ
30,0,5742,"[685, 436, 5, 6]",3,4232,5742.png,626,1622,38,Cấm rẽ
10400,0,5743,"[965, 289, 100, 104]",3,4233,5743.png,626,1622,38,Cấm rẽ
289,0,5755,"[558, 142, 17, 17]",3,4257,5755.png,626,1622,40,Cấm rẽ
462,0,5756,"[860, 261, 21, 22]",3,4259,5756.png,626,1622,41,Cấm rẽ
36,0,5757,"[891, 399, 6, 6]",3,4260,5757.png,626,1622,42,Cấm rẽ
728,0,5762,"[948, 307, 28, 26]",3,4268,5762.png,626,1622,38,Cấm rẽ
63,0,5768,"[732, 406, 7, 9]",3,4274,5768.png,626,1622,39,Cấm rẽ
7470,0,5770,"[163, 36, 83, 90]",3,4276,5770.png,626,1622,44,Cấm rẽ
567,0,5770,"[939, 149, 21, 27]",3,4277,5770.png,626,1622,44,Cấm rẽ
17286,0,5773,"[1230, 25, 129, 134]",3,4283,5773.png,626,1622,38,Cấm rẽ
1978,0,5776,"[931, 111, 43, 46]",3,4286,5776.png,626,1622,42,Cấm rẽ
700,0,5785,"[781, 309, 28, 25]",3,4293,5785.png,626,1622,41,Cấm rẽ
2703,0,5787,"[836, 314, 51, 53]",3,4294,5787.png,626,1622,38,Cấm rẽ
441,0,5789,"[886, 247, 21, 21]",3,4298,5789.png,626,1622,44,Cấm rẽ
10700,0,5799,"[903, 230, 100, 107]",3,4310,5799.png,626,1622,42,Cấm rẽ
1190,0,5801,"[749, 295, 34, 35]",3,4315,5801.png,626,1622,41,Cấm rẽ
30,0,5813,"[694, 416, 6, 5]",3,4333,5813.png,626,1622,38,Cấm rẽ
9120,0,5823,"[964, 234, 96, 95]",3,4341,5823.png,626,1622,41,Cấm rẽ
13843,0,5825,"[1494, 266, 127, 109]",3,4343,5825.png,626,1622,42,Cấm rẽ
552,0,5833,"[769, 316, 24, 23]",3,4357,5833.png,626,1622,38,Cấm rẽ
360,0,5837,"[796, 284, 18, 20]",3,4364,5837.png,626,1622,42,Cấm rẽ
1560,0,5843,"[858, 297, 39, 40]",3,4372,5843.png,626,1622,41,Cấm rẽ
930,0,5852,"[859, 300, 30, 31]",3,4376,5852.png,626,1622,41,Cấm rẽ
342,0,5857,"[762, 481, 18, 19]",3,4378,5857.png,626,1622,39,Cấm rẽ
121,0,5859,"[883, 358, 11, 11]",3,4382,5859.png,626,1622,38,Cấm rẽ
4940,0,5879,"[731, 155, 65, 76]",3,4413,5879.png,626,1622,41,Cấm rẽ
812,0,5882,"[722, 290, 28, 29]",3,4415,5882.png,626,1622,42,Cấm rẽ
1406,0,5890,"[1045, 282, 37, 38]",3,4421,5890.png,626,1622,41,Cấm rẽ
675,0,5897,"[397, 383, 27, 25]",3,4429,5897.png,626,1622,41,Cấm rẽ
110,0,5897,"[826, 409, 10, 11]",3,4434,5897.png,626,1622,41,Cấm rẽ
256,0,5905,"[903, 175, 16, 16]",3,4446,5905.png,626,1622,44,Cấm rẽ
306,0,5911,"[338, 461, 18, 17]",3,4454,5911.png,626,1622,41,Cấm rẽ
8342,0,5919,"[723, 72, 86, 97]",3,4468,5919.png,626,1622,41,Cấm rẽ
1292,0,5923,"[821, 506, 34, 38]",3,4472,5923.png,626,1622,44,Cấm rẽ
210,0,5926,"[716, 423, 14, 15]",3,4479,5926.png,626,1622,38,Cấm rẽ
2597,0,5935,"[1084, 269, 53, 49]",3,4488,5935.png,626,1622,42,Cấm rẽ
400,0,5937,"[917, 303, 20, 20]",3,4490,5937.png,626,1622,38,Cấm rẽ
1054,0,5938,"[950, 333, 31, 34]",3,4492,5938.png,626,1622,41,Cấm rẽ
3192,0,5939,"[848, 348, 56, 57]",3,4494,5939.png,626,1622,38,Cấm rẽ
930,0,5942,"[887, 297, 30, 31]",3,4499,5942.png,626,1622,42,Cấm rẽ
3136,0,5950,"[1184, 213, 56, 56]",3,4511,5950.png,626,1622,38,Cấm rẽ
3572,0,5961,"[1583, 142, 38, 94]",3,4530,5961.png,626,1622,41,Cấm rẽ
210,0,5963,"[700, 299, 15, 14]",3,4535,5963.png,626,1622,44,Cấm rẽ
210,0,5963,"[700, 298, 14, 15]",3,4634,5963.png,626,1622,44,Cấm rẽ
288,0,5967,"[696, 329, 18, 16]",3,4541,5967.png,626,1622,38,Cấm rẽ
13764,0,5968,"[1344, 300, 93, 148]",3,4543,5968.png,626,1622,41,Cấm rẽ
15400,0,5968,"[1343, 299, 100, 154]",3,4619,5968.png,626,1622,41,Cấm rẽ
10300,0,5972,"[1406, 164, 100, 103]",3,4548,5972.png,626,1622,44,Cấm rẽ
11016,0,5972,"[1405, 163, 102, 108]",3,4588,5972.png,626,1622,44,Cấm rẽ
306,0,5976,"[840, 233, 17, 18]",3,4554,5976.png,626,1622,38,Cấm rẽ
342,0,5976,"[840, 233, 18, 19]",3,4596,5976.png,626,1622,38,Cấm rẽ
1806,0,5989,"[681, 251, 43, 42]",3,4567,5989.png,626,1622,41,Cấm rẽ
1722,0,5989,"[682, 251, 42, 41]",3,4605,5989.png,626,1622,41,Cấm rẽ
1406,0,5990,"[954, 198, 37, 38]",3,4571,5990.png,626,1622,38,Cấm rẽ
1440,0,5990,"[955, 197, 36, 40]",3,4645,5990.png,626,1622,38,Cấm rẽ
2491,0,5993,"[967, 206, 53, 47]",3,4573,5993.png,626,1622,41,Cấm rẽ
2392,0,5993,"[968, 207, 52, 46]",3,4609,5993.png,626,1622,41,Cấm rẽ
420,0,5996,"[683, 202, 21, 20]",3,4579,5996.png,626,1622,44,Cấm rẽ
399,0,5996,"[683, 202, 19, 21]",3,4603,5996.png,626,1622,44,Cấm rẽ
11227,0,6001,"[1396, 133, 103, 109]",3,4585,6001.png,626,1622,41,Cấm rẽ
9393,0,6001,"[1400, 135, 93, 101]",3,4593,6001.png,626,1622,41,Cấm rẽ
4288,0,6007,"[1155, 173, 64, 67]",3,4589,6007.png,626,1622,41,Cấm rẽ
1521,0,6008,"[922, 242, 39, 39]",3,4607,6008.png,626,1622,42,Cấm rẽ
483,0,6011,"[715, 390, 21, 23]",3,4615,6011.png,626,1622,38,Cấm rẽ
483,0,6017,"[766, 500, 21, 23]",3,4659,6017.png,626,1622,44,Cấm rẽ
420,0,6017,"[766, 502, 20, 21]",3,4660,6017.png,626,1622,44,Cấm rẽ
1024,0,6021,"[871, 183, 32, 32]",3,4674,6021.png,626,1622,45,Cấm rẽ
120,0,6094,"[542, 273, 12, 10]",3,4730,6094.png,626,1622,19,Cấm rẽ
483,0,6163,"[899, 195, 23, 21]",3,4804,6163.png,626,1622,45,Cấm rẽ
256,0,6264,"[680, 529, 16, 16]",3,4888,6264.png,626,1622,29,Cấm rẽ
169,0,6363,"[760, 549, 13, 13]",3,4970,6363.png,626,1622,15,Cấm rẽ
638,0,6378,"[738, 233, 22, 29]",3,4976,6378.png,626,1622,13,Cấm rẽ
1890,0,6378,"[1490, 252, 54, 35]",3,4977,6378.png,626,1622,13,Cấm rẽ
36,0,6445,"[832, 388, 6, 6]",3,5008,6445.png,626,1622,28,Cấm rẽ
72,0,6453,"[797, 275, 6, 12]",3,5013,6453.png,626,1622,37,Cấm rẽ
442,0,6463,"[1266, 208, 17, 26]",3,5018,6463.png,626,1622,45,Cấm rẽ
1190,0,6546,"[853, 137, 35, 34]",3,5072,6546.png,626,1622,24,Cấm rẽ
1008,0,6600,"[1437, 31, 36, 28]",3,5131,6600.png,626,1622,28,Cấm rẽ
144,0,6632,"[856, 261, 12, 12]",3,5157,6632.png,626,1622,8,Cấm rẽ
154,0,6678,"[1476, 120, 14, 11]",3,5209,6678.png,626,1622,28,Cấm rẽ
1482,0,6692,"[840, 197, 38, 39]",3,5218,6692.png,626,1622,45,Cấm rẽ
340,0,6699,"[1208, 431, 20, 17]",3,5223,6699.png,626,1622,5,Cấm rẽ
240,0,6707,"[510, 268, 16, 15]",3,5234,6707.png,626,1622,19,Cấm rẽ
56,0,6707,"[610, 291, 8, 7]",3,5236,6707.png,626,1622,19,Cấm rẽ
196,0,6749,"[649, 396, 14, 14]",3,5278,6749.png,626,1622,28,Cấm rẽ
80,0,6788,"[847, 514, 8, 10]",3,5320,6788.png,626,1622,29,Cấm rẽ
81,0,6855,"[1058, 461, 9, 9]",3,5346,6855.png,626,1622,19,Cấm rẽ
18630,0,6942,"[1256, 100, 135, 138]",3,5420,6942.png,626,1622,36,Cấm rẽ
5767,0,7005,"[1142, 123, 79, 73]",3,5483,7005.png,626,1622,52,Cấm rẽ
638,0,7038,"[665, 463, 22, 29]",3,5498,7038.png,626,1622,5,Cấm rẽ
754,0,7081,"[891, 221, 29, 26]",3,5535,7081.png,626,1622,52,Cấm rẽ
272,0,7174,"[605, 258, 17, 16]",3,5633,7174.png,626,1622,34,Cấm rẽ
132,0,7174,"[569, 275, 12, 11]",3,5634,7174.png,626,1622,34,Cấm rẽ
289,0,7205,"[1121, 308, 17, 17]",3,5661,7205.png,626,1622,30,Cấm rẽ
252,0,7246,"[766, 261, 12, 21]",3,5677,7246.png,626,1622,37,Cấm rẽ
90,0,7315,"[251, 321, 10, 9]",3,5713,7315.png,626,1622,20,Cấm rẽ
8742,0,7332,"[1448, 172, 94, 93]",3,5719,7332.png,626,1622,45,Cấm rẽ
110,0,7336,"[803, 329, 11, 10]",3,5722,7336.png,626,1622,53,Cấm rẽ
36,0,7336,"[846, 345, 6, 6]",3,5723,7336.png,626,1622,53,Cấm rẽ
36,0,7336,"[781, 333, 6, 6]",3,5724,7336.png,626,1622,53,Cấm rẽ
100,0,7355,"[794, 510, 10, 10]",3,5748,7355.png,626,1622,29,Cấm rẽ
169,0,7434,"[874, 374, 13, 13]",3,5816,7434.png,626,1622,28,Cấm rẽ
3969,0,7462,"[1144, 136, 63, 63]",3,5846,7462.png,626,1622,45,Cấm rẽ
441,0,7501,"[847, 215, 21, 21]",3,5884,7501.png,626,1622,45,Cấm rẽ
650,0,7529,"[556, 404, 26, 25]",3,5898,7529.png,626,1622,28,Cấm rẽ
462,0,7548,"[826, 170, 21, 22]",3,5906,7548.png,626,1622,51,Cấm rẽ
72,0,7591,"[592, 304, 9, 8]",3,5951,7591.png,626,1622,37,Cấm rẽ
81,0,7591,"[593, 322, 9, 9]",3,5952,7591.png,626,1622,37,Cấm rẽ
100,0,7606,"[694, 485, 10, 10]",3,5968,7606.png,626,1622,19,Cấm rẽ
165,0,7611,"[141, 285, 15, 11]",3,5975,7611.png,626,1622,37,Cấm rẽ
1610,0,7727,"[1230, 184, 46, 35]",3,6065,7727.png,626,1622,49,Cấm rẽ
90,0,7734,"[1026, 257, 10, 9]",3,6069,7734.png,626,1622,49,Cấm rẽ
49,0,7792,"[610, 291, 7, 7]",3,6106,7792.png,626,1622,19,Cấm rẽ
2310,0,7868,"[143, 180, 55, 42]",3,6171,7868.png,626,1622,45,Cấm rẽ
196,0,8009,"[800, 242, 14, 14]",3,6260,8009.png,626,1622,18,Cấm rẽ
169,0,8012,"[754, 301, 13, 13]",3,6264,8012.png,626,1622,13,Cấm rẽ
256,0,8032,"[905, 309, 16, 16]",3,6268,8032.png,626,1622,15,Cấm rẽ
56,0,8075,"[653, 282, 7, 8]",3,6289,8075.png,626,1622,28,Cấm rẽ
448,0,8082,"[806, 210, 16, 28]",3,6290,8082.png,626,1622,52,Cấm rẽ
182,0,8189,"[647, 312, 14, 13]",3,6377,8189.png,626,1622,49,Cấm rẽ
72,0,8302,"[849, 381, 8, 9]",3,6458,8302.png,626,1622,28,Cấm rẽ
552,0,8336,"[819, 208, 23, 24]",3,6473,8336.png,626,1622,45,Cấm rẽ
4872,0,8342,"[1486, 5, 87, 56]",3,6475,8342.png,626,1622,28,Cấm rẽ
270,0,8383,"[317, 285, 18, 15]",3,6497,8383.png,626,1622,45,Cấm rẽ
1672,0,8461,"[954, 175, 38, 44]",3,6537,8461.png,626,1622,45,Cấm rẽ
400,0,8619,"[909, 299, 20, 20]",3,6633,8619.png,626,1622,30,Cấm rẽ
462,0,8619,"[909, 299, 22, 21]",3,10072,8619.png,626,1622,30,Cấm rẽ
360,0,8619,"[910, 300, 18, 20]",3,10221,8619.png,626,1622,30,Cấm rẽ
420,0,8619,"[910, 299, 20, 21]",3,10440,8619.png,626,1622,30,Cấm rẽ
506,0,8655,"[765, 275, 22, 23]",3,6657,8655.png,626,1622,28,Cấm rẽ
408,0,8770,"[1525, 115, 24, 17]",3,6723,8770.png,626,1622,28,Cấm rẽ
408,0,8770,"[1525, 116, 24, 17]",3,7899,8770.png,626,1622,28,Cấm rẽ
352,0,8770,"[1526, 116, 22, 16]",3,8079,8770.png,626,1622,28,Cấm rẽ
408,0,8770,"[1525, 116, 24, 17]",3,9472,8770.png,626,1622,28,Cấm rẽ
432,0,8770,"[1525, 114, 24, 18]",3,10589,8770.png,626,1622,28,Cấm rẽ
289,0,8887,"[737, 527, 17, 17]",3,6790,8887.png,626,1622,29,Cấm rẽ
272,0,8887,"[737, 527, 16, 17]",3,7664,8887.png,626,1622,29,Cấm rẽ
24,0,8887,"[667, 537, 6, 4]",3,7665,8887.png,626,1622,29,Cấm rẽ
240,0,8910,"[864, 349, 15, 16]",3,6803,8910.png,626,1622,15,Cấm rẽ
225,0,8910,"[863, 350, 15, 15]",3,7066,8910.png,626,1622,15,Cấm rẽ
256,0,8910,"[863, 349, 16, 16]",3,8456,8910.png,626,1622,15,Cấm rẽ
210,0,8910,"[864, 350, 15, 14]",3,10469,8910.png,626,1622,15,Cấm rẽ
289,0,8910,"[863, 348, 17, 17]",3,10625,8910.png,626,1622,15,Cấm rẽ
169,0,8936,"[685, 274, 13, 13]",3,6826,8936.png,626,1622,28,Cấm rẽ
132,0,8936,"[686, 274, 11, 12]",3,10208,8936.png,626,1622,28,Cấm rẽ
1056,0,9017,"[917, 293, 33, 32]",3,6866,9017.png,626,1622,28,Cấm rẽ
1024,0,9017,"[917, 293, 32, 32]",3,7456,9017.png,626,1622,28,Cấm rẽ
1156,0,9017,"[916, 292, 34, 34]",3,9428,9017.png,626,1622,28,Cấm rẽ
121,0,9066,"[525, 280, 11, 11]",3,6885,9066.png,626,1622,45,Cấm rẽ
120,0,9066,"[525, 280, 12, 10]",3,8512,9066.png,626,1622,45,Cấm rẽ
156,0,9094,"[727, 328, 12, 13]",3,6904,9094.png,626,1622,31,Cấm rẽ
110,0,9094,"[728, 328, 10, 11]",3,7690,9094.png,626,1622,31,Cấm rẽ
144,0,9094,"[726, 328, 12, 12]",3,10210,9094.png,626,1622,31,Cấm rẽ
100,0,9115,"[765, 194, 10, 10]",3,6923,9115.png,626,1622,51,Cấm rẽ
100,0,9115,"[765, 194, 10, 10]",3,8218,9115.png,626,1622,51,Cấm rẽ
121,0,9115,"[764, 193, 11, 11]",3,9820,9115.png,626,1622,51,Cấm rẽ
100,0,9115,"[765, 193, 10, 10]",3,10470,9115.png,626,1622,51,Cấm rẽ
64,0,9126,"[748, 562, 8, 8]",3,6935,9126.png,626,1622,15,Cấm rẽ
304,0,9145,"[1115, 450, 16, 19]",3,6951,9145.png,626,1622,5,Cấm rẽ
49,0,9236,"[647, 285, 7, 7]",3,6999,9236.png,626,1622,28,Cấm rẽ
36,0,9236,"[648, 285, 6, 6]",3,8151,9236.png,626,1622,28,Cấm rẽ
36,0,9236,"[648, 285, 6, 6]",3,9244,9236.png,626,1622,28,Cấm rẽ
7360,0,9291,"[1160, 59, 92, 80]",3,7031,9291.png,626,1622,45,Cấm rẽ
225,0,9292,"[861, 509, 15, 15]",3,7033,9292.png,626,1622,29,Cấm rẽ
930,0,9303,"[694, 368, 31, 30]",3,7042,9303.png,626,1622,28,Cấm rẽ
870,0,9303,"[694, 369, 30, 29]",3,7371,9303.png,626,1622,28,Cấm rẽ
841,0,9303,"[695, 368, 29, 29]",3,9739,9303.png,626,1622,28,Cấm rẽ
960,0,9303,"[693, 367, 32, 30]",3,9922,9303.png,626,1622,28,Cấm rẽ
192,0,9334,"[322, 315, 16, 12]",3,7073,9334.png,626,1622,1,Cấm rẽ
195,0,9334,"[322, 315, 15, 13]",3,7329,9334.png,626,1622,1,Cấm rẽ
192,0,9334,"[322, 315, 16, 12]",3,9143,9334.png,626,1622,1,Cấm rẽ
180,0,9334,"[322, 314, 15, 12]",3,9711,9334.png,626,1622,1,Cấm rẽ
165,0,9334,"[323, 316, 15, 11]",3,10284,9334.png,626,1622,1,Cấm rẽ
342,0,9444,"[554, 270, 19, 18]",3,7157,9444.png,626,1622,34,Cấm rẽ
360,0,9444,"[554, 269, 20, 18]",3,7504,9444.png,626,1622,34,Cấm rẽ
504,0,9487,"[850, 223, 24, 21]",3,7188,9487.png,626,1622,52,Cấm rẽ
506,0,9516,"[1019, 281, 22, 23]",3,7204,9516.png,626,1622,45,Cấm rẽ
552,0,9516,"[1019, 281, 23, 24]",3,7989,9516.png,626,1622,45,Cấm rẽ
240,0,9543,"[732, 242, 16, 15]",3,7226,9543.png,626,1622,5,Cấm rẽ
272,0,9543,"[732, 241, 16, 17]",3,7983,9543.png,626,1622,5,Cấm rẽ
72,0,9607,"[584, 288, 9, 8]",3,7285,9607.png,626,1622,19,Cấm rẽ
64,0,9607,"[584, 288, 8, 8]",3,9530,9607.png,626,1622,19,Cấm rẽ
72,0,9607,"[584, 288, 9, 8]",3,10225,9607.png,626,1622,19,Cấm rẽ
121,0,9625,"[899, 289, 11, 11]",3,7299,9625.png,626,1622,45,Cấm rẽ
1224,0,9632,"[1181, 225, 36, 34]",3,7305,9632.png,626,1622,45,Cấm rẽ
210,0,9648,"[677, 330, 15, 14]",3,8879,9648.png,626,1622,19,Cấm rẽ
1558,0,9705,"[1365, 461, 41, 38]",3,7346,9705.png,626,1622,19,Cấm rẽ
64,0,9738,"[533, 428, 8, 8]",3,7370,9738.png,626,1622,28,Cấm rẽ
1332,0,9739,"[914, 208, 37, 36]",3,7375,9739.png,626,1622,36,Cấm rẽ
1122,0,9739,"[917, 209, 33, 34]",3,8820,9739.png,626,1622,36,Cấm rẽ
72,0,9805,"[666, 280, 9, 8]",3,7411,9805.png,626,1622,28,Cấm rẽ
64,0,9807,"[738, 236, 8, 8]",3,7415,9807.png,626,1622,45,Cấm rẽ
100,0,9807,"[736, 235, 10, 10]",3,8323,9807.png,626,1622,45,Cấm rẽ
400,0,9841,"[780, 207, 20, 20]",3,7436,9841.png,626,1622,45,Cấm rẽ
156,0,9844,"[841, 370, 13, 12]",3,7437,9844.png,626,1622,15,Cấm rẽ
420,0,9911,"[633, 290, 20, 21]",3,7486,9911.png,626,1622,45,Cấm rẽ
342,0,9911,"[634, 292, 18, 19]",3,8125,9911.png,626,1622,45,Cấm rẽ
234,0,9930,"[1486, 117, 18, 13]",3,7497,9930.png,626,1622,28,Cấm rẽ
81,0,10068,"[1028, 193, 9, 9]",3,7633,10068.png,626,1622,49,Cấm rẽ
36,0,10068,"[907, 139, 6, 6]",3,7636,10068.png,626,1622,49,Cấm rẽ
72,0,10068,"[1029, 193, 9, 8]",3,8047,10068.png,626,1622,49,Cấm rẽ
36,0,10068,"[906, 139, 6, 6]",3,8049,10068.png,626,1622,49,Cấm rẽ
625,0,10087,"[1039, 183, 25, 25]",3,7658,10087.png,626,1622,47,Cấm rẽ
496,0,10100,"[773, 239, 16, 31]",3,7675,10100.png,626,1622,37,Cấm rẽ
527,0,10100,"[771, 238, 17, 31]",3,8266,10100.png,626,1622,37,Cấm rẽ
576,0,10100,"[771, 238, 18, 32]",3,9388,10100.png,626,1622,37,Cấm rẽ
480,0,10100,"[772, 239, 16, 30]",3,9637,10100.png,626,1622,37,Cấm rẽ
496,0,10100,"[772, 239, 16, 31]",3,10049,10100.png,626,1622,37,Cấm rẽ
450,0,10100,"[773, 239, 15, 30]",3,10145,10100.png,626,1622,37,Cấm rẽ
224,0,10174,"[1053, 260, 16, 14]",3,7759,10174.png,626,1622,13,Cấm rẽ
210,0,10174,"[1053, 260, 15, 14]",3,8735,10174.png,626,1622,13,Cấm rẽ
225,0,10174,"[1053, 260, 15, 15]",3,10330,10174.png,626,1622,13,Cấm rẽ
56,0,10200,"[754, 462, 7, 8]",3,7793,10200.png,626,1622,19,Cấm rẽ
72,0,10200,"[752, 461, 9, 8]",3,8339,10200.png,626,1622,19,Cấm rẽ
56,0,10200,"[754, 461, 7, 8]",3,8938,10200.png,626,1622,19,Cấm rẽ
110,0,10446,"[328, 96, 11, 10]",3,8888,10446.png,626,1622,22,Cấm rẽ
36,0,10460,"[802, 368, 6, 6]",3,8070,10460.png,626,1622,53,Cấm rẽ
208,0,10519,"[1563, 105, 16, 13]",3,8134,10519.png,626,1622,28,Cấm rẽ
204,0,10519,"[1563, 106, 17, 12]",3,8755,10519.png,626,1622,28,Cấm rẽ
484,0,10526,"[859, 210, 22, 22]",3,9540,10526.png,626,1622,32,Cấm rẽ
624,0,10670,"[931, 339, 26, 24]",3,8320,10670.png,626,1622,28,Cấm rẽ
441,0,10689,"[836, 135, 21, 21]",3,8336,10689.png,626,1622,31,Cấm rẽ
420,0,10689,"[836, 136, 20, 21]",3,10003,10689.png,626,1622,31,Cấm rẽ
81,0,10721,"[653, 252, 9, 9]",3,8372,10721.png,626,1622,34,Cấm rẽ
64,0,10721,"[755, 253, 8, 8]",3,8378,10721.png,626,1622,34,Cấm rẽ
100,0,10785,"[775, 241, 10, 10]",3,8463,10785.png,626,1622,18,Cấm rẽ
110,0,10785,"[774, 240, 11, 10]",3,10588,10785.png,626,1622,18,Cấm rẽ
195,0,10817,"[859, 161, 13, 15]",3,8518,10817.png,626,1622,31,Cấm rẽ
156,0,10817,"[859, 162, 12, 13]",3,10642,10817.png,626,1622,31,Cấm rẽ
30,0,10857,"[610, 397, 6, 5]",3,8555,10857.png,626,1622,28,Cấm rẽ
169,0,10876,"[847, 190, 13, 13]",3,8575,10876.png,626,1622,7,Cấm rẽ
4352,0,11005,"[856, 195, 64, 68]",3,8726,11005.png,626,1622,45,Cấm rẽ
144,0,11111,"[782, 257, 9, 16]",3,8868,11111.png,626,1622,37,Cấm rẽ
120,0,11111,"[782, 258, 8, 15]",3,9164,11111.png,626,1622,37,Cấm rẽ
120,0,11111,"[782, 258, 8, 15]",3,9503,11111.png,626,1622,37,Cấm rẽ
110,0,11146,"[702, 536, 10, 11]",3,8921,11146.png,626,1622,29,Cấm rẽ
110,0,11146,"[702, 536, 11, 10]",3,9270,11146.png,626,1622,29,Cấm rẽ
23058,0,11176,"[1429, 1, 189, 122]",3,8959,11176.png,626,1622,24,Cấm rẽ
22627,0,11176,"[1432, 1, 187, 121]",3,10105,11176.png,626,1622,24,Cấm rẽ
90,0,11222,"[666, 533, 10, 9]",3,9040,11222.png,626,1622,29,Cấm rẽ
400,0,11261,"[1099, 273, 20, 20]",3,9113,11261.png,626,1622,45,Cấm rẽ
4154,0,11508,"[489, 192, 67, 62]",3,9543,11508.png,626,1622,22,Cấm rẽ
2601,0,11508,"[962, 237, 51, 51]",3,9545,11508.png,626,1622,22,Cấm rẽ
144,0,11585,"[824, 324, 12, 12]",3,9675,11585.png,626,1622,53,Cấm rẽ
56,0,11585,"[866, 344, 7, 8]",3,9676,11585.png,626,1622,53,Cấm rẽ
380,0,11697,"[938, 304, 19, 20]",3,9864,11697.png,626,1622,15,Cấm rẽ
702,0,11733,"[480, 232, 27, 26]",3,9936,11733.png,626,1622,53,Cấm rẽ
930,0,11733,"[998, 261, 31, 30]",3,9937,11733.png,626,1622,53,Cấm rẽ
672,0,11733,"[1287, 321, 28, 24]",3,9938,11733.png,626,1622,53,Cấm rẽ
144,0,11822,"[1063, 242, 12, 12]",3,10154,11822.png,626,1622,49,Cấm rẽ
132,0,11963,"[826, 238, 12, 11]",3,10524,11963.png,626,1622,52,Cấm rẽ
72,0,11992,"[840, 368, 8, 9]",3,10574,11992.png,626,1622,28,Cấm rẽ
132,0,12019,"[556, 282, 12, 11]",3,10631,12019.png,626,1622,19,Cấm rẽ
756,0,12032,"[510, 204, 21, 36]",3,10655,12032.png,626,1622,13,Cấm rẽ
3854,0,12032,"[1539, 191, 82, 47]",3,10656,12032.png,626,1622,13,Cấm rẽ
483,0,12061,"[1038, 219, 23, 21]",3,10676,12061.png,626,1622,49,Cấm rẽ
700,0,12070,"[904, 284, 28, 25]",3,10682,12070.png,626,1622,45,Cấm rẽ
132,0,12070,"[684, 308, 12, 11]",3,10683,12070.png,626,1622,45,Cấm rẽ
2912,0,12072,"[1076, 279, 56, 52]",3,10686,12072.png,626,1622,45,Cấm rẽ
272,0,12075,"[369, 262, 17, 16]",3,10688,12075.png,626,1622,45,Cấm rẽ
144,0,12089,"[991, 274, 12, 12]",3,10696,12089.png,626,1622,45,Cấm rẽ
3510,0,12095,"[1259, 181, 65, 54]",3,10704,12095.png,626,1622,49,Cấm rẽ
182,0,12122,"[952, 297, 13, 14]",3,10713,12122.png,626,1622,45,Cấm rẽ
812,0,12154,"[1168, 579, 28, 29]",3,10727,12154.png,626,1622,53,Cấm rẽ
6004,0,12168,"[1077, 33, 79, 76]",3,10735,12168.png,626,1622,51,Cấm rẽ
100,0,12177,"[722, 259, 10, 10]",3,10741,12177.png,626,1622,45,Cấm rẽ
182,0,12192,"[832, 323, 13, 14]",3,10748,12192.png,626,1622,53,Cấm rẽ
49,0,12192,"[793, 331, 7, 7]",3,10749,12192.png,626,1622,53,Cấm rẽ
81,0,12192,"[872, 344, 9, 9]",3,10750,12192.png,626,1622,53,Cấm rẽ
210,0,12211,"[706, 221, 15, 14]",3,10775,12211.png,626,1622,45,Cấm rẽ
225,0,12232,"[951, 300, 15, 15]",3,10791,12232.png,626,1622,45,Cấm rẽ
2016,0,12248,"[996, 246, 42, 48]",3,10796,12248.png,626,1622,49,Cấm rẽ
156,0,12264,"[842, 317, 12, 13]",3,10810,12264.png,626,1622,53,Cấm rẽ
342,0,12264,"[1029, 336, 19, 18]",3,10811,12264.png,626,1622,53,Cấm rẽ
99,0,12264,"[951, 343, 11, 9]",3,10812,12264.png,626,1622,53,Cấm rẽ
5106,0,12264,"[1257, 203, 69, 74]",3,10815,12264.png,626,1622,53,Cấm rẽ
675,0,12287,"[866, 290, 25, 27]",3,10830,12287.png,626,1622,13,Cấm rẽ
49,0,12332,"[627, 258, 7, 7]",3,10868,12332.png,626,1622,49,Cấm rẽ
528,0,12364,"[923, 276, 22, 24]",3,10875,12364.png,626,1622,51,Cấm rẽ
169,0,12418,"[1046, 256, 13, 13]",3,10920,12418.png,626,1622,49,Cấm rẽ
49,0,12431,"[741, 205, 7, 7]",3,10940,12431.png,626,1622,51,Cấm rẽ
255,0,12442,"[332, 348, 17, 15]",3,10953,12442.png,626,1622,53,Cấm rẽ
8343,0,12444,"[1438, 64, 103, 81]",3,10962,12444.png,626,1622,49,Cấm rẽ
210,0,12444,"[827, 48, 14, 15]",3,10964,12444.png,626,1622,49,Cấm rẽ
11844,0,12457,"[1403, 84, 126, 94]",3,10973,12457.png,626,1622,45,Cấm rẽ
323,0,12485,"[854, 315, 17, 19]",3,10984,12485.png,626,1622,53,Cấm rẽ
100,0,12485,"[893, 343, 10, 10]",3,10985,12485.png,626,1622,53,Cấm rẽ
64,0,12485,"[800, 329, 8, 8]",3,10986,12485.png,626,1622,53,Cấm rẽ
380,0,12509,"[702, 276, 20, 19]",3,10992,12509.png,626,1622,45,Cấm rẽ
255,0,6,"[781, 337, 17, 15]",6,3,6.png,626,1622,5,Nguy hiểm
121,0,32,"[586, 238, 11, 11]",6,19,32.png,626,1622,5,Nguy hiểm
1050,0,63,"[1179, 414, 35, 30]",6,37,63.png,626,1622,5,Nguy hiểm
1073,0,77,"[1081, 456, 37, 29]",6,41,77.png,626,1622,12,Nguy hiểm
858,0,77,"[1081, 427, 33, 26]",6,42,77.png,626,1622,12,Nguy hiểm
224,0,89,"[1363, 223, 16, 14]",6,48,89.png,626,1622,7,Nguy hiểm
7826,0,104,"[671, 272, 91, 86]",6,51,104.png,626,1622,5,Nguy hiểm
1435,0,108,"[1338, 461, 41, 35]",6,53,108.png,626,1622,12,Nguy hiểm
252,0,108,"[1168, 477, 18, 14]",6,54,108.png,626,1622,12,Nguy hiểm
2120,0,109,"[1009, 221, 53, 40]",6,55,109.png,626,1622,5,Nguy hiểm
9919,0,123,"[1340, 144, 91, 109]",6,58,123.png,626,1622,7,Nguy hiểm
357,0,130,"[1021, 414, 21, 17]",6,63,130.png,626,1622,12,Nguy hiểm
391,0,130,"[1023, 432, 23, 17]",6,64,130.png,626,1622,12,Nguy hiểm
18000,0,133,"[1496, 292, 125, 144]",6,65,133.png,626,1622,12,Nguy hiểm
1519,0,151,"[1488, 386, 49, 31]",6,69,151.png,626,1622,12,Nguy hiểm
1610,0,156,"[1385, 391, 46, 35]",6,73,156.png,626,1622,12,Nguy hiểm
196,0,164,"[759, 421, 14, 14]",6,81,164.png,626,1622,12,Nguy hiểm
99,0,188,"[501, 302, 11, 9]",6,90,188.png,626,1622,1,Nguy hiểm
1120,0,188,"[107, 301, 40, 28]",6,91,188.png,626,1622,1,Nguy hiểm
2107,0,206,"[867, 386, 43, 49]",6,95,206.png,626,1622,12,Nguy hiểm
1540,0,212,"[740, 359, 44, 35]",6,100,212.png,626,1622,12,Nguy hiểm
520,0,263,"[1176, 402, 26, 20]",6,122,263.png,626,1622,12,Nguy hiểm
506,0,265,"[565, 339, 23, 22]",6,123,265.png,626,1622,12,Nguy hiểm
2257,0,267,"[1431, 464, 61, 37]",6,124,267.png,626,1622,12,Nguy hiểm
143,0,292,"[1129, 406, 13, 11]",6,134,292.png,626,1622,12,Nguy hiểm
63,0,355,"[814, 214, 9, 7]",6,161,355.png,626,1622,7,Nguy hiểm
1000,0,363,"[1182, 403, 40, 25]",6,164,363.png,626,1622,12,Nguy hiểm
2835,0,378,"[1550, 395, 63, 45]",6,171,378.png,626,1622,12,Nguy hiểm
2915,0,384,"[1176, 400, 55, 53]",6,175,384.png,626,1622,12,Nguy hiểm
289,0,395,"[896, 415, 17, 17]",6,180,395.png,626,1622,12,Nguy hiểm
255,0,399,"[963, 451, 17, 15]",6,183,399.png,626,1622,12,Nguy hiểm
238,0,399,"[964, 467, 17, 14]",6,184,399.png,626,1622,12,Nguy hiểm
378,0,413,"[662, 449, 21, 18]",6,197,413.png,626,1622,12,Nguy hiểm
1872,0,441,"[584, 225, 48, 39]",6,203,441.png,626,1622,1,Nguy hiểm
306,0,442,"[32, 480, 18, 17]",6,205,442.png,626,1622,12,Nguy hiểm
288,0,447,"[866, 414, 18, 16]",6,208,447.png,626,1622,12,Nguy hiểm
780,0,456,"[1217, 393, 30, 26]",6,211,456.png,626,1622,12,Nguy hiểm
49,0,474,"[816, 217, 7, 7]",6,227,474.png,626,1622,7,Nguy hiểm
99,0,483,"[760, 208, 11, 9]",6,229,483.png,626,1622,7,Nguy hiểm
2000,0,484,"[694, 439, 50, 40]",6,232,484.png,626,1622,12,Nguy hiểm
340,0,500,"[668, 366, 20, 17]",6,236,500.png,626,1622,12,Nguy hiểm
5256,0,510,"[893, 354, 72, 73]",6,240,510.png,626,1622,12,Nguy hiểm
64,0,510,"[542, 374, 8, 8]",6,241,510.png,626,1622,12,Nguy hiểm
5313,0,515,"[926, 363, 77, 69]",6,243,515.png,626,1622,12,Nguy hiểm
180,0,517,"[1156, 399, 15, 12]",6,246,517.png,626,1622,12,Nguy hiểm
1221,0,518,"[987, 421, 37, 33]",6,247,518.png,626,1622,12,Nguy hiểm
1189,0,518,"[989, 456, 41, 29]",6,248,518.png,626,1622,12,Nguy hiểm
550,0,546,"[669, 340, 25, 22]",6,255,546.png,626,1622,5,Nguy hiểm
437,0,557,"[544, 287, 23, 19]",6,260,557.png,626,1622,1,Nguy hiểm
2142,0,561,"[624, 370, 51, 42]",6,264,561.png,626,1622,12,Nguy hiểm
304,0,577,"[1045, 480, 19, 16]",6,271,577.png,626,1622,12,Nguy hiểm
2520,0,580,"[651, 319, 56, 45]",6,272,580.png,626,1622,12,Nguy hiểm
7917,0,581,"[923, 285, 91, 87]",6,273,581.png,626,1622,12,Nguy hiểm
182,0,591,"[457, 338, 13, 14]",6,277,591.png,626,1622,3,Nguy hiểm
240,0,591,"[457, 321, 16, 15]",6,278,591.png,626,1622,3,Nguy hiểm
483,0,615,"[550, 377, 23, 21]",6,291,615.png,626,1622,12,Nguy hiểm
110,0,617,"[566, 222, 10, 11]",6,292,617.png,626,1622,5,Nguy hiểm
165,0,624,"[1059, 444, 15, 11]",6,297,624.png,626,1622,5,Nguy hiểm
272,0,630,"[611, 452, 17, 16]",6,302,630.png,626,1622,12,Nguy hiểm
240,0,630,"[630, 452, 16, 15]",6,303,630.png,626,1622,12,Nguy hiểm
182,0,652,"[1470, 405, 14, 13]",6,308,652.png,626,1622,5,Nguy hiểm
2622,0,654,"[906, 160, 57, 46]",6,309,654.png,626,1622,7,Nguy hiểm
1672,0,663,"[966, 460, 44, 38]",6,311,663.png,626,1622,12,Nguy hiểm
1054,0,667,"[1421, 380, 31, 34]",6,312,667.png,626,1622,3,Nguy hiểm
399,0,672,"[744, 414, 21, 19]",6,314,672.png,626,1622,12,Nguy hiểm
4355,0,704,"[769, 245, 67, 65]",6,325,704.png,626,1622,1,Nguy hiểm
10656,0,721,"[1093, 443, 111, 96]",6,336,721.png,626,1622,12,Nguy hiểm
90,0,728,"[613, 348, 10, 9]",6,337,728.png,626,1622,5,Nguy hiểm
342,0,736,"[614, 452, 19, 18]",6,341,736.png,626,1622,12,Nguy hiểm
288,0,738,"[727, 392, 16, 18]",6,342,738.png,626,1622,12,Nguy hiểm
2040,0,755,"[1106, 451, 51, 40]",6,350,755.png,626,1622,12,Nguy hiểm
638,0,765,"[854, 411, 29, 22]",6,356,765.png,626,1622,12,Nguy hiểm
80,0,781,"[910, 449, 10, 8]",6,361,781.png,626,1622,5,Nguy hiểm
2156,0,795,"[1051, 467, 49, 44]",6,367,795.png,626,1622,12,Nguy hiểm
306,0,795,"[810, 468, 18, 17]",6,368,795.png,626,1622,12,Nguy hiểm
930,0,809,"[831, 478, 30, 31]",6,378,809.png,626,1622,12,Nguy hiểm
399,0,817,"[216, 208, 19, 21]",6,386,817.png,626,1622,7,Nguy hiểm
896,0,828,"[1178, 406, 32, 28]",6,389,828.png,626,1622,12,Nguy hiểm
195,0,848,"[929, 450, 13, 15]",6,401,848.png,626,1622,12,Nguy hiểm
3149,0,864,"[1517, 353, 67, 47]",6,409,864.png,626,1622,12,Nguy hiểm
2952,0,864,"[1521, 399, 72, 41]",6,410,864.png,626,1622,12,Nguy hiểm
1850,0,868,"[1275, 366, 37, 50]",6,415,868.png,626,1622,4,Nguy hiểm
1443,0,888,"[976, 375, 39, 37]",6,421,888.png,626,1622,12,Nguy hiểm
4020,0,895,"[1069, 364, 67, 60]",6,422,895.png,626,1622,12,Nguy hiểm
360,0,901,"[919, 390, 20, 18]",6,424,901.png,626,1622,12,Nguy hiểm
5005,0,914,"[1320, 356, 91, 55]",6,432,914.png,626,1622,12,Nguy hiểm
4968,0,914,"[1329, 407, 92, 54]",6,433,914.png,626,1622,12,Nguy hiểm
81,0,920,"[331, 455, 9, 9]",6,436,920.png,626,1622,12,Nguy hiểm
552,0,927,"[909, 204, 23, 24]",6,440,927.png,626,1622,7,Nguy hiểm
9595,0,944,"[1476, 375, 95, 101]",6,453,944.png,626,1622,12,Nguy hiểm
11400,0,978,"[768, 117, 95, 120]",6,459,978.png,626,1622,1,Nguy hiểm
1296,0,982,"[777, 432, 36, 36]",6,460,982.png,626,1622,12,Nguy hiểm
1287,0,982,"[743, 432, 33, 39]",6,461,982.png,626,1622,12,Nguy hiểm
72,0,1000,"[872, 308, 9, 8]",6,471,1000.png,626,1622,15,Nguy hiểm
90,0,1003,"[896, 382, 10, 9]",6,472,1003.png,626,1622,16,Nguy hiểm
221,0,1006,"[343, 295, 17, 13]",6,473,1006.png,626,1622,18,Nguy hiểm
208,0,1006,"[361, 294, 16, 13]",6,474,1006.png,626,1622,18,Nguy hiểm
208,0,1006,"[377, 293, 16, 13]",6,475,1006.png,626,1622,18,Nguy hiểm
120,0,1010,"[1155, 350, 12, 10]",6,481,1010.png,626,1622,16,Nguy hiểm
180,0,1029,"[811, 389, 15, 12]",6,488,1029.png,626,1622,16,Nguy hiểm
255,0,1042,"[746, 471, 17, 15]",6,507,1042.png,626,1622,19,Nguy hiểm
780,0,1051,"[649, 319, 30, 26]",6,509,1051.png,626,1622,23,Nguy hiểm
1886,0,1061,"[1146, 279, 46, 41]",6,514,1061.png,626,1622,23,Nguy hiểm
552,0,1064,"[782, 354, 24, 23]",6,515,1064.png,626,1622,16,Nguy hiểm
9975,0,1086,"[1241, 102, 105, 95]",6,524,1086.png,626,1622,23,Nguy hiểm
42,0,1089,"[775, 314, 7, 6]",6,525,1089.png,626,1622,15,Nguy hiểm
525,0,1092,"[983, 354, 25, 21]",6,531,1092.png,626,1622,16,Nguy hiểm
99,0,1093,"[733, 319, 11, 9]",6,532,1093.png,626,1622,16,Nguy hiểm
30,0,1104,"[777, 342, 5, 6]",6,538,1104.png,626,1622,16,Nguy hiểm
120,0,1106,"[776, 494, 12, 10]",6,540,1106.png,626,1622,19,Nguy hiểm
400,0,1109,"[718, 364, 20, 20]",6,541,1109.png,626,1622,16,Nguy hiểm
42,0,1118,"[716, 328, 7, 6]",6,546,1118.png,626,1622,16,Nguy hiểm
195,0,1136,"[596, 247, 15, 13]",6,548,1136.png,626,1622,18,Nguy hiểm
42,0,1137,"[487, 425, 6, 7]",6,550,1137.png,626,1622,16,Nguy hiểm
132,0,1141,"[675, 332, 12, 11]",6,551,1141.png,626,1622,16,Nguy hiểm
280,0,1147,"[558, 361, 14, 20]",6,557,1147.png,626,1622,24,Nguy hiểm
240,0,1150,"[802, 476, 16, 15]",6,565,1150.png,626,1622,19,Nguy hiểm
42,0,1152,"[448, 308, 7, 6]",6,568,1152.png,626,1622,16,Nguy hiểm
500,0,1156,"[1120, 276, 25, 20]",6,571,1156.png,626,1622,15,Nguy hiểm
1295,0,1157,"[985, 362, 37, 35]",6,572,1157.png,626,1622,16,Nguy hiểm
3127,0,1173,"[906, 250, 59, 53]",6,589,1173.png,626,1622,16,Nguy hiểm
2028,0,1180,"[1386, 226, 52, 39]",6,591,1180.png,626,1622,15,Nguy hiểm
1344,0,1187,"[1138, 289, 42, 32]",6,592,1187.png,626,1622,16,Nguy hiểm
3300,0,1190,"[996, 124, 60, 55]",6,593,1190.png,626,1622,23,Nguy hiểm
90,0,1190,"[766, 198, 9, 10]",6,594,1190.png,626,1622,23,Nguy hiểm
4340,0,1192,"[922, 225, 70, 62]",6,595,1192.png,626,1622,23,Nguy hiểm
648,0,1219,"[1017, 282, 27, 24]",6,606,1219.png,626,1622,22,Nguy hiểm
380,0,1231,"[616, 452, 19, 20]",6,608,1231.png,626,1622,16,Nguy hiểm
21195,0,1241,"[1132, 352, 157, 135]",6,612,1241.png,626,1622,16,Nguy hiểm
49,0,1263,"[882, 336, 7, 7]",6,626,1263.png,626,1622,16,Nguy hiểm
90,0,1286,"[505, 451, 9, 10]",6,629,1286.png,626,1622,16,Nguy hiểm
2496,0,1300,"[1001, 127, 52, 48]",6,641,1300.png,626,1622,23,Nguy hiểm
130,0,1300,"[764, 198, 13, 10]",6,642,1300.png,626,1622,23,Nguy hiểm
8730,0,1304,"[1221, 247, 97, 90]",6,644,1304.png,626,1622,23,Nguy hiểm
7216,0,1305,"[861, 426, 82, 88]",6,645,1305.png,626,1622,16,Nguy hiểm
396,0,1308,"[1176, 479, 22, 18]",6,659,1308.png,626,1622,19,Nguy hiểm
88,0,1314,"[782, 309, 11, 8]",6,664,1314.png,626,1622,15,Nguy hiểm
2376,0,1334,"[639, 423, 54, 44]",6,665,1334.png,626,1622,16,Nguy hiểm
3363,0,1382,"[725, 255, 57, 59]",6,680,1382.png,626,1622,23,Nguy hiểm
110,0,1383,"[719, 308, 11, 10]",6,681,1383.png,626,1622,16,Nguy hiểm
750,0,1403,"[890, 287, 30, 25]",6,688,1403.png,626,1622,23,Nguy hiểm
1088,0,1415,"[1331, 270, 34, 32]",6,694,1415.png,626,1622,23,Nguy hiểm
56,0,1430,"[777, 311, 8, 7]",6,697,1430.png,626,1622,15,Nguy hiểm
30,0,1434,"[893, 346, 6, 5]",6,698,1434.png,626,1622,16,Nguy hiểm
380,0,1447,"[894, 422, 20, 19]",6,704,1447.png,626,1622,16,Nguy hiểm
168,0,1451,"[591, 330, 14, 12]",6,708,1451.png,626,1622,19,Nguy hiểm
35,0,1463,"[510, 363, 7, 5]",6,715,1463.png,626,1622,16,Nguy hiểm
1056,0,1475,"[1012, 311, 33, 32]",6,719,1475.png,626,1622,16,Nguy hiểm
120,0,1487,"[932, 332, 12, 10]",6,727,1487.png,626,1622,16,Nguy hiểm
110,0,1494,"[964, 487, 11, 10]",6,738,1494.png,626,1622,19,Nguy hiểm
36,0,1501,"[537, 474, 6, 6]",6,740,1501.png,626,1622,16,Nguy hiểm
500,0,1503,"[603, 463, 25, 20]",6,741,1503.png,626,1622,16,Nguy hiểm
154,0,1503,"[535, 467, 14, 11]",6,742,1503.png,626,1622,16,Nguy hiểm
1156,0,1507,"[767, 296, 34, 34]",6,744,1507.png,626,1622,23,Nguy hiểm
891,0,1533,"[1038, 308, 33, 27]",6,764,1533.png,626,1622,23,Nguy hiểm
1900,0,1560,"[1070, 267, 50, 38]",6,771,1560.png,626,1622,22,Nguy hiểm
130,0,1577,"[992, 327, 13, 10]",6,778,1577.png,626,1622,16,Nguy hiểm
720,0,1581,"[1079, 306, 30, 24]",6,788,1581.png,626,1622,16,Nguy hiểm
624,0,1584,"[762, 274, 24, 26]",6,795,1584.png,626,1622,22,Nguy hiểm
1152,0,1584,"[1011, 277, 36, 32]",6,796,1584.png,626,1622,22,Nguy hiểm
3180,0,1609,"[1209, 267, 53, 60]",6,803,1609.png,626,1622,16,Nguy hiểm
288,0,1620,"[815, 286, 18, 16]",6,804,1620.png,626,1622,15,Nguy hiểm
187,0,1623,"[1012, 297, 17, 11]",6,806,1623.png,626,1622,23,Nguy hiểm
378,0,1644,"[816, 474, 21, 18]",6,836,1644.png,626,1622,16,Nguy hiểm
64,0,1646,"[797, 393, 8, 8]",6,837,1646.png,626,1622,16,Nguy hiểm
99,0,1651,"[770, 440, 11, 9]",6,839,1651.png,626,1622,16,Nguy hiểm
30,0,1672,"[708, 320, 6, 5]",6,849,1672.png,626,1622,19,Nguy hiểm
1444,0,1680,"[677, 317, 38, 38]",6,858,1680.png,626,1622,23,Nguy hiểm
30,0,1685,"[775, 314, 6, 5]",6,859,1685.png,626,1622,15,Nguy hiểm
42,0,1685,"[828, 356, 7, 6]",6,860,1685.png,626,1622,15,Nguy hiểm
2850,0,1701,"[1003, 289, 57, 50]",6,866,1701.png,626,1622,15,Nguy hiểm
5328,0,1705,"[1501, 290, 72, 74]",6,867,1705.png,626,1622,23,Nguy hiểm
255,0,1714,"[841, 311, 17, 15]",6,868,1714.png,626,1622,16,Nguy hiểm
169,0,1715,"[729, 318, 13, 13]",6,869,1715.png,626,1622,16,Nguy hiểm
460,0,1715,"[770, 311, 23, 20]",6,870,1715.png,626,1622,16,Nguy hiểm
90,0,1732,"[810, 398, 9, 10]",6,885,1732.png,626,1622,16,Nguy hiểm
3360,0,1751,"[1579, 114, 42, 80]",6,897,1751.png,626,1622,18,Nguy hiểm
176,0,1791,"[954, 300, 16, 11]",6,914,1791.png,626,1622,15,Nguy hiểm
100,0,1826,"[734, 307, 10, 10]",6,949,1826.png,626,1622,16,Nguy hiểm
2499,0,1827,"[863, 418, 49, 51]",6,950,1827.png,626,1622,19,Nguy hiểm
1496,0,1863,"[1139, 244, 44, 34]",6,984,1863.png,626,1622,23,Nguy hiểm
195,0,1877,"[942, 334, 15, 13]",6,991,1877.png,626,1622,16,Nguy hiểm
957,0,1883,"[793, 453, 33, 29]",6,997,1883.png,626,1622,19,Nguy hiểm
72,0,1925,"[906, 337, 9, 8]",6,1006,1925.png,626,1622,16,Nguy hiểm
192,0,1933,"[1051, 316, 16, 12]",6,1007,1933.png,626,1622,16,Nguy hiểm
4864,0,1933,"[1259, 276, 76, 64]",6,1008,1933.png,626,1622,16,Nguy hiểm
288,0,1935,"[705, 470, 18, 16]",6,1009,1935.png,626,1622,16,Nguy hiểm
1292,0,1952,"[866, 302, 38, 34]",6,1018,1952.png,626,1622,19,Nguy hiểm
1558,0,1953,"[962, 458, 41, 38]",6,1021,1953.png,626,1622,19,Nguy hiểm
3050,0,1958,"[1175, 224, 61, 50]",6,1023,1958.png,626,1622,23,Nguy hiểm
1152,0,1965,"[836, 269, 36, 32]",6,1034,1965.png,626,1622,16,Nguy hiểm
168,0,1969,"[946, 429, 14, 12]",6,1035,1969.png,626,1622,20,Nguy hiểm
864,0,1984,"[998, 296, 32, 27]",6,1037,1984.png,626,1622,16,Nguy hiểm
210,0,1993,"[511, 316, 15, 14]",6,1041,1993.png,626,1622,16,Nguy hiểm
66,0,3001,"[1541, 101, 11, 6]",6,1048,3001.png,626,1622,28,Nguy hiểm
49,0,3002,"[655, 529, 7, 7]",6,1049,3002.png,626,1622,29,Nguy hiểm
90,0,3009,"[776, 380, 9, 10]",6,1052,3009.png,626,1622,29,Nguy hiểm
17024,0,3016,"[1201, 331, 112, 152]",6,1056,3016.png,626,1622,29,Nguy hiểm
17017,0,3025,"[1196, 447, 143, 119]",6,1059,3025.png,626,1622,29,Nguy hiểm
1806,0,3028,"[770, 481, 42, 43]",6,1062,3028.png,626,1622,29,Nguy hiểm
272,0,3030,"[775, 254, 17, 16]",6,1063,3030.png,626,1622,28,Nguy hiểm
2700,0,3035,"[1056, 506, 54, 50]",6,1064,3035.png,626,1622,29,Nguy hiểm
100,0,3039,"[606, 259, 10, 10]",6,1066,3039.png,626,1622,28,Nguy hiểm
4891,0,3046,"[1056, 486, 73, 67]",6,1070,3046.png,626,1622,29,Nguy hiểm
80,0,3046,"[832, 512, 10, 8]",6,1072,3046.png,626,1622,29,Nguy hiểm
702,0,3054,"[929, 497, 27, 26]",6,1073,3054.png,626,1622,29,Nguy hiểm
3965,0,3056,"[1083, 515, 61, 65]",6,1077,3056.png,626,1622,29,Nguy hiểm
196,0,3056,"[782, 541, 14, 14]",6,1078,3056.png,626,1622,29,Nguy hiểm
132,0,3056,"[766, 542, 11, 12]",6,1079,3056.png,626,1622,29,Nguy hiểm
210,0,3057,"[560, 414, 14, 15]",6,1080,3057.png,626,1622,28,Nguy hiểm
7743,0,3067,"[1006, 462, 87, 89]",6,1083,3067.png,626,1622,29,Nguy hiểm
210,0,3067,"[679, 484, 14, 15]",6,1084,3067.png,626,1622,29,Nguy hiểm
3819,0,3072,"[1181, 222, 67, 57]",6,1085,3072.png,626,1622,29,Nguy hiểm
272,0,3086,"[786, 374, 17, 16]",6,1086,3086.png,626,1622,29,Nguy hiểm
64,0,3092,"[655, 533, 8, 8]",6,1087,3092.png,626,1622,29,Nguy hiểm
378,0,3094,"[818, 512, 18, 21]",6,1088,3094.png,626,1622,29,Nguy hiểm
960,0,3097,"[803, 473, 30, 32]",6,1092,3097.png,626,1622,29,Nguy hiểm
240,0,3097,"[746, 488, 16, 15]",6,1093,3097.png,626,1622,29,Nguy hiểm
1722,0,3100,"[982, 363, 41, 42]",6,1094,3100.png,626,1622,29,Nguy hiểm
4224,0,3102,"[768, 480, 66, 64]",6,1095,3102.png,626,1622,29,Nguy hiểm
255,0,3102,"[669, 502, 15, 17]",6,1096,3102.png,626,1622,29,Nguy hiểm
23100,0,3103,"[1347, 450, 154, 150]",6,1097,3103.png,626,1622,29,Nguy hiểm
992,0,3106,"[665, 464, 32, 31]",6,1099,3106.png,626,1622,29,Nguy hiểm
999,0,3108,"[1310, 420, 37, 27]",6,1100,3108.png,626,1622,28,Nguy hiểm
132,0,3109,"[530, 440, 12, 11]",6,1101,3109.png,626,1622,28,Nguy hiểm
3078,0,3111,"[937, 504, 54, 57]",6,1102,3111.png,626,1622,29,Nguy hiểm
72,0,3111,"[745, 536, 8, 9]",6,1103,3111.png,626,1622,29,Nguy hiểm
238,0,3115,"[660, 283, 17, 14]",6,1104,3115.png,626,1622,28,Nguy hiểm
121,0,3116,"[775, 537, 11, 11]",6,1109,3116.png,626,1622,29,Nguy hiểm
756,0,3122,"[660, 433, 28, 27]",6,1113,3122.png,626,1622,28,Nguy hiểm
54,0,3126,"[645, 505, 9, 6]",6,1114,3126.png,626,1622,29,Nguy hiểm
999,0,3133,"[1158, 250, 37, 27]",6,1118,3133.png,626,1622,28,Nguy hiểm
110,0,3133,"[1082, 266, 11, 10]",6,1119,3133.png,626,1622,28,Nguy hiểm
143,0,3136,"[803, 362, 13, 11]",6,1122,3136.png,626,1622,28,Nguy hiểm
143,0,3136,"[802, 374, 13, 11]",6,1123,3136.png,626,1622,28,Nguy hiểm
2205,0,3138,"[1136, 234, 49, 45]",6,1125,3138.png,626,1622,29,Nguy hiểm
56,0,3139,"[774, 391, 8, 7]",6,1127,3139.png,626,1622,29,Nguy hiểm
42,0,3146,"[638, 504, 7, 6]",6,1132,3146.png,626,1622,29,Nguy hiểm
49,0,3148,"[591, 277, 7, 7]",6,1133,3148.png,626,1622,28,Nguy hiểm
182,0,3148,"[608, 274, 13, 14]",6,1134,3148.png,626,1622,28,Nguy hiểm
49,0,3148,"[573, 279, 7, 7]",6,1135,3148.png,626,1622,28,Nguy hiểm
168,0,3154,"[867, 225, 14, 12]",6,1136,3154.png,626,1622,32,Nguy hiểm
1024,0,3177,"[867, 514, 32, 32]",6,1141,3177.png,626,1622,29,Nguy hiểm
169,0,3177,"[768, 532, 13, 13]",6,1142,3177.png,626,1622,29,Nguy hiểm
49,0,3177,"[744, 542, 7, 7]",6,1143,3177.png,626,1622,29,Nguy hiểm
56,0,3190,"[642, 502, 8, 7]",6,1144,3190.png,626,1622,29,Nguy hiểm
144,0,3191,"[693, 547, 12, 12]",6,1145,3191.png,626,1622,29,Nguy hiểm
437,0,3193,"[654, 419, 23, 19]",6,1146,3193.png,626,1622,28,Nguy hiểm
598,0,3199,"[901, 322, 23, 26]",6,1148,3199.png,626,1622,29,Nguy hiểm
80,0,3200,"[859, 503, 10, 8]",6,1149,3200.png,626,1622,29,Nguy hiểm
90,0,3200,"[859, 512, 10, 9]",6,1150,3200.png,626,1622,29,Nguy hiểm
30,0,3205,"[926, 433, 6, 5]",6,1151,3205.png,626,1622,28,Nguy hiểm
56,0,3220,"[1052, 245, 8, 7]",6,1153,3220.png,626,1622,28,Nguy hiểm
924,0,3236,"[766, 478, 33, 28]",6,1156,3236.png,626,1622,29,Nguy hiểm
30,0,3243,"[859, 258, 6, 5]",6,1158,3243.png,626,1622,28,Nguy hiểm
1482,0,3248,"[778, 463, 38, 39]",6,1160,3248.png,626,1622,29,Nguy hiểm
225,0,3253,"[817, 512, 15, 15]",6,1162,3253.png,626,1622,29,Nguy hiểm
255,0,3261,"[835, 325, 15, 17]",6,1163,3261.png,626,1622,30,Nguy hiểm
224,0,3264,"[731, 302, 14, 16]",6,1166,3264.png,626,1622,30,Nguy hiểm
72,0,3266,"[835, 175, 8, 9]",6,1167,3266.png,626,1622,31,Nguy hiểm
63,0,3266,"[850, 175, 7, 9]",6,1168,3266.png,626,1622,31,Nguy hiểm
72,0,3274,"[778, 522, 8, 9]",6,1173,3274.png,626,1622,29,Nguy hiểm
81,0,3284,"[919, 254, 9, 9]",6,1176,3284.png,626,1622,29,Nguy hiểm
132,0,3289,"[658, 491, 12, 11]",6,1177,3289.png,626,1622,29,Nguy hiểm
36,0,3289,"[638, 496, 6, 6]",6,1178,3289.png,626,1622,29,Nguy hiểm
56,0,3292,"[976, 121, 8, 7]",6,1179,3292.png,626,1622,28,Nguy hiểm
1054,0,3299,"[807, 471, 31, 34]",6,1180,3299.png,626,1622,29,Nguy hiểm
64,0,3300,"[578, 286, 8, 8]",6,1182,3300.png,626,1622,28,Nguy hiểm
64,0,3303,"[784, 532, 8, 8]",6,1184,3303.png,626,1622,29,Nguy hiểm
64,0,3303,"[661, 537, 8, 8]",6,1185,3303.png,626,1622,29,Nguy hiểm
806,0,3304,"[1006, 215, 31, 26]",6,1188,3304.png,626,1622,29,Nguy hiểm
1120,0,3314,"[820, 465, 35, 32]",6,1189,3314.png,626,1622,29,Nguy hiểm
25,0,3314,"[713, 493, 5, 5]",6,1190,3314.png,626,1622,29,Nguy hiểm
20,0,3314,"[709, 493, 4, 5]",6,1191,3314.png,626,1622,29,Nguy hiểm
72,0,3320,"[589, 439, 8, 9]",6,1194,3320.png,626,1622,28,Nguy hiểm
25,0,3321,"[638, 505, 5, 5]",6,1197,3321.png,626,1622,29,Nguy hiểm
12376,0,3329,"[1205, 386, 119, 104]",6,1198,3329.png,626,1622,29,Nguy hiểm
17400,0,3329,"[1212, 491, 150, 116]",6,1199,3329.png,626,1622,29,Nguy hiểm
108,0,3342,"[1135, 430, 12, 9]",6,1202,3342.png,626,1622,29,Nguy hiểm
1435,0,3344,"[646, 399, 41, 35]",6,1203,3344.png,626,1622,28,Nguy hiểm
1044,0,3349,"[1123, 235, 36, 29]",6,1208,3349.png,626,1622,28,Nguy hiểm
4672,0,3352,"[1160, 353, 73, 64]",6,1209,3352.png,626,1622,29,Nguy hiểm
64,0,3352,"[713, 364, 8, 8]",6,1210,3352.png,626,1622,29,Nguy hiểm
168,0,3363,"[851, 515, 12, 14]",6,1215,3363.png,626,1622,29,Nguy hiểm
30,0,3363,"[647, 548, 5, 6]",6,1219,3363.png,626,1622,29,Nguy hiểm
56,0,3368,"[658, 534, 8, 7]",6,1221,3368.png,626,1622,29,Nguy hiểm
30,0,3368,"[652, 538, 5, 6]",6,1222,3368.png,626,1622,29,Nguy hiểm
120,0,3375,"[868, 508, 12, 10]",6,1226,3375.png,626,1622,29,Nguy hiểm
266,0,3383,"[1271, 423, 19, 14]",6,1227,3383.png,626,1622,28,Nguy hiểm
36,0,3384,"[637, 479, 6, 6]",6,1231,3384.png,626,1622,29,Nguy hiểm
36,0,3384,"[628, 481, 6, 6]",6,1232,3384.png,626,1622,29,Nguy hiểm
483,0,3387,"[881, 274, 23, 21]",6,1233,3387.png,626,1622,28,Nguy hiểm
100,0,3388,"[649, 503, 10, 10]",6,1236,3388.png,626,1622,29,Nguy hiểm
210,0,3397,"[923, 375, 15, 14]",6,1240,3397.png,626,1622,28,Nguy hiểm
36,0,3408,"[644, 497, 6, 6]",6,1246,3408.png,626,1622,29,Nguy hiểm
36,0,3413,"[663, 535, 6, 6]",6,1247,3413.png,626,1622,29,Nguy hiểm
7392,0,3422,"[971, 430, 84, 88]",6,1252,3422.png,626,1622,29,Nguy hiểm
1056,0,3429,"[831, 505, 33, 32]",6,1257,3429.png,626,1622,29,Nguy hiểm
72,0,3429,"[753, 532, 9, 8]",6,1258,3429.png,626,1622,29,Nguy hiểm
16,0,3429,"[733, 533, 4, 4]",6,1259,3429.png,626,1622,29,Nguy hiểm
25,0,3429,"[736, 533, 5, 5]",6,1260,3429.png,626,1622,29,Nguy hiểm
96,0,3432,"[1199, 433, 12, 8]",6,1263,3432.png,626,1622,28,Nguy hiểm
1056,0,3440,"[579, 249, 32, 33]",6,1265,3440.png,626,1622,28,Nguy hiểm
117,0,3440,"[456, 269, 13, 9]",6,1266,3440.png,626,1622,28,Nguy hiểm
36,0,3446,"[590, 396, 6, 6]",6,1267,3446.png,626,1622,28,Nguy hiểm
56,0,3456,"[765, 375, 8, 7]",6,1271,3456.png,626,1622,29,Nguy hiểm
210,0,3470,"[683, 488, 15, 14]",6,1274,3470.png,626,1622,29,Nguy hiểm
1292,0,3472,"[929, 496, 38, 34]",6,1276,3472.png,626,1622,29,Nguy hiểm
864,0,3473,"[996, 242, 32, 27]",6,1279,3473.png,626,1622,29,Nguy hiểm
676,0,3477,"[927, 503, 26, 26]",6,1282,3477.png,626,1622,29,Nguy hiểm
15721,0,3484,"[1541, 393, 79, 199]",6,1284,3484.png,626,1622,29,Nguy hiểm
648,0,3487,"[730, 281, 27, 24]",6,1287,3487.png,626,1622,30,Nguy hiểm
3105,0,3493,"[1464, 400, 69, 45]",6,1291,3493.png,626,1622,28,Nguy hiểm
192,0,3493,"[1236, 423, 16, 12]",6,1292,3493.png,626,1622,28,Nguy hiểm
8918,0,3502,"[1054, 186, 98, 91]",6,1295,3502.png,626,1622,30,Nguy hiểm
90,0,3508,"[684, 433, 10, 9]",6,1296,3508.png,626,1622,28,Nguy hiểm
130,0,3511,"[599, 428, 13, 10]",6,1297,3511.png,626,1622,28,Nguy hiểm
1224,0,3541,"[846, 410, 36, 34]",6,1302,3541.png,626,1622,28,Nguy hiểm
72,0,3541,"[753, 434, 9, 8]",6,1303,3541.png,626,1622,28,Nguy hiểm
35,0,3548,"[762, 272, 7, 5]",6,1304,3548.png,626,1622,28,Nguy hiểm
16,0,3548,"[749, 276, 4, 4]",6,1305,3548.png,626,1622,28,Nguy hiểm
16,0,3548,"[756, 277, 4, 4]",6,1306,3548.png,626,1622,28,Nguy hiểm
2352,0,3557,"[808, 470, 49, 48]",6,1309,3557.png,626,1622,29,Nguy hiểm
90,0,3557,"[652, 494, 9, 10]",6,1310,3557.png,626,1622,29,Nguy hiểm
992,0,3580,"[1026, 519, 32, 31]",6,1318,3580.png,626,1622,29,Nguy hiểm
48,0,3582,"[650, 493, 8, 6]",6,1322,3582.png,626,1622,29,Nguy hiểm
374,0,3587,"[1140, 233, 22, 17]",6,1323,3587.png,626,1622,28,Nguy hiểm
156,0,3590,"[935, 524, 13, 12]",6,1325,3590.png,626,1622,29,Nguy hiểm
176,0,3590,"[934, 538, 16, 11]",6,1326,3590.png,626,1622,29,Nguy hiểm
216,0,3592,"[869, 179, 18, 12]",6,1329,3592.png,626,1622,31,Nguy hiểm
140,0,3593,"[1440, 84, 14, 10]",6,1330,3593.png,626,1622,28,Nguy hiểm
132,0,3599,"[740, 411, 12, 11]",6,1333,3599.png,626,1622,28,Nguy hiểm
36,0,3610,"[643, 503, 6, 6]",6,1338,3610.png,626,1622,29,Nguy hiểm
4800,0,3614,"[1246, 485, 80, 60]",6,1340,3614.png,626,1622,29,Nguy hiểm
2392,0,3623,"[971, 350, 52, 46]",6,1341,3623.png,626,1622,29,Nguy hiểm
8100,0,3624,"[1363, 139, 108, 75]",6,1342,3624.png,626,1622,28,Nguy hiểm
840,0,3635,"[740, 469, 28, 30]",6,1345,3635.png,626,1622,29,Nguy hiểm
56,0,3636,"[894, 247, 8, 7]",6,1346,3636.png,626,1622,29,Nguy hiểm
3416,0,3640,"[758, 486, 56, 61]",6,1350,3640.png,626,1622,29,Nguy hiểm
255,0,3640,"[668, 528, 17, 15]",6,1351,3640.png,626,1622,29,Nguy hiểm
210,0,3644,"[745, 490, 14, 15]",6,1353,3644.png,626,1622,29,Nguy hiểm
30,0,3644,"[707, 501, 5, 6]",6,1354,3644.png,626,1622,29,Nguy hiểm
3876,0,3645,"[1075, 341, 68, 57]",6,1355,3645.png,626,1622,28,Nguy hiểm
650,0,3659,"[1063, 424, 26, 25]",6,1356,3659.png,626,1622,29,Nguy hiểm
240,0,3663,"[730, 301, 16, 15]",6,1357,3663.png,626,1622,30,Nguy hiểm
342,0,3665,"[1287, 428, 19, 18]",6,1359,3665.png,626,1622,28,Nguy hiểm
3250,0,3668,"[1321, 227, 65, 50]",6,1360,3668.png,626,1622,28,Nguy hiểm
81,0,3679,"[770, 379, 9, 9]",6,1362,3679.png,626,1622,28,Nguy hiểm
1638,0,3680,"[815, 368, 42, 39]",6,1363,3680.png,626,1622,28,Nguy hiểm
12576,0,3685,"[1253, 455, 131, 96]",6,1367,3685.png,626,1622,29,Nguy hiểm
99,0,3685,"[946, 532, 11, 9]",6,1368,3685.png,626,1622,29,Nguy hiểm
19500,0,3686,"[907, 223, 150, 130]",6,1369,3686.png,626,1622,28,Nguy hiểm
9,0,3690,"[637, 492, 3, 3]",6,1373,3690.png,626,1622,29,Nguy hiểm
9,0,3690,"[637, 495, 3, 3]",6,1374,3690.png,626,1622,29,Nguy hiểm
81,0,3691,"[839, 268, 9, 9]",6,1375,3691.png,626,1622,28,Nguy hiểm
3900,0,3702,"[973, 492, 65, 60]",6,1378,3702.png,626,1622,29,Nguy hiểm
270,0,3707,"[729, 301, 15, 18]",6,1382,3707.png,626,1622,30,Nguy hiểm
210,0,3715,"[846, 504, 14, 15]",6,1386,3715.png,626,1622,29,Nguy hiểm
288,0,3716,"[966, 524, 18, 16]",6,1388,3716.png,626,1622,29,Nguy hiểm
49,0,3718,"[515, 427, 7, 7]",6,1389,3718.png,626,1622,28,Nguy hiểm
575,0,3720,"[593, 168, 25, 23]",6,1390,3720.png,626,1622,31,Nguy hiểm
399,0,3720,"[646, 170, 19, 21]",6,1391,3720.png,626,1622,31,Nguy hiểm
143,0,3721,"[1060, 376, 13, 11]",6,1393,3721.png,626,1622,28,Nguy hiểm
165,0,3721,"[1060, 387, 15, 11]",6,1394,3721.png,626,1622,28,Nguy hiểm
360,0,3721,"[1084, 374, 20, 18]",6,1395,3721.png,626,1622,28,Nguy hiểm
486,0,3721,"[1080, 353, 27, 18]",6,1396,3721.png,626,1622,28,Nguy hiểm
1152,0,3723,"[989, 198, 36, 32]",6,1400,3723.png,626,1622,32,Nguy hiểm
2397,0,3727,"[916, 501, 51, 47]",6,1401,3727.png,626,1622,29,Nguy hiểm
14976,0,3731,"[1403, 194, 144, 104]",6,1403,3731.png,626,1622,29,Nguy hiểm
169,0,3732,"[815, 512, 13, 13]",6,1404,3732.png,626,1622,29,Nguy hiểm
1443,0,3736,"[784, 499, 37, 39]",6,1405,3736.png,626,1622,29,Nguy hiểm
456,0,3743,"[1293, 420, 24, 19]",6,1409,3743.png,626,1622,28,Nguy hiểm
48,0,3745,"[583, 303, 8, 6]",6,1410,3745.png,626,1622,28,Nguy hiểm
7650,0,3764,"[971, 419, 90, 85]",6,1419,3764.png,626,1622,29,Nguy hiểm
1806,0,3774,"[743, 247, 43, 42]",6,1422,3774.png,626,1622,28,Nguy hiểm
1330,0,3788,"[841, 284, 38, 35]",6,1428,3788.png,626,1622,30,Nguy hiểm
1558,0,3792,"[911, 514, 38, 41]",6,1430,3792.png,626,1622,29,Nguy hiểm
594,0,3797,"[1180, 416, 27, 22]",6,1432,3797.png,626,1622,28,Nguy hiểm
924,0,3798,"[710, 283, 33, 28]",6,1433,3798.png,626,1622,28,Nguy hiểm
1845,0,3799,"[764, 499, 41, 45]",6,1434,3799.png,626,1622,29,Nguy hiểm
42,0,3809,"[572, 291, 7, 6]",6,1440,3809.png,626,1622,28,Nguy hiểm
56,0,3817,"[643, 497, 8, 7]",6,1443,3817.png,626,1622,29,Nguy hiểm
64,0,3817,"[657, 496, 8, 8]",6,1444,3817.png,626,1622,29,Nguy hiểm
255,0,3821,"[929, 359, 17, 15]",6,1445,3821.png,626,1622,28,Nguy hiểm
304,0,3821,"[929, 375, 19, 16]",6,1446,3821.png,626,1622,28,Nguy hiểm
30,0,3821,"[811, 380, 5, 6]",6,1447,3821.png,626,1622,28,Nguy hiểm
4095,0,3823,"[1226, 224, 65, 63]",6,1448,3823.png,626,1622,29,Nguy hiểm
4235,0,3826,"[99, 91, 77, 55]",6,1449,3826.png,626,1622,31,Nguy hiểm
3024,0,3826,"[251, 105, 63, 48]",6,1450,3826.png,626,1622,31,Nguy hiểm
330,0,3829,"[926, 248, 22, 15]",6,1453,3829.png,626,1622,29,Nguy hiểm
360,0,3830,"[675, 431, 20, 18]",6,1454,3830.png,626,1622,28,Nguy hiểm
961,0,3831,"[729, 478, 31, 31]",6,1455,3831.png,626,1622,29,Nguy hiểm
25,0,3839,"[634, 488, 5, 5]",6,1456,3839.png,626,1622,29,Nguy hiểm
70,0,3839,"[645, 487, 10, 7]",6,1457,3839.png,626,1622,29,Nguy hiểm
36,0,3840,"[760, 278, 6, 6]",6,1458,3840.png,626,1622,28,Nguy hiểm
90,0,3840,"[781, 276, 10, 9]",6,1459,3840.png,626,1622,28,Nguy hiểm
240,0,3840,"[816, 254, 16, 15]",6,1460,3840.png,626,1622,28,Nguy hiểm
225,0,3843,"[729, 302, 15, 15]",6,1461,3843.png,626,1622,30,Nguy hiểm
2350,0,3845,"[1133, 101, 50, 47]",6,1462,3845.png,626,1622,28,Nguy hiểm
143,0,3845,"[992, 122, 13, 11]",6,1463,3845.png,626,1622,28,Nguy hiểm
72,0,3853,"[734, 388, 9, 8]",6,1469,3853.png,626,1622,29,Nguy hiểm
1023,0,3856,"[744, 491, 33, 31]",6,1470,3856.png,626,1622,29,Nguy hiểm
19109,0,3866,"[1524, 318, 97, 197]",6,1477,3866.png,626,1622,29,Nguy hiểm
30,0,3872,"[1082, 257, 5, 6]",6,1480,3872.png,626,1622,28,Nguy hiểm
483,0,3880,"[740, 430, 23, 21]",6,1481,3880.png,626,1622,28,Nguy hiểm
195,0,3880,"[705, 437, 15, 13]",6,1482,3880.png,626,1622,28,Nguy hiểm
30,0,3880,"[667, 442, 6, 5]",6,1483,3880.png,626,1622,28,Nguy hiểm
72,0,3889,"[986, 270, 9, 8]",6,1485,3889.png,626,1622,29,Nguy hiểm
99,0,3894,"[608, 428, 11, 9]",6,1489,3894.png,626,1622,28,Nguy hiểm
1368,0,3900,"[921, 495, 38, 36]",6,1490,3900.png,626,1622,29,Nguy hiểm
3248,0,3903,"[856, 241, 58, 56]",6,1493,3903.png,626,1622,30,Nguy hiểm
180,0,3906,"[1224, 428, 15, 12]",6,1495,3906.png,626,1622,28,Nguy hiểm
340,0,3906,"[1250, 426, 20, 17]",6,1496,3906.png,626,1622,28,Nguy hiểm
1330,0,3908,"[931, 341, 35, 38]",6,1497,3908.png,626,1622,29,Nguy hiểm
56,0,3921,"[758, 533, 8, 7]",6,1503,3921.png,626,1622,29,Nguy hiểm
132,0,3924,"[665, 484, 11, 12]",6,1505,3924.png,626,1622,29,Nguy hiểm
224,0,3928,"[736, 311, 16, 14]",6,1507,3928.png,626,1622,30,Nguy hiểm
320,0,3929,"[648, 258, 20, 16]",6,1510,3929.png,626,1622,28,Nguy hiểm
961,0,3932,"[686, 249, 31, 31]",6,1515,3932.png,626,1622,28,Nguy hiểm
132,0,3932,"[626, 258, 12, 11]",6,1516,3932.png,626,1622,28,Nguy hiểm
63,0,3932,"[585, 265, 9, 7]",6,1517,3932.png,626,1622,28,Nguy hiểm
8544,0,3940,"[1116, 212, 96, 89]",6,1521,3940.png,626,1622,28,Nguy hiểm
90,0,3942,"[716, 274, 10, 9]",6,1524,3942.png,626,1622,28,Nguy hiểm
12,0,3943,"[752, 426, 4, 3]",6,1525,3943.png,626,1622,28,Nguy hiểm
192,0,3943,"[1281, 415, 16, 12]",6,1526,3943.png,626,1622,28,Nguy hiểm
1763,0,3947,"[1576, 482, 41, 43]",6,1527,3947.png,626,1622,29,Nguy hiểm
352,0,3950,"[1196, 434, 22, 16]",6,1529,3950.png,626,1622,28,Nguy hiểm
28103,0,3956,"[1345, 368, 157, 179]",6,1531,3956.png,626,1622,29,Nguy hiểm
99,0,3968,"[566, 423, 11, 9]",6,1532,3968.png,626,1622,28,Nguy hiểm
30,0,3970,"[999, 406, 6, 5]",6,1535,3970.png,626,1622,28,Nguy hiểm
30,0,3970,"[999, 412, 6, 5]",6,1536,3970.png,626,1622,28,Nguy hiểm
42,0,3970,"[991, 402, 7, 6]",6,1537,3970.png,626,1622,28,Nguy hiểm
42,0,3970,"[991, 409, 7, 6]",6,1538,3970.png,626,1622,28,Nguy hiểm
49,0,3970,"[991, 401, 7, 7]",6,1550,3970.png,626,1622,28,Nguy hiểm
42,0,3970,"[991, 409, 7, 6]",6,1551,3970.png,626,1622,28,Nguy hiểm
16,0,3970,"[999, 407, 4, 4]",6,1552,3970.png,626,1622,28,Nguy hiểm
30,0,3970,"[999, 412, 6, 5]",6,1553,3970.png,626,1622,28,Nguy hiểm
5244,0,3976,"[446, 33, 76, 69]",6,1544,3976.png,626,1622,31,Nguy hiểm
750,0,3981,"[984, 487, 30, 25]",6,1547,3981.png,626,1622,29,Nguy hiểm
840,0,3981,"[988, 513, 30, 28]",6,1548,3981.png,626,1622,29,Nguy hiểm
672,0,3986,"[935, 121, 28, 24]",6,1555,3986.png,626,1622,31,Nguy hiểm
676,0,3989,"[726, 476, 26, 26]",6,1556,3989.png,626,1622,29,Nguy hiểm
3770,0,3992,"[1236, 293, 65, 58]",6,1557,3992.png,626,1622,28,Nguy hiểm
3626,0,3992,"[1235, 350, 74, 49]",6,1558,3992.png,626,1622,28,Nguy hiểm
2805,0,4000,"[519, 189, 55, 51]",6,1560,4000.png,626,1622,33,Nguy hiểm
928,0,4002,"[835, 414, 32, 29]",6,1561,4002.png,626,1622,33,Nguy hiểm
180,0,4010,"[755, 368, 18, 10]",6,1581,4010.png,626,1622,36,Nguy hiểm
420,0,4013,"[820, 263, 21, 20]",6,1586,4013.png,626,1622,33,Nguy hiểm
418,0,4021,"[251, 237, 22, 19]",6,1595,4021.png,626,1622,34,Nguy hiểm
368,0,4021,"[251, 257, 23, 16]",6,1596,4021.png,626,1622,34,Nguy hiểm
270,0,4021,"[662, 250, 18, 15]",6,1597,4021.png,626,1622,34,Nguy hiểm
9240,0,4023,"[1389, 127, 120, 77]",6,1599,4023.png,626,1622,34,Nguy hiểm
100,0,4023,"[780, 315, 10, 10]",6,1601,4023.png,626,1622,34,Nguy hiểm
130,0,4023,"[779, 328, 13, 10]",6,1602,4023.png,626,1622,34,Nguy hiểm
195,0,4028,"[792, 327, 15, 13]",6,1613,4028.png,626,1622,36,Nguy hiểm
3127,0,4036,"[888, 224, 59, 53]",6,1635,4036.png,626,1622,33,Nguy hiểm
529,0,4037,"[1164, 180, 23, 23]",6,1638,4037.png,626,1622,34,Nguy hiểm
500,0,4037,"[1165, 204, 25, 20]",6,1639,4037.png,626,1622,34,Nguy hiểm
238,0,4037,"[773, 219, 17, 14]",6,1640,4037.png,626,1622,34,Nguy hiểm
195,0,4037,"[774, 234, 15, 13]",6,1641,4037.png,626,1622,34,Nguy hiểm
30,0,4038,"[1002, 309, 6, 5]",6,1642,4038.png,626,1622,33,Nguy hiểm
728,0,4039,"[304, 266, 28, 26]",6,1646,4039.png,626,1622,34,Nguy hiểm
81,0,4039,"[754, 308, 9, 9]",6,1649,4039.png,626,1622,34,Nguy hiểm
90,0,4039,"[754, 318, 10, 9]",6,1650,4039.png,626,1622,34,Nguy hiểm
7347,0,4047,"[1041, 180, 93, 79]",6,1654,4047.png,626,1622,37,Nguy hiểm
120,0,4060,"[652, 284, 12, 10]",6,1675,4060.png,626,1622,34,Nguy hiểm
88,0,4060,"[654, 275, 11, 8]",6,1676,4060.png,626,1622,34,Nguy hiểm
3819,0,4063,"[1046, 198, 67, 57]",6,1684,4063.png,626,1622,37,Nguy hiểm
195,0,4074,"[453, 302, 15, 13]",6,1701,4074.png,626,1622,34,Nguy hiểm
154,0,4074,"[456, 290, 14, 11]",6,1702,4074.png,626,1622,34,Nguy hiểm
1190,0,4076,"[786, 220, 35, 34]",6,1703,4076.png,626,1622,33,Nguy hiểm
720,0,4076,"[1146, 255, 30, 24]",6,1704,4076.png,626,1622,33,Nguy hiểm
437,0,4084,"[1071, 261, 23, 19]",6,1721,4084.png,626,1622,34,Nguy hiểm
90,0,4088,"[806, 270, 9, 10]",6,1729,4088.png,626,1622,33,Nguy hiểm
49,0,4096,"[637, 256, 7, 7]",6,1753,4096.png,626,1622,33,Nguy hiểm
182,0,4099,"[719, 330, 14, 13]",6,1757,4099.png,626,1622,37,Nguy hiểm
90,0,4112,"[716, 206, 10, 9]",6,1786,4112.png,626,1622,33,Nguy hiểm
81,0,4114,"[602, 321, 9, 9]",6,1787,4114.png,626,1622,34,Nguy hiểm
208,0,4117,"[767, 210, 16, 13]",6,1804,4117.png,626,1622,34,Nguy hiểm
255,0,4117,"[767, 194, 17, 15]",6,1805,4117.png,626,1622,34,Nguy hiểm
4148,0,4118,"[1102, 108, 68, 61]",6,1807,4118.png,626,1622,34,Nguy hiểm
380,0,4121,"[961, 321, 20, 19]",6,1814,4121.png,626,1622,36,Nguy hiểm
374,0,4121,"[979, 319, 22, 17]",6,1815,4121.png,626,1622,36,Nguy hiểm
442,0,4121,"[1001, 318, 26, 17]",6,1816,4121.png,626,1622,36,Nguy hiểm
588,0,4128,"[1110, 282, 28, 21]",6,1823,4128.png,626,1622,34,Nguy hiểm
255,0,4139,"[933, 301, 17, 15]",6,1833,4139.png,626,1622,36,Nguy hiểm
1044,0,4157,"[1477, 274, 36, 29]",6,1847,4157.png,626,1622,36,Nguy hiểm
1472,0,4157,"[1516, 271, 46, 32]",6,1848,4157.png,626,1622,36,Nguy hiểm
910,0,4161,"[315, 230, 35, 26]",6,1851,4161.png,626,1622,34,Nguy hiểm
910,0,4161,"[314, 203, 35, 26]",6,1852,4161.png,626,1622,34,Nguy hiểm
1260,0,4165,"[566, 52, 36, 35]",6,1855,4165.png,626,1622,33,Nguy hiểm
320,0,4167,"[711, 191, 20, 16]",6,1861,4167.png,626,1622,36,Nguy hiểm
110,0,4169,"[820, 292, 11, 10]",6,1865,4169.png,626,1622,37,Nguy hiểm
1050,0,4176,"[1065, 269, 35, 30]",6,1878,4176.png,626,1622,37,Nguy hiểm
980,0,4176,"[1063, 306, 35, 28]",6,1879,4176.png,626,1622,37,Nguy hiểm
399,0,4184,"[677, 391, 21, 19]",6,1889,4184.png,626,1622,36,Nguy hiểm
49,0,4188,"[741, 208, 7, 7]",6,1896,4188.png,626,1622,36,Nguy hiểm
266,0,4194,"[901, 409, 14, 19]",6,1901,4194.png,626,1622,36,Nguy hiểm
345,0,4194,"[917, 407, 15, 23]",6,1903,4194.png,626,1622,36,Nguy hiểm
414,0,4194,"[934, 407, 18, 23]",6,1904,4194.png,626,1622,36,Nguy hiểm
1480,0,4199,"[842, 220, 40, 37]",6,1908,4199.png,626,1622,37,Nguy hiểm
182,0,4203,"[778, 207, 14, 13]",6,1912,4203.png,626,1622,34,Nguy hiểm
208,0,4203,"[778, 222, 16, 13]",6,1913,4203.png,626,1622,34,Nguy hiểm
80,0,4207,"[1020, 285, 10, 8]",6,1920,4207.png,626,1622,33,Nguy hiểm
143,0,4222,"[422, 365, 13, 11]",6,1935,4222.png,626,1622,34,Nguy hiểm
140,0,4222,"[424, 355, 14, 10]",6,1936,4222.png,626,1622,34,Nguy hiểm
108,0,4222,"[425, 345, 12, 9]",6,1937,4222.png,626,1622,34,Nguy hiểm
252,0,4225,"[340, 289, 18, 14]",6,1942,4225.png,626,1622,34,Nguy hiểm
221,0,4225,"[342, 275, 17, 13]",6,1943,4225.png,626,1622,34,Nguy hiểm
63,0,4227,"[952, 267, 9, 7]",6,1945,4227.png,626,1622,33,Nguy hiểm
36,0,4227,"[847, 273, 6, 6]",6,1950,4227.png,626,1622,33,Nguy hiểm
3016,0,4251,"[1087, 290, 58, 52]",6,1982,4251.png,626,1622,34,Nguy hiểm
143,0,4256,"[790, 371, 13, 11]",6,1994,4256.png,626,1622,36,Nguy hiểm
255,0,4262,"[616, 292, 17, 15]",6,2007,4262.png,626,1622,34,Nguy hiểm
323,0,4262,"[613, 272, 19, 17]",6,2008,4262.png,626,1622,34,Nguy hiểm
272,0,4263,"[413, 270, 17, 16]",6,2011,4263.png,626,1622,34,Nguy hiểm
285,0,4263,"[413, 253, 19, 15]",6,2012,4263.png,626,1622,34,Nguy hiểm
272,0,4263,"[788, 261, 17, 16]",6,2013,4263.png,626,1622,34,Nguy hiểm
210,0,4263,"[787, 245, 15, 14]",6,2014,4263.png,626,1622,34,Nguy hiểm
475,0,4265,"[809, 367, 25, 19]",6,2016,4265.png,626,1622,36,Nguy hiểm
3927,0,4266,"[1531, 134, 77, 51]",6,2018,4266.png,626,1622,34,Nguy hiểm
270,0,4266,"[1315, 229, 18, 15]",6,2019,4266.png,626,1622,34,Nguy hiểm
168,0,4275,"[807, 352, 14, 12]",6,2025,4275.png,626,1622,36,Nguy hiểm
72,0,4289,"[457, 271, 9, 8]",6,2045,4289.png,626,1622,36,Nguy hiểm
110,0,4294,"[558, 260, 11, 10]",6,2048,4294.png,626,1622,34,Nguy hiểm
216,0,4295,"[559, 273, 18, 12]",6,2061,4295.png,626,1622,34,Nguy hiểm
992,0,4306,"[878, 378, 32, 31]",6,2077,4306.png,626,1622,36,Nguy hiểm
100,0,4320,"[692, 214, 10, 10]",6,2091,4320.png,626,1622,36,Nguy hiểm
182,0,4327,"[768, 214, 14, 13]",6,2120,4327.png,626,1622,33,Nguy hiểm
4680,0,4342,"[990, 237, 72, 65]",6,2138,4342.png,626,1622,36,Nguy hiểm
224,0,4343,"[811, 246, 16, 14]",6,2140,4343.png,626,1622,34,Nguy hiểm
204,0,4343,"[811, 231, 17, 12]",6,2141,4343.png,626,1622,34,Nguy hiểm
81,0,4344,"[457, 263, 9, 9]",6,2148,4344.png,626,1622,36,Nguy hiểm
117,0,4353,"[633, 213, 13, 9]",6,2164,4353.png,626,1622,36,Nguy hiểm
420,0,4379,"[836, 205, 21, 20]",6,2218,4379.png,626,1622,36,Nguy hiểm
500,0,4379,"[834, 228, 25, 20]",6,2219,4379.png,626,1622,36,Nguy hiểm
870,0,4379,"[292, 187, 30, 29]",6,2220,4379.png,626,1622,36,Nguy hiểm
713,0,4379,"[289, 216, 31, 23]",6,2221,4379.png,626,1622,36,Nguy hiểm
2537,0,4395,"[1287, 166, 59, 43]",6,2248,4395.png,626,1622,33,Nguy hiểm
25,0,4405,"[864, 262, 5, 5]",6,2276,4405.png,626,1622,33,Nguy hiểm
357,0,4437,"[754, 413, 21, 17]",6,2323,4437.png,626,1622,33,Nguy hiểm
64,0,4450,"[782, 315, 8, 8]",6,2348,4450.png,626,1622,34,Nguy hiểm
72,0,4450,"[782, 305, 8, 9]",6,2349,4450.png,626,1622,34,Nguy hiểm
49,0,4452,"[779, 333, 7, 7]",6,2351,4452.png,626,1622,36,Nguy hiểm
80,0,4453,"[343, 283, 10, 8]",6,2356,4453.png,626,1622,34,Nguy hiểm
54,0,4453,"[343, 275, 9, 6]",6,2357,4453.png,626,1622,34,Nguy hiểm
272,0,4463,"[754, 197, 16, 17]",6,2368,4463.png,626,1622,33,Nguy hiểm
99,0,4473,"[950, 318, 11, 9]",6,2373,4473.png,626,1622,34,Nguy hiểm
30,0,4476,"[681, 284, 5, 6]",6,2384,4476.png,626,1622,36,Nguy hiểm
252,0,4478,"[815, 283, 18, 14]",6,2388,4478.png,626,1622,34,Nguy hiểm
256,0,4478,"[816, 265, 16, 16]",6,2389,4478.png,626,1622,34,Nguy hiểm
56,0,4483,"[887, 301, 7, 8]",6,2401,4483.png,626,1622,34,Nguy hiểm
850,0,4484,"[1185, 255, 34, 25]",6,2402,4484.png,626,1622,33,Nguy hiểm
100,0,4485,"[578, 282, 10, 10]",6,2403,4485.png,626,1622,36,Nguy hiểm
8640,0,4498,"[827, 40, 108, 80]",6,2427,4498.png,626,1622,36,Nguy hiểm
49,0,4521,"[696, 285, 7, 7]",6,2474,4521.png,626,1622,36,Nguy hiểm
240,0,4527,"[529, 271, 16, 15]",6,2492,4527.png,626,1622,34,Nguy hiểm
208,0,4527,"[530, 287, 16, 13]",6,2493,4527.png,626,1622,34,Nguy hiểm
210,0,4533,"[608, 400, 15, 14]",6,2504,4533.png,626,1622,36,Nguy hiểm
1634,0,4541,"[903, 239, 43, 38]",6,2507,4541.png,626,1622,37,Nguy hiểm
252,0,4550,"[1004, 260, 18, 14]",6,2519,4550.png,626,1622,33,Nguy hiểm
80,0,4550,"[834, 265, 10, 8]",6,2522,4550.png,626,1622,33,Nguy hiểm
4662,0,4560,"[515, 192, 74, 63]",6,2532,4560.png,626,1622,33,Nguy hiểm
132,0,4566,"[983, 266, 12, 11]",6,2543,4566.png,626,1622,33,Nguy hiểm
108,0,4573,"[886, 309, 12, 9]",6,2559,4573.png,626,1622,34,Nguy hiểm
1080,0,4575,"[690, 284, 36, 30]",6,2564,4575.png,626,1622,37,Nguy hiểm
825,0,4580,"[1008, 300, 33, 25]",6,2566,4580.png,626,1622,34,Nguy hiểm
120,0,4587,"[746, 297, 12, 10]",6,2575,4587.png,626,1622,37,Nguy hiểm
140,0,4587,"[746, 285, 14, 10]",6,2576,4587.png,626,1622,37,Nguy hiểm
180,0,4590,"[804, 259, 15, 12]",6,2581,4590.png,626,1622,33,Nguy hiểm
1584,0,4590,"[1141, 230, 44, 36]",6,2582,4590.png,626,1622,33,Nguy hiểm
132,0,4595,"[1003, 295, 12, 11]",6,2589,4595.png,626,1622,34,Nguy hiểm
289,0,4600,"[970, 226, 17, 17]",6,2598,4600.png,626,1622,36,Nguy hiểm
225,0,4600,"[575, 216, 15, 15]",6,2601,4600.png,626,1622,36,Nguy hiểm
168,0,4602,"[432, 258, 14, 12]",6,2603,4602.png,626,1622,36,Nguy hiểm
143,0,4609,"[774, 330, 13, 11]",6,2610,4609.png,626,1622,36,Nguy hiểm
221,0,4622,"[285, 278, 17, 13]",6,2631,4622.png,626,1622,36,Nguy hiểm
832,0,4631,"[998, 271, 32, 26]",6,2678,4631.png,626,1622,36,Nguy hiểm
320,0,4633,"[1079, 252, 20, 16]",6,2682,4633.png,626,1622,36,Nguy hiểm
1920,0,4649,"[628, 247, 48, 40]",6,2690,4649.png,626,1622,34,Nguy hiểm
240,0,4650,"[686, 261, 16, 15]",6,2692,4650.png,626,1622,36,Nguy hiểm
256,0,4667,"[851, 261, 16, 16]",6,2729,4667.png,626,1622,33,Nguy hiểm
270,0,4667,"[1041, 270, 18, 15]",6,2730,4667.png,626,1622,33,Nguy hiểm
324,0,4668,"[875, 162, 18, 18]",6,2731,4668.png,626,1622,34,Nguy hiểm
80,0,4675,"[691, 307, 10, 8]",6,2745,4675.png,626,1622,34,Nguy hiểm
1320,0,4685,"[502, 274, 40, 33]",6,2759,4685.png,626,1622,36,Nguy hiểm
100,0,4685,"[810, 348, 10, 10]",6,2760,4685.png,626,1622,36,Nguy hiểm
1886,0,4688,"[833, 342, 46, 41]",6,2765,4688.png,626,1622,36,Nguy hiểm
2244,0,4690,"[882, 277, 51, 44]",6,2769,4690.png,626,1622,34,Nguy hiểm
5950,0,4693,"[1310, 244, 85, 70]",6,2777,4693.png,626,1622,37,Nguy hiểm
3055,0,4694,"[1175, 262, 65, 47]",6,2778,4694.png,626,1622,36,Nguy hiểm
72,0,4696,"[829, 169, 9, 8]",6,2791,4696.png,626,1622,34,Nguy hiểm
5538,0,4696,"[296, 37, 78, 71]",6,2792,4696.png,626,1622,34,Nguy hiểm
36,0,4697,"[668, 343, 6, 6]",6,2794,4697.png,626,1622,37,Nguy hiểm
72,0,4708,"[972, 310, 9, 8]",6,2807,4708.png,626,1622,34,Nguy hiểm
48,0,4715,"[1130, 335, 6, 8]",6,2819,4715.png,626,1622,34,Nguy hiểm
187,0,4719,"[1078, 271, 17, 11]",6,2821,4719.png,626,1622,33,Nguy hiểm
1184,0,4730,"[1247, 289, 37, 32]",6,2832,4730.png,626,1622,34,Nguy hiểm
132,0,4740,"[764, 344, 12, 11]",6,2849,4740.png,626,1622,36,Nguy hiểm
56,0,4743,"[686, 276, 8, 7]",6,2851,4743.png,626,1622,36,Nguy hiểm
195,0,4747,"[628, 207, 15, 13]",6,2856,4747.png,626,1622,34,Nguy hiểm
195,0,4747,"[626, 192, 15, 13]",6,2857,4747.png,626,1622,34,Nguy hiểm
630,0,4753,"[353, 243, 30, 21]",6,2861,4753.png,626,1622,36,Nguy hiểm
572,0,4759,"[813, 393, 26, 22]",6,2865,4759.png,626,1622,34,Nguy hiểm
160,0,4763,"[902, 312, 16, 10]",6,2870,4763.png,626,1622,34,Nguy hiểm
8383,0,4772,"[1391, 242, 101, 83]",6,2876,4772.png,626,1622,34,Nguy hiểm
360,0,4773,"[939, 255, 20, 18]",6,2877,4773.png,626,1622,37,Nguy hiểm
380,0,4773,"[937, 275, 20, 19]",6,2878,4773.png,626,1622,37,Nguy hiểm
42,0,4778,"[1117, 259, 7, 6]",6,2884,4778.png,626,1622,36,Nguy hiểm
88,0,4781,"[541, 287, 11, 8]",6,2891,4781.png,626,1622,34,Nguy hiểm
70,0,4818,"[774, 362, 10, 7]",6,2968,4818.png,626,1622,36,Nguy hiểm
72,0,4824,"[791, 371, 9, 8]",6,2976,4824.png,626,1622,36,Nguy hiểm
1428,0,4826,"[749, 239, 42, 34]",6,2978,4826.png,626,1622,33,Nguy hiểm
2964,0,4830,"[1200, 293, 57, 52]",6,2991,4830.png,626,1622,37,Nguy hiểm
88,0,4831,"[732, 374, 11, 8]",6,2992,4831.png,626,1622,36,Nguy hiểm
1692,0,4842,"[1259, 231, 47, 36]",6,2998,4842.png,626,1622,34,Nguy hiểm
1584,0,4855,"[1261, 239, 48, 33]",6,3007,4855.png,626,1622,33,Nguy hiểm
110,0,4855,"[889, 298, 11, 10]",6,3008,4855.png,626,1622,33,Nguy hiểm
165,0,4856,"[1090, 343, 15, 11]",6,3010,4856.png,626,1622,36,Nguy hiểm
42,0,4867,"[1082, 374, 6, 7]",6,3028,4867.png,626,1622,36,Nguy hiểm
4830,0,4868,"[623, 173, 70, 69]",6,3029,4868.png,626,1622,33,Nguy hiểm
224,0,4868,"[1057, 275, 16, 14]",6,3030,4868.png,626,1622,33,Nguy hiểm
165,0,4869,"[748, 291, 15, 11]",6,3031,4869.png,626,1622,34,Nguy hiểm
3132,0,4877,"[807, 190, 58, 54]",6,3040,4877.png,626,1622,33,Nguy hiểm
132,0,4882,"[716, 295, 11, 12]",6,3056,4882.png,626,1622,34,Nguy hiểm
357,0,4891,"[920, 194, 21, 17]",6,3071,4891.png,626,1622,36,Nguy hiểm
2279,0,4895,"[1046, 192, 43, 53]",6,3074,4895.png,626,1622,36,Nguy hiểm
294,0,4902,"[505, 237, 21, 14]",6,3083,4902.png,626,1622,34,Nguy hiểm
285,0,4902,"[505, 220, 19, 15]",6,3084,4902.png,626,1622,34,Nguy hiểm
667,0,4916,"[212, 194, 29, 23]",6,3101,4916.png,626,1622,34,Nguy hiểm
660,0,4921,"[1012, 326, 30, 22]",6,3114,4921.png,626,1622,37,Nguy hiểm
70,0,4928,"[980, 303, 10, 7]",6,3133,4928.png,626,1622,34,Nguy hiểm
42,0,4961,"[989, 309, 7, 6]",6,3167,4961.png,626,1622,33,Nguy hiểm
8056,0,4967,"[1175, 210, 106, 76]",6,3174,4967.png,626,1622,37,Nguy hiểm
9890,0,4967,"[1181, 117, 115, 86]",6,3175,4967.png,626,1622,37,Nguy hiểm
56,0,4977,"[901, 297, 8, 7]",6,3178,4977.png,626,1622,36,Nguy hiểm
42,0,4980,"[905, 321, 6, 7]",6,3185,4980.png,626,1622,36,Nguy hiểm
72,0,4980,"[913, 320, 9, 8]",6,3186,4980.png,626,1622,36,Nguy hiểm
80,0,4980,"[923, 319, 10, 8]",6,3187,4980.png,626,1622,36,Nguy hiểm
2300,0,4996,"[790, 141, 50, 46]",6,3210,4996.png,626,1622,39,Nguy hiểm
1776,0,5004,"[359, 211, 37, 48]",6,3214,5004.png,626,1622,41,Nguy hiểm
399,0,5011,"[774, 219, 21, 19]",6,3220,5011.png,626,1622,42,Nguy hiểm
2160,0,5015,"[810, 141, 48, 45]",6,3224,5015.png,626,1622,42,Nguy hiểm
1221,0,5020,"[1464, 353, 37, 33]",6,3235,5020.png,626,1622,41,Nguy hiểm
1680,0,5020,"[1474, 437, 42, 40]",6,3236,5020.png,626,1622,41,Nguy hiểm
780,0,5022,"[898, 331, 30, 26]",6,3241,5022.png,626,1622,42,Nguy hiểm
270,0,5023,"[891, 266, 18, 15]",6,3242,5023.png,626,1622,41,Nguy hiểm
3380,0,5025,"[861, 289, 65, 52]",6,3248,5025.png,626,1622,38,Nguy hiểm
26904,0,5026,"[1189, 132, 177, 152]",6,3249,5026.png,626,1622,41,Nguy hiểm
7980,0,5042,"[1023, 290, 95, 84]",6,3273,5042.png,626,1622,44,Nguy hiểm
5440,0,5042,"[1009, 357, 85, 64]",6,3274,5042.png,626,1622,44,Nguy hiểm
288,0,5051,"[946, 280, 18, 16]",6,3287,5051.png,626,1622,42,Nguy hiểm
42,0,5051,"[864, 312, 7, 6]",6,3288,5051.png,626,1622,42,Nguy hiểm
624,0,5077,"[903, 277, 26, 24]",6,3327,5077.png,626,1622,44,Nguy hiểm
525,0,5086,"[930, 234, 25, 21]",6,3341,5086.png,626,1622,44,Nguy hiểm
8281,0,5090,"[1086, 247, 91, 91]",6,3349,5090.png,626,1622,40,Nguy hiểm
25,0,5096,"[941, 374, 5, 5]",6,3353,5096.png,626,1622,42,Nguy hiểm
7920,0,5097,"[960, 171, 90, 88]",6,3354,5097.png,626,1622,41,Nguy hiểm
100,0,5106,"[790, 195, 10, 10]",6,3362,5106.png,626,1622,44,Nguy hiểm
5254,0,5111,"[973, 47, 71, 74]",6,3368,5111.png,626,1622,40,Nguy hiểm
180,0,5120,"[1026, 358, 15, 12]",6,3386,5120.png,626,1622,42,Nguy hiểm
644,0,5135,"[820, 221, 28, 23]",6,3404,5135.png,626,1622,42,Nguy hiểm
1258,0,5135,"[894, 182, 37, 34]",6,3405,5135.png,626,1622,42,Nguy hiểm
81,0,5145,"[800, 277, 9, 9]",6,3414,5145.png,626,1622,44,Nguy hiểm
1260,0,5167,"[886, 189, 36, 35]",6,3436,5167.png,626,1622,42,Nguy hiểm
198,0,5171,"[443, 522, 11, 18]",6,3441,5171.png,626,1622,44,Nguy hiểm
204,0,5171,"[447, 503, 12, 17]",6,3442,5171.png,626,1622,44,Nguy hiểm
342,0,5185,"[820, 327, 18, 19]",6,3464,5185.png,626,1622,42,Nguy hiểm
306,0,5185,"[833, 343, 18, 17]",6,3465,5185.png,626,1622,42,Nguy hiểm
238,0,5196,"[765, 273, 17, 14]",6,3480,5196.png,626,1622,41,Nguy hiểm
1849,0,5200,"[1010, 299, 43, 43]",6,3483,5200.png,626,1622,42,Nguy hiểm
56,0,5205,"[870, 353, 8, 7]",6,3488,5205.png,626,1622,38,Nguy hiểm
240,0,5215,"[601, 469, 16, 15]",6,3500,5215.png,626,1622,38,Nguy hiểm
400,0,5217,"[1026, 538, 20, 20]",6,3504,5217.png,626,1622,44,Nguy hiểm
323,0,5217,"[1024, 517, 17, 19]",6,3505,5217.png,626,1622,44,Nguy hiểm
2806,0,5221,"[1156, 111, 61, 46]",6,3509,5221.png,626,1622,42,Nguy hiểm
342,0,5230,"[857, 341, 18, 19]",6,3522,5230.png,626,1622,42,Nguy hiểm
750,0,5234,"[103, 316, 30, 25]",6,3525,5234.png,626,1622,41,Nguy hiểm
7176,0,5259,"[1509, 41, 104, 69]",6,3550,5259.png,626,1622,39,Nguy hiểm
3528,0,5259,"[1522, 0, 98, 36]",6,3551,5259.png,626,1622,39,Nguy hiểm
36,0,5263,"[583, 384, 6, 6]",6,3557,5263.png,626,1622,38,Nguy hiểm
70,0,5271,"[811, 222, 10, 7]",6,3566,5271.png,626,1622,44,Nguy hiểm
323,0,5273,"[554, 234, 19, 17]",6,3569,5273.png,626,1622,44,Nguy hiểm
323,0,5273,"[575, 233, 19, 17]",6,3570,5273.png,626,1622,44,Nguy hiểm
272,0,5273,"[596, 232, 17, 16]",6,3571,5273.png,626,1622,44,Nguy hiểm
891,0,5284,"[1314, 309, 33, 27]",6,3583,5284.png,626,1622,44,Nguy hiểm
12,0,5285,"[883, 319, 4, 3]",6,3587,5285.png,626,1622,42,Nguy hiểm
3410,0,5290,"[1260, 125, 62, 55]",6,3595,5290.png,626,1622,42,Nguy hiểm
1560,0,5292,"[981, 279, 40, 39]",6,3599,5292.png,626,1622,41,Nguy hiểm
1505,0,5295,"[1042, 350, 43, 35]",6,3607,5295.png,626,1622,42,Nguy hiểm
3162,0,5295,"[1030, 264, 62, 51]",6,3608,5295.png,626,1622,42,Nguy hiểm
1110,0,5309,"[1045, 279, 37, 30]",6,3628,5309.png,626,1622,42,Nguy hiểm
851,0,5332,"[1486, 243, 37, 23]",6,3656,5332.png,626,1622,44,Nguy hiểm
49,0,5348,"[727, 543, 7, 7]",6,3669,5348.png,626,1622,44,Nguy hiểm
56,0,5348,"[726, 552, 8, 7]",6,3670,5348.png,626,1622,44,Nguy hiểm
12,0,5352,"[836, 433, 4, 3]",6,3678,5352.png,626,1622,41,Nguy hiểm
20,0,5352,"[845, 430, 5, 4]",6,3679,5352.png,626,1622,41,Nguy hiểm
48,0,5369,"[810, 379, 8, 6]",6,3699,5369.png,626,1622,42,Nguy hiểm
696,0,5372,"[908, 310, 29, 24]",6,3703,5372.png,626,1622,38,Nguy hiểm
391,0,5373,"[379, 271, 23, 17]",6,3707,5373.png,626,1622,41,Nguy hiểm
288,0,5379,"[771, 258, 18, 16]",6,3710,5379.png,626,1622,42,Nguy hiểm
342,0,5379,"[770, 258, 19, 18]",6,3711,5379.png,626,1622,42,Nguy hiểm
864,0,5381,"[818, 169, 32, 27]",6,3714,5381.png,626,1622,41,Nguy hiểm
110,0,5382,"[809, 278, 11, 10]",6,3719,5382.png,626,1622,41,Nguy hiểm
1280,0,5399,"[456, 276, 40, 32]",6,3735,5399.png,626,1622,44,Nguy hiểm
1672,0,5399,"[410, 278, 44, 38]",6,3736,5399.png,626,1622,44,Nguy hiểm
1862,0,5399,"[359, 283, 49, 38]",6,3737,5399.png,626,1622,44,Nguy hiểm
525,0,5422,"[947, 355, 25, 21]",6,3760,5422.png,626,1622,42,Nguy hiểm
2184,0,5422,"[1113, 321, 52, 42]",6,3761,5422.png,626,1622,42,Nguy hiểm
25,0,5450,"[750, 357, 5, 5]",6,3798,5450.png,626,1622,41,Nguy hiểm
14136,0,5460,"[986, 253, 124, 114]",6,3815,5460.png,626,1622,39,Nguy hiểm
81,0,5481,"[873, 221, 9, 9]",6,3835,5481.png,626,1622,44,Nguy hiểm
9100,0,5494,"[1395, 118, 100, 91]",6,3851,5494.png,626,1622,41,Nguy hiểm
4884,0,5504,"[1183, 65, 74, 66]",6,3867,5504.png,626,1622,44,Nguy hiểm
8280,0,5505,"[1079, 111, 92, 90]",6,3870,5505.png,626,1622,41,Nguy hiểm
812,0,5507,"[1119, 417, 28, 29]",6,3875,5507.png,626,1622,41,Nguy hiểm
4278,0,5518,"[1254, 240, 69, 62]",6,3884,5518.png,626,1622,41,Nguy hiểm
1517,0,5524,"[918, 334, 41, 37]",6,3896,5524.png,626,1622,42,Nguy hiểm
36,0,5540,"[837, 476, 6, 6]",6,3916,5540.png,626,1622,38,Nguy hiểm
340,0,5556,"[779, 296, 20, 17]",6,3934,5556.png,626,1622,42,Nguy hiểm
72,0,5558,"[885, 376, 9, 8]",6,3935,5558.png,626,1622,41,Nguy hiểm
180,0,5567,"[942, 345, 15, 12]",6,3957,5567.png,626,1622,44,Nguy hiểm
255,0,5576,"[887, 538, 17, 15]",6,3968,5576.png,626,1622,44,Nguy hiểm
255,0,5576,"[886, 521, 17, 15]",6,3969,5576.png,626,1622,44,Nguy hiểm
20,0,5576,"[727, 570, 5, 4]",6,3970,5576.png,626,1622,44,Nguy hiểm
42,0,5578,"[670, 308, 7, 6]",6,3974,5578.png,626,1622,44,Nguy hiểm
1368,0,5579,"[802, 461, 38, 36]",6,3975,5579.png,626,1622,44,Nguy hiểm
10528,0,5586,"[1236, 359, 112, 94]",6,3979,5586.png,626,1622,41,Nguy hiểm
1271,0,5591,"[823, 255, 41, 31]",6,3991,5591.png,626,1622,41,Nguy hiểm
3572,0,5596,"[1487, 200, 76, 47]",6,3994,5596.png,626,1622,39,Nguy hiểm
195,0,5598,"[907, 410, 15, 13]",6,3998,5598.png,626,1622,41,Nguy hiểm
928,0,5600,"[942, 245, 32, 29]",6,4001,5600.png,626,1622,38,Nguy hiểm
368,0,5603,"[49, 251, 23, 16]",6,4008,5603.png,626,1622,38,Nguy hiểm
10101,0,5606,"[1384, 389, 111, 91]",6,4014,5606.png,626,1622,41,Nguy hiểm
80,0,5609,"[883, 334, 10, 8]",6,4019,5609.png,626,1622,38,Nguy hiểm
625,0,5616,"[426, 269, 25, 25]",6,4031,5616.png,626,1622,42,Nguy hiểm
2352,0,5617,"[1218, 301, 56, 42]",6,4035,5617.png,626,1622,44,Nguy hiểm
72,0,5617,"[1000, 349, 9, 8]",6,4036,5617.png,626,1622,44,Nguy hiểm
72,0,5617,"[1000, 338, 9, 8]",6,4037,5617.png,626,1622,44,Nguy hiểm
143,0,5619,"[703, 220, 11, 13]",6,4040,5619.png,626,1622,40,Nguy hiểm
342,0,5626,"[726, 315, 19, 18]",6,4050,5626.png,626,1622,42,Nguy hiểm
1476,0,5628,"[1200, 285, 41, 36]",6,4052,5628.png,626,1622,44,Nguy hiểm
63,0,5635,"[851, 314, 9, 7]",6,4064,5635.png,626,1622,42,Nguy hiểm
35,0,5638,"[719, 314, 5, 7]",6,4073,5638.png,626,1622,38,Nguy hiểm
63,0,5658,"[753, 289, 9, 7]",6,4104,5658.png,626,1622,41,Nguy hiểm
572,0,5662,"[334, 332, 22, 26]",6,4111,5662.png,626,1622,42,Nguy hiểm
598,0,5662,"[302, 329, 23, 26]",6,4112,5662.png,626,1622,42,Nguy hiểm
550,0,5662,"[272, 327, 22, 25]",6,4113,5662.png,626,1622,42,Nguy hiểm
64,0,5666,"[883, 331, 8, 8]",6,4119,5666.png,626,1622,38,Nguy hiểm
858,0,5694,"[927, 337, 33, 26]",6,4159,5694.png,626,1622,42,Nguy hiểm
504,0,5699,"[819, 281, 24, 21]",6,4165,5699.png,626,1622,41,Nguy hiểm
528,0,5701,"[951, 261, 24, 22]",6,4169,5701.png,626,1622,41,Nguy hiểm
651,0,5708,"[60, 204, 31, 21]",6,4182,5708.png,626,1622,41,Nguy hiểm
81,0,5732,"[990, 269, 9, 9]",6,4218,5732.png,626,1622,44,Nguy hiểm
1394,0,5738,"[868, 265, 41, 34]",6,4224,5738.png,626,1622,42,Nguy hiểm
1054,0,5741,"[727, 475, 34, 31]",6,4229,5741.png,626,1622,44,Nguy hiểm
870,0,5741,"[730, 444, 30, 29]",6,4230,5741.png,626,1622,44,Nguy hiểm
1296,0,5750,"[858, 318, 36, 36]",6,4245,5750.png,626,1622,40,Nguy hiểm
5852,0,5753,"[1195, 153, 77, 76]",6,4247,5753.png,626,1622,42,Nguy hiểm
5920,0,5753,"[1201, 69, 74, 80]",6,4248,5753.png,626,1622,42,Nguy hiểm
90,0,5753,"[778, 241, 10, 9]",6,4249,5753.png,626,1622,42,Nguy hiểm
42,0,5770,"[848, 208, 7, 6]",6,4279,5770.png,626,1622,44,Nguy hiểm
72,0,5781,"[715, 272, 9, 8]",6,4290,5781.png,626,1622,42,Nguy hiểm
30,0,5789,"[679, 291, 6, 5]",6,4299,5789.png,626,1622,44,Nguy hiểm
130,0,5806,"[777, 209, 13, 10]",6,4324,5806.png,626,1622,39,Nguy hiểm
4160,0,5820,"[1048, 141, 65, 64]",6,4340,5820.png,626,1622,42,Nguy hiểm
35,0,5827,"[727, 242, 7, 5]",6,4349,5827.png,626,1622,42,Nguy hiểm
42,0,5827,"[727, 234, 7, 6]",6,4350,5827.png,626,1622,42,Nguy hiểm
20,0,5859,"[853, 360, 5, 4]",6,4383,5859.png,626,1622,38,Nguy hiểm
408,0,5863,"[0, 318, 24, 17]",6,4387,5863.png,626,1622,42,Nguy hiểm
1080,0,5877,"[1115, 222, 36, 30]",6,4408,5877.png,626,1622,44,Nguy hiểm
1170,0,5877,"[1116, 190, 39, 30]",6,4409,5877.png,626,1622,44,Nguy hiểm
1230,0,5877,"[1116, 157, 41, 30]",6,4410,5877.png,626,1622,44,Nguy hiểm
1184,0,5884,"[1082, 200, 37, 32]",6,4417,5884.png,626,1622,42,Nguy hiểm
2112,0,5894,"[1340, 359, 48, 44]",6,4424,5894.png,626,1622,41,Nguy hiểm
500,0,5915,"[905, 339, 25, 20]",6,4467,5915.png,626,1622,42,Nguy hiểm
1152,0,5925,"[892, 325, 36, 32]",6,4476,5925.png,626,1622,42,Nguy hiểm
1221,0,5925,"[893, 290, 37, 33]",6,4477,5925.png,626,1622,42,Nguy hiểm
361,0,5925,"[806, 343, 19, 19]",6,4478,5925.png,626,1622,42,Nguy hiểm
594,0,5933,"[87, 378, 27, 22]",6,4485,5933.png,626,1622,41,Nguy hiểm
2438,0,5935,"[1086, 321, 53, 46]",6,4489,5935.png,626,1622,42,Nguy hiểm
2420,0,5937,"[1071, 287, 55, 44]",6,4491,5937.png,626,1622,38,Nguy hiểm
462,0,5949,"[632, 220, 22, 21]",6,4510,5949.png,626,1622,41,Nguy hiểm
870,0,5958,"[477, 287, 30, 29]",6,4520,5958.png,626,1622,38,Nguy hiểm
783,0,5958,"[478, 288, 29, 27]",6,4657,5958.png,626,1622,38,Nguy hiểm
899,0,5959,"[830, 196, 31, 29]",6,4523,5959.png,626,1622,42,Nguy hiểm
990,0,5959,"[829, 163, 33, 30]",6,4524,5959.png,626,1622,42,Nguy hiểm
64,0,5959,"[744, 236, 8, 8]",6,4526,5959.png,626,1622,42,Nguy hiểm
3906,0,5961,"[1403, 228, 63, 62]",6,4531,5961.png,626,1622,41,Nguy hiểm
130,0,5962,"[853, 253, 13, 10]",6,4533,5962.png,626,1622,44,Nguy hiểm
120,0,5962,"[854, 254, 12, 10]",6,4625,5962.png,626,1622,44,Nguy hiểm
210,0,5964,"[806, 218, 14, 15]",6,4537,5964.png,626,1622,42,Nguy hiểm
182,0,5964,"[776, 234, 14, 13]",6,4538,5964.png,626,1622,42,Nguy hiểm
208,0,5964,"[775, 234, 16, 13]",6,4600,5964.png,626,1622,42,Nguy hiểm
255,0,5964,"[805, 218, 17, 15]",6,4601,5964.png,626,1622,42,Nguy hiểm
182,0,5967,"[696, 347, 14, 13]",6,4542,5967.png,626,1622,38,Nguy hiểm
1020,0,5981,"[946, 237, 34, 30]",6,4558,5981.png,626,1622,44,Nguy hiểm
1050,0,5981,"[945, 238, 35, 30]",6,4602,5981.png,626,1622,44,Nguy hiểm
80,0,5985,"[838, 331, 10, 8]",6,4563,5985.png,626,1622,44,Nguy hiểm
99,0,5985,"[838, 330, 11, 9]",6,4648,5985.png,626,1622,44,Nguy hiểm
4488,0,5992,"[933, 96, 66, 68]",6,4572,5992.png,626,1622,41,Nguy hiểm
3720,0,5992,"[934, 101, 60, 62]",6,4627,5992.png,626,1622,41,Nguy hiểm
154,0,5994,"[923, 268, 14, 11]",6,4577,5994.png,626,1622,41,Nguy hiểm
154,0,5994,"[924, 268, 14, 11]",6,4630,5994.png,626,1622,41,Nguy hiểm
30,0,6020,"[902, 314, 6, 5]",6,4673,6020.png,626,1622,16,Nguy hiểm
374,0,6025,"[975, 337, 22, 17]",6,4675,6025.png,626,1622,16,Nguy hiểm
1932,0,6031,"[769, 371, 46, 42]",6,4680,6031.png,626,1622,28,Nguy hiểm
506,0,6033,"[761, 489, 23, 22]",6,4681,6033.png,626,1622,29,Nguy hiểm
90,0,6033,"[662, 497, 10, 9]",6,4682,6033.png,626,1622,29,Nguy hiểm
525,0,6035,"[837, 370, 25, 21]",6,4683,6035.png,626,1622,22,Nguy hiểm
1764,0,6040,"[887, 279, 42, 42]",6,4687,6040.png,626,1622,47,Nguy hiểm
30,0,6044,"[787, 425, 6, 5]",6,4688,6044.png,626,1622,12,Nguy hiểm
156,0,6047,"[826, 485, 13, 12]",6,4691,6047.png,626,1622,16,Nguy hiểm
1120,0,6049,"[953, 351, 35, 32]",6,4694,6049.png,626,1622,16,Nguy hiểm
648,0,6051,"[720, 321, 27, 24]",6,4695,6051.png,626,1622,16,Nguy hiểm
63,0,6052,"[629, 501, 9, 7]",6,4696,6052.png,626,1622,16,Nguy hiểm
108,0,6054,"[585, 390, 12, 9]",6,4699,6054.png,626,1622,28,Nguy hiểm
110,0,6058,"[653, 500, 11, 10]",6,4700,6058.png,626,1622,29,Nguy hiểm
63,0,6058,"[646, 499, 9, 7]",6,4701,6058.png,626,1622,29,Nguy hiểm
132,0,6062,"[820, 314, 12, 11]",6,4703,6062.png,626,1622,23,Nguy hiểm
72,0,6068,"[868, 385, 9, 8]",6,4705,6068.png,626,1622,28,Nguy hiểm
728,0,6069,"[997, 275, 26, 28]",6,4706,6069.png,626,1622,23,Nguy hiểm
63,0,6069,"[965, 303, 9, 7]",6,4707,6069.png,626,1622,23,Nguy hiểm
30,0,6075,"[806, 215, 6, 5]",6,4713,6075.png,626,1622,7,Nguy hiểm
168,0,6085,"[953, 357, 14, 12]",6,4720,6085.png,626,1622,16,Nguy hiểm
440,0,6086,"[677, 401, 22, 20]",6,4721,6086.png,626,1622,28,Nguy hiểm
108,0,6087,"[678, 491, 12, 9]",6,4722,6087.png,626,1622,29,Nguy hiểm
120,0,6087,"[678, 481, 12, 10]",6,4723,6087.png,626,1622,29,Nguy hiểm
437,0,6091,"[659, 327, 23, 19]",6,4725,6091.png,626,1622,23,Nguy hiểm
72,0,6091,"[842, 406, 8, 9]",6,4727,6091.png,626,1622,23,Nguy hiểm
56,0,6105,"[871, 399, 8, 7]",6,4753,6105.png,626,1622,12,Nguy hiểm
462,0,6106,"[858, 305, 22, 21]",6,4754,6106.png,626,1622,47,Nguy hiểm
270,0,6107,"[1031, 381, 18, 15]",6,4755,6107.png,626,1622,23,Nguy hiểm
72,0,6108,"[728, 352, 8, 9]",6,4757,6108.png,626,1622,19,Nguy hiểm
418,0,6114,"[1167, 410, 22, 19]",6,4762,6114.png,626,1622,12,Nguy hiểm
224,0,6115,"[609, 289, 16, 14]",6,4764,6115.png,626,1622,16,Nguy hiểm
156,0,6118,"[630, 259, 13, 12]",6,4765,6118.png,626,1622,47,Nguy hiểm
437,0,6134,"[465, 399, 23, 19]",6,4775,6134.png,626,1622,28,Nguy hiểm
1443,0,6135,"[914, 168, 37, 39]",6,4778,6135.png,626,1622,47,Nguy hiểm
56,0,6135,"[776, 190, 8, 7]",6,4779,6135.png,626,1622,47,Nguy hiểm
56,0,6135,"[786, 185, 8, 7]",6,4780,6135.png,626,1622,47,Nguy hiểm
625,0,6137,"[745, 435, 25, 25]",6,4781,6137.png,626,1622,28,Nguy hiểm
42,0,6143,"[714, 488, 6, 7]",6,4785,6143.png,626,1622,29,Nguy hiểm
2646,0,6145,"[856, 409, 54, 49]",6,4786,6145.png,626,1622,28,Nguy hiểm
399,0,6162,"[718, 481, 21, 19]",6,4800,6162.png,626,1622,29,Nguy hiểm
340,0,6162,"[717, 501, 20, 17]",6,4801,6162.png,626,1622,29,Nguy hiểm
210,0,6168,"[904, 226, 15, 14]",6,4806,6168.png,626,1622,33,Nguy hiểm
1728,0,6170,"[1063, 406, 48, 36]",6,4807,6170.png,626,1622,28,Nguy hiểm
3498,0,6177,"[1145, 52, 66, 53]",6,4809,6177.png,626,1622,28,Nguy hiểm
625,0,6177,"[1036, 103, 25, 25]",6,4810,6177.png,626,1622,28,Nguy hiểm
195,0,6181,"[643, 237, 15, 13]",6,4815,6181.png,626,1622,52,Nguy hiểm
624,0,6190,"[695, 249, 26, 24]",6,4817,6190.png,626,1622,28,Nguy hiểm
5508,0,6191,"[1199, 296, 81, 68]",6,4818,6191.png,626,1622,16,Nguy hiểm
49,0,6196,"[955, 317, 7, 7]",6,4826,6196.png,626,1622,16,Nguy hiểm
357,0,6198,"[1087, 234, 21, 17]",6,4827,6198.png,626,1622,28,Nguy hiểm
110,0,6204,"[801, 516, 11, 10]",6,4830,6204.png,626,1622,29,Nguy hiểm
288,0,6205,"[548, 445, 18, 16]",6,4831,6205.png,626,1622,16,Nguy hiểm
5015,0,6208,"[158, 564, 85, 59]",6,4833,6208.png,626,1622,20,Nguy hiểm
4088,0,6208,"[263, 561, 73, 56]",6,4834,6208.png,626,1622,20,Nguy hiểm
80,0,6215,"[1115, 430, 10, 8]",6,4836,6215.png,626,1622,28,Nguy hiểm
130,0,6215,"[1138, 423, 13, 10]",6,4837,6215.png,626,1622,28,Nguy hiểm
1015,0,6219,"[795, 409, 35, 29]",6,4838,6219.png,626,1622,28,Nguy hiểm
196,0,6220,"[838, 372, 14, 14]",6,4839,6220.png,626,1622,16,Nguy hiểm
156,0,6223,"[700, 442, 13, 12]",6,4841,6223.png,626,1622,28,Nguy hiểm
140,0,6227,"[611, 481, 14, 10]",6,4842,6227.png,626,1622,16,Nguy hiểm
63,0,6227,"[570, 481, 9, 7]",6,4843,6227.png,626,1622,16,Nguy hiểm
529,0,6228,"[933, 374, 23, 23]",6,4844,6228.png,626,1622,16,Nguy hiểm
10192,0,6229,"[1114, 347, 104, 98]",6,4845,6229.png,626,1622,16,Nguy hiểm
42,0,6235,"[829, 250, 7, 6]",6,4852,6235.png,626,1622,33,Nguy hiểm
304,0,6236,"[1238, 397, 19, 16]",6,4853,6236.png,626,1622,5,Nguy hiểm
320,0,6238,"[974, 516, 20, 16]",6,4854,6238.png,626,1622,29,Nguy hiểm
63,0,6238,"[933, 525, 9, 7]",6,4856,6238.png,626,1622,29,Nguy hiểm
168,0,6242,"[819, 242, 14, 12]",6,4858,6242.png,626,1622,52,Nguy hiểm
5544,0,6244,"[1233, 168, 84, 66]",6,4861,6244.png,626,1622,45,Nguy hiểm
546,0,6248,"[768, 233, 26, 21]",6,4864,6248.png,626,1622,5,Nguy hiểm
552,0,6248,"[770, 232, 24, 23]",6,10648,6248.png,626,1622,5,Nguy hiểm
108,0,6250,"[567, 424, 12, 9]",6,4865,6250.png,626,1622,28,Nguy hiểm
130,0,6251,"[835, 401, 13, 10]",6,4866,6251.png,626,1622,28,Nguy hiểm
90,0,6252,"[284, 311, 10, 9]",6,4867,6252.png,626,1622,12,Nguy hiểm
342,0,6258,"[936, 317, 19, 18]",6,4875,6258.png,626,1622,16,Nguy hiểm
90,0,6263,"[652, 499, 10, 9]",6,4887,6263.png,626,1622,16,Nguy hiểm
1702,0,6265,"[1047, 332, 46, 37]",6,4889,6265.png,626,1622,16,Nguy hiểm
210,0,6272,"[1023, 538, 15, 14]",6,4892,6272.png,626,1622,29,Nguy hiểm
3024,0,6275,"[1021, 222, 56, 54]",6,4893,6275.png,626,1622,28,Nguy hiểm
120,0,6278,"[1483, 52, 12, 10]",6,4899,6278.png,626,1622,28,Nguy hiểm
23989,0,6289,"[1409, 214, 149, 161]",6,4901,6289.png,626,1622,16,Nguy hiểm
25,0,6289,"[711, 309, 5, 5]",6,4902,6289.png,626,1622,16,Nguy hiểm
42,0,6290,"[891, 335, 7, 6]",6,4903,6290.png,626,1622,16,Nguy hiểm
221,0,6292,"[1015, 322, 17, 13]",6,4908,6292.png,626,1622,16,Nguy hiểm
288,0,6293,"[776, 420, 18, 16]",6,4909,6293.png,626,1622,28,Nguy hiểm
20,0,6294,"[825, 392, 5, 4]",6,4911,6294.png,626,1622,16,Nguy hiểm
304,0,6297,"[573, 313, 19, 16]",6,4914,6297.png,626,1622,16,Nguy hiểm
56,0,6298,"[643, 431, 8, 7]",6,4915,6298.png,626,1622,47,Nguy hiểm
182,0,6307,"[714, 345, 14, 13]",6,4919,6307.png,626,1622,36,Nguy hiểm
143,0,6308,"[680, 390, 13, 11]",6,4920,6308.png,626,1622,16,Nguy hiểm
80,0,6309,"[694, 425, 10, 8]",6,4921,6309.png,626,1622,28,Nguy hiểm
483,0,6311,"[778, 323, 23, 21]",6,4923,6311.png,626,1622,16,Nguy hiểm
49,0,6315,"[644, 334, 7, 7]",6,4925,6315.png,626,1622,34,Nguy hiểm
63,0,6319,"[589, 250, 9, 7]",6,4930,6319.png,626,1622,18,Nguy hiểm
1426,0,6322,"[1370, 412, 46, 31]",6,4934,6322.png,626,1622,28,Nguy hiểm
36,0,6328,"[757, 270, 6, 6]",6,4938,6328.png,626,1622,28,Nguy hiểm
36,0,6328,"[768, 270, 6, 6]",6,4939,6328.png,626,1622,28,Nguy hiểm
56,0,6328,"[781, 261, 8, 7]",6,4940,6328.png,626,1622,28,Nguy hiểm
24,0,6330,"[645, 497, 6, 4]",6,4941,6330.png,626,1622,29,Nguy hiểm
20,0,6330,"[645, 493, 5, 4]",6,4942,6330.png,626,1622,29,Nguy hiểm
3080,0,6332,"[975, 335, 56, 55]",6,4945,6332.png,626,1622,16,Nguy hiểm
42,0,6332,"[615, 389, 7, 6]",6,4946,6332.png,626,1622,16,Nguy hiểm
2295,0,6335,"[855, 403, 51, 45]",6,4947,6335.png,626,1622,28,Nguy hiểm
30,0,6335,"[700, 432, 6, 5]",6,4948,6335.png,626,1622,28,Nguy hiểm
80,0,6347,"[985, 345, 10, 8]",6,4956,6347.png,626,1622,34,Nguy hiểm
81,0,6347,"[841, 358, 9, 9]",6,4959,6347.png,626,1622,34,Nguy hiểm
896,0,6356,"[939, 349, 32, 28]",6,4964,6356.png,626,1622,28,Nguy hiểm
891,0,6356,"[939, 319, 33, 27]",6,4965,6356.png,626,1622,28,Nguy hiểm
990,0,6357,"[979, 387, 33, 30]",6,4966,6357.png,626,1622,12,Nguy hiểm
25,0,6357,"[737, 398, 5, 5]",6,4967,6357.png,626,1622,12,Nguy hiểm
240,0,6361,"[694, 481, 16, 15]",6,4969,6361.png,626,1622,29,Nguy hiểm
42,0,6373,"[648, 502, 7, 6]",6,4975,6373.png,626,1622,29,Nguy hiểm
132,0,6393,"[623, 340, 12, 11]",6,4978,6393.png,626,1622,5,Nguy hiểm
156,0,6395,"[605, 428, 13, 12]",6,4979,6395.png,626,1622,28,Nguy hiểm
64,0,6397,"[974, 416, 8, 8]",6,4980,6397.png,626,1622,28,Nguy hiểm
56,0,6398,"[565, 447, 8, 7]",6,4981,6398.png,626,1622,16,Nguy hiểm
1110,0,6401,"[1090, 235, 37, 30]",6,4985,6401.png,626,1622,47,Nguy hiểm
90,0,6401,"[912, 261, 10, 9]",6,4986,6401.png,626,1622,47,Nguy hiểm
81,0,6402,"[946, 253, 9, 9]",6,4987,6402.png,626,1622,29,Nguy hiểm
36,0,6402,"[930, 254, 6, 6]",6,4988,6402.png,626,1622,29,Nguy hiểm
272,0,6409,"[832, 268, 17, 16]",6,4991,6409.png,626,1622,28,Nguy hiểm
132,0,6409,"[803, 271, 12, 11]",6,4992,6409.png,626,1622,28,Nguy hiểm
36,0,6415,"[734, 471, 6, 6]",6,4993,6415.png,626,1622,16,Nguy hiểm
342,0,6419,"[606, 302, 19, 18]",6,4995,6419.png,626,1622,23,Nguy hiểm
195,0,6421,"[658, 424, 15, 13]",6,4996,6421.png,626,1622,47,Nguy hiểm
99,0,6424,"[733, 461, 11, 9]",6,4998,6424.png,626,1622,19,Nguy hiểm
49,0,6425,"[638, 498, 7, 7]",6,4999,6425.png,626,1622,29,Nguy hiểm
252,0,6428,"[966, 331, 18, 14]",6,5000,6428.png,626,1622,16,Nguy hiểm
572,0,6430,"[1026, 432, 26, 22]",6,5001,6430.png,626,1622,5,Nguy hiểm
182,0,6445,"[891, 389, 14, 13]",6,5007,6445.png,626,1622,28,Nguy hiểm
1190,0,6449,"[837, 489, 35, 34]",6,5009,6449.png,626,1622,16,Nguy hiểm
896,0,6451,"[1209, 228, 32, 28]",6,5012,6451.png,626,1622,45,Nguy hiểm
70,0,6453,"[797, 288, 7, 10]",6,5014,6453.png,626,1622,37,Nguy hiểm
72,0,6456,"[539, 413, 9, 8]",6,5015,6456.png,626,1622,28,Nguy hiểm
754,0,6460,"[1059, 376, 29, 26]",6,5016,6460.png,626,1622,5,Nguy hiểm
88,0,6466,"[975, 331, 11, 8]",6,5020,6466.png,626,1622,16,Nguy hiểm
25,0,6474,"[754, 241, 5, 5]",6,5022,6474.png,626,1622,47,Nguy hiểm
24,0,6474,"[732, 241, 6, 4]",6,5023,6474.png,626,1622,47,Nguy hiểm
30,0,6477,"[665, 438, 6, 5]",6,5026,6477.png,626,1622,28,Nguy hiểm
483,0,6482,"[726, 428, 23, 21]",6,5027,6482.png,626,1622,28,Nguy hiểm
48,0,6486,"[497, 305, 8, 6]",6,5030,6486.png,626,1622,1,Nguy hiểm
320,0,6488,"[1118, 436, 20, 16]",6,5031,6488.png,626,1622,5,Nguy hiểm
870,0,6494,"[928, 497, 30, 29]",6,5032,6494.png,626,1622,29,Nguy hiểm
551,0,6501,"[1538, 61, 29, 19]",6,5045,6501.png,626,1622,28,Nguy hiểm
36,0,6503,"[643, 490, 6, 6]",6,5046,6503.png,626,1622,29,Nguy hiểm
110,0,6504,"[857, 304, 11, 10]",6,5047,6504.png,626,1622,16,Nguy hiểm
342,0,6517,"[782, 433, 19, 18]",6,5059,6517.png,626,1622,28,Nguy hiểm
289,0,6517,"[764, 425, 17, 17]",6,5060,6517.png,626,1622,28,Nguy hiểm
64,0,6521,"[802, 249, 8, 8]",6,5062,6521.png,626,1622,52,Nguy hiểm
144,0,6533,"[935, 528, 12, 12]",6,5065,6533.png,626,1622,29,Nguy hiểm
30,0,6533,"[920, 534, 5, 6]",6,5066,6533.png,626,1622,29,Nguy hiểm
90,0,6535,"[880, 283, 10, 9]",6,5067,6535.png,626,1622,33,Nguy hiểm
99,0,6535,"[1011, 284, 11, 9]",6,5068,6535.png,626,1622,33,Nguy hiểm
121,0,6541,"[887, 375, 11, 11]",6,5070,6541.png,626,1622,28,Nguy hiểm
6148,0,6542,"[899, 91, 53, 116]",6,5071,6542.png,626,1622,45,Nguy hiểm
42,0,6556,"[674, 282, 6, 7]",6,5079,6556.png,626,1622,28,Nguy hiểm
525,0,6559,"[950, 414, 25, 21]",6,5083,6559.png,626,1622,28,Nguy hiểm
460,0,6559,"[950, 392, 23, 20]",6,5084,6559.png,626,1622,28,Nguy hiểm
256,0,6559,"[917, 402, 16, 16]",6,5085,6559.png,626,1622,28,Nguy hiểm
80,0,6561,"[898, 299, 10, 8]",6,5087,6561.png,626,1622,33,Nguy hiểm
99,0,6563,"[661, 536, 11, 9]",6,5088,6563.png,626,1622,29,Nguy hiểm
64,0,6563,"[654, 539, 8, 8]",6,5089,6563.png,626,1622,29,Nguy hiểm
30,0,6564,"[552, 462, 6, 5]",6,5090,6564.png,626,1622,12,Nguy hiểm
440,0,6568,"[949, 479, 22, 20]",6,5091,6568.png,626,1622,12,Nguy hiểm
624,0,6569,"[668, 260, 26, 24]",6,5092,6569.png,626,1622,28,Nguy hiểm
143,0,6571,"[998, 132, 13, 11]",6,5093,6571.png,626,1622,28,Nguy hiểm
42,0,6571,"[975, 132, 7, 6]",6,5094,6571.png,626,1622,28,Nguy hiểm
25384,0,6576,"[1289, 318, 167, 152]",6,5100,6576.png,626,1622,28,Nguy hiểm
1444,0,6576,"[783, 416, 38, 38]",6,5101,6576.png,626,1622,28,Nguy hiểm
56,0,6576,"[679, 430, 8, 7]",6,5103,6576.png,626,1622,28,Nguy hiểm
72,0,6576,"[684, 435, 9, 8]",6,5104,6576.png,626,1622,28,Nguy hiểm
20,0,6576,"[642, 437, 5, 4]",6,5105,6576.png,626,1622,28,Nguy hiểm
644,0,6582,"[1034, 294, 28, 23]",6,5109,6582.png,626,1622,16,Nguy hiểm
25,0,6589,"[550, 361, 5, 5]",6,5123,6589.png,626,1622,16,Nguy hiểm
64,0,6590,"[687, 338, 8, 8]",6,5125,6590.png,626,1622,30,Nguy hiểm
72,0,6595,"[751, 260, 9, 8]",6,5127,6595.png,626,1622,28,Nguy hiểm
240,0,6596,"[911, 382, 16, 15]",6,5128,6596.png,626,1622,16,Nguy hiểm
49,0,6621,"[855, 252, 7, 7]",6,5151,6621.png,626,1622,29,Nguy hiểm
870,0,6622,"[926, 163, 29, 30]",6,5152,6622.png,626,1622,47,Nguy hiểm
840,0,6628,"[890, 147, 28, 30]",6,5155,6628.png,626,1622,5,Nguy hiểm
2450,0,6635,"[659, 386, 50, 49]",6,5163,6635.png,626,1622,28,Nguy hiểm
49,0,6637,"[801, 433, 7, 7]",6,5166,6637.png,626,1622,28,Nguy hiểm
64,0,6637,"[801, 424, 8, 8]",6,5167,6637.png,626,1622,28,Nguy hiểm
1720,0,6648,"[805, 376, 43, 40]",6,5174,6648.png,626,1622,28,Nguy hiểm
156,0,6650,"[1112, 307, 13, 12]",6,5175,6650.png,626,1622,13,Nguy hiểm
2064,0,6652,"[927, 316, 48, 43]",6,5177,6652.png,626,1622,47,Nguy hiểm
2346,0,6652,"[1006, 324, 51, 46]",6,5178,6652.png,626,1622,47,Nguy hiểm
7154,0,6652,"[1462, 382, 98, 73]",6,5180,6652.png,626,1622,47,Nguy hiểm
88,0,6654,"[754, 533, 11, 8]",6,5183,6654.png,626,1622,29,Nguy hiểm
88,0,6659,"[1410, 158, 11, 8]",6,5185,6659.png,626,1622,28,Nguy hiểm
165,0,6666,"[1415, 154, 15, 11]",6,5192,6666.png,626,1622,28,Nguy hiểm
72,0,6670,"[752, 246, 9, 8]",6,5195,6670.png,626,1622,5,Nguy hiểm
858,0,6671,"[1236, 501, 33, 26]",6,5196,6671.png,626,1622,16,Nguy hiểm
5159,0,6674,"[1468, 135, 77, 67]",6,5200,6674.png,626,1622,34,Nguy hiểm
168,0,6676,"[723, 431, 14, 12]",6,5206,6676.png,626,1622,28,Nguy hiểm
345,0,6678,"[1554, 122, 23, 15]",6,5207,6678.png,626,1622,28,Nguy hiểm
368,0,6678,"[1560, 105, 23, 16]",6,5208,6678.png,626,1622,28,Nguy hiểm
323,0,6680,"[700, 240, 19, 17]",6,5210,6680.png,626,1622,52,Nguy hiểm
345,0,6689,"[1533, 113, 23, 15]",6,5216,6689.png,626,1622,28,Nguy hiểm
108,0,6696,"[944, 345, 12, 9]",6,5221,6696.png,626,1622,16,Nguy hiểm
56,0,6701,"[507, 308, 8, 7]",6,5226,6701.png,626,1622,53,Nguy hiểm
11211,0,6705,"[1232, 366, 111, 101]",6,5230,6705.png,626,1622,16,Nguy hiểm
156,0,6714,"[877, 277, 13, 12]",6,5241,6714.png,626,1622,33,Nguy hiểm
1122,0,6726,"[791, 204, 34, 33]",6,5261,6726.png,626,1622,5,Nguy hiểm
1443,0,6728,"[773, 248, 39, 37]",6,5262,6728.png,626,1622,28,Nguy hiểm
1368,0,6728,"[773, 210, 38, 36]",6,5263,6728.png,626,1622,28,Nguy hiểm
1480,0,6728,"[772, 172, 40, 37]",6,5264,6728.png,626,1622,28,Nguy hiểm
140,0,6731,"[635, 428, 10, 14]",6,5268,6731.png,626,1622,28,Nguy hiểm
168,0,6736,"[689, 498, 14, 12]",6,5269,6736.png,626,1622,29,Nguy hiểm
1638,0,6740,"[1256, 252, 42, 39]",6,5273,6740.png,626,1622,29,Nguy hiểm
63,0,6745,"[1502, 87, 9, 7]",6,5274,6745.png,626,1622,28,Nguy hiểm
108,0,6746,"[614, 256, 12, 9]",6,5275,6746.png,626,1622,5,Nguy hiểm
88,0,6746,"[614, 246, 11, 8]",6,5276,6746.png,626,1622,5,Nguy hiểm
4140,0,6748,"[897, 380, 69, 60]",6,5277,6748.png,626,1622,28,Nguy hiểm
63,0,6749,"[640, 403, 9, 7]",6,5279,6749.png,626,1622,28,Nguy hiểm
598,0,6750,"[871, 322, 26, 23]",6,5282,6750.png,626,1622,16,Nguy hiểm
378,0,6751,"[714, 307, 21, 18]",6,5283,6751.png,626,1622,47,Nguy hiểm
72,0,6752,"[684, 417, 9, 8]",6,5285,6752.png,626,1622,4,Nguy hiểm
30,0,6753,"[643, 497, 6, 5]",6,5286,6753.png,626,1622,29,Nguy hiểm
600,0,6770,"[945, 369, 25, 24]",6,5296,6770.png,626,1622,28,Nguy hiểm
1551,0,6772,"[1566, 412, 47, 33]",6,5299,6772.png,626,1622,36,Nguy hiểm
1472,0,6772,"[1513, 410, 46, 32]",6,5300,6772.png,626,1622,36,Nguy hiểm
1410,0,6772,"[1458, 407, 47, 30]",6,5301,6772.png,626,1622,36,Nguy hiểm
108,0,6773,"[623, 409, 12, 9]",6,5304,6773.png,626,1622,28,Nguy hiểm
120,0,6773,"[623, 397, 12, 10]",6,5305,6773.png,626,1622,28,Nguy hiểm
660,0,6779,"[1523, 412, 33, 20]",6,5312,6779.png,626,1622,28,Nguy hiểm
70,0,6779,"[1370, 428, 10, 7]",6,5313,6779.png,626,1622,28,Nguy hiểm
2650,0,6780,"[975, 186, 53, 50]",6,5314,6780.png,626,1622,52,Nguy hiểm
42,0,6781,"[777, 200, 7, 6]",6,5315,6781.png,626,1622,47,Nguy hiểm
2070,0,6786,"[911, 342, 46, 45]",6,5318,6786.png,626,1622,16,Nguy hiểm
81,0,6788,"[858, 516, 9, 9]",6,5319,6788.png,626,1622,29,Nguy hiểm
25,0,6788,"[825, 518, 5, 5]",6,5321,6788.png,626,1622,29,Nguy hiểm
210,0,6793,"[702, 350, 15, 14]",6,5323,6793.png,626,1622,16,Nguy hiểm
120,0,6796,"[1060, 240, 12, 10]",6,5324,6796.png,626,1622,28,Nguy hiểm
1122,0,6807,"[1154, 361, 34, 33]",6,5328,6807.png,626,1622,16,Nguy hiểm
80,0,6813,"[504, 300, 10, 8]",6,5331,6813.png,626,1622,1,Nguy hiểm
130,0,6824,"[852, 377, 13, 10]",6,5336,6824.png,626,1622,16,Nguy hiểm
156,0,6841,"[618, 384, 13, 12]",6,5340,6841.png,626,1622,16,Nguy hiểm
462,0,6844,"[899, 220, 22, 21]",6,5341,6844.png,626,1622,52,Nguy hiểm
480,0,6848,"[845, 218, 24, 20]",6,5342,6848.png,626,1622,52,Nguy hiểm
90,0,6850,"[964, 314, 10, 9]",6,5343,6850.png,626,1622,16,Nguy hiểm
1221,0,6862,"[646, 411, 37, 33]",6,5351,6862.png,626,1622,28,Nguy hiểm
15456,0,6863,"[1154, 286, 138, 112]",6,5354,6863.png,626,1622,28,Nguy hiểm
2050,0,6865,"[1093, 292, 50, 41]",6,5355,6865.png,626,1622,16,Nguy hiểm
80,0,6873,"[334, 444, 10, 8]",6,5368,6873.png,626,1622,28,Nguy hiểm
144,0,6876,"[848, 433, 12, 12]",6,5371,6876.png,626,1622,16,Nguy hiểm
168,0,6878,"[1017, 125, 14, 12]",6,5372,6878.png,626,1622,28,Nguy hiểm
182,0,6881,"[645, 395, 14, 13]",6,5375,6881.png,626,1622,28,Nguy hiểm
80,0,6887,"[733, 239, 10, 8]",6,5383,6887.png,626,1622,47,Nguy hiểm
224,0,6887,"[791, 232, 16, 14]",6,5384,6887.png,626,1622,47,Nguy hiểm
63,0,6890,"[596, 266, 9, 7]",6,5387,6890.png,626,1622,28,Nguy hiểm
132,0,6898,"[898, 280, 12, 11]",6,5395,6898.png,626,1622,37,Nguy hiểm
130,0,6898,"[898, 268, 13, 10]",6,5396,6898.png,626,1622,37,Nguy hiểm
272,0,6900,"[666, 420, 17, 16]",6,5397,6900.png,626,1622,28,Nguy hiểm
483,0,6900,"[698, 415, 23, 21]",6,5398,6900.png,626,1622,28,Nguy hiểm
546,0,6917,"[1011, 384, 26, 21]",6,5403,6917.png,626,1622,29,Nguy hiểm
120,0,6917,"[914, 395, 12, 10]",6,5404,6917.png,626,1622,29,Nguy hiểm
169,0,6920,"[756, 333, 13, 13]",6,5405,6920.png,626,1622,16,Nguy hiểm
1776,0,6925,"[1078, 416, 48, 37]",6,5411,6925.png,626,1622,5,Nguy hiểm
1924,0,6935,"[1530, 423, 52, 37]",6,5414,6935.png,626,1622,16,Nguy hiểm
2064,0,6937,"[777, 183, 48, 43]",6,5416,6937.png,626,1622,47,Nguy hiểm
90,0,6937,"[641, 209, 10, 9]",6,5417,6937.png,626,1622,47,Nguy hiểm
80,0,6939,"[667, 336, 10, 8]",6,5418,6939.png,626,1622,16,Nguy hiểm
4030,0,6941,"[1261, 299, 62, 65]",6,5419,6941.png,626,1622,36,Nguy hiểm
80,0,6947,"[547, 472, 10, 8]",6,5424,6947.png,626,1622,16,Nguy hiểm
56,0,6947,"[524, 472, 8, 7]",6,5425,6947.png,626,1622,16,Nguy hiểm
30,0,6948,"[665, 191, 6, 5]",6,5431,6948.png,626,1622,53,Nguy hiểm
289,0,6961,"[687, 362, 17, 17]",6,5441,6961.png,626,1622,28,Nguy hiểm
589,0,6963,"[119, 267, 31, 19]",6,5442,6963.png,626,1622,45,Nguy hiểm
552,0,6966,"[849, 166, 24, 23]",6,5443,6966.png,626,1622,47,Nguy hiểm
108,0,6967,"[945, 306, 12, 9]",6,5445,6967.png,626,1622,16,Nguy hiểm
3536,0,6971,"[1175, 379, 68, 52]",6,5449,6971.png,626,1622,28,Nguy hiểm
80,0,6973,"[832, 216, 10, 8]",6,5451,6973.png,626,1622,7,Nguy hiểm
2401,0,6975,"[1147, 285, 49, 49]",6,5452,6975.png,626,1622,16,Nguy hiểm
4864,0,6981,"[1218, 92, 76, 64]",6,5455,6981.png,626,1622,28,Nguy hiểm
130,0,6981,"[997, 125, 13, 10]",6,5456,6981.png,626,1622,28,Nguy hiểm
783,0,6985,"[771, 429, 29, 27]",6,5464,6985.png,626,1622,28,Nguy hiểm
42,0,6985,"[673, 446, 7, 6]",6,5465,6985.png,626,1622,28,Nguy hiểm
15004,0,6985,"[1190, 349, 121, 124]",6,5466,6985.png,626,1622,28,Nguy hiểm
812,0,6987,"[711, 461, 29, 28]",6,5467,6987.png,626,1622,29,Nguy hiểm
195,0,6987,"[643, 479, 15, 13]",6,5468,6987.png,626,1622,29,Nguy hiểm
1334,0,6989,"[1560, 373, 46, 29]",6,5471,6989.png,626,1622,5,Nguy hiểm
266,0,6991,"[1176, 419, 19, 14]",6,5472,6991.png,626,1622,28,Nguy hiểm
120,0,6991,"[1134, 430, 12, 10]",6,5473,6991.png,626,1622,28,Nguy hiểm
99,0,6992,"[669, 280, 11, 9]",6,5475,6992.png,626,1622,36,Nguy hiểm
304,0,6994,"[640, 467, 19, 16]",6,5478,6994.png,626,1622,16,Nguy hiểm
49,0,6994,"[559, 467, 7, 7]",6,5479,6994.png,626,1622,16,Nguy hiểm
132,0,7010,"[589, 433, 12, 11]",6,5487,7010.png,626,1622,28,Nguy hiểm
204,0,7016,"[1405, 422, 17, 12]",6,5489,7016.png,626,1622,28,Nguy hiểm
930,0,7017,"[722, 198, 31, 30]",6,5490,7017.png,626,1622,5,Nguy hiểm
196,0,7024,"[874, 359, 14, 14]",6,5491,7024.png,626,1622,29,Nguy hiểm
270,0,7029,"[585, 413, 18, 15]",6,5493,7029.png,626,1622,28,Nguy hiểm
56,0,7032,"[625, 224, 8, 7]",6,5495,7032.png,626,1622,47,Nguy hiểm
90,0,7037,"[721, 495, 10, 9]",6,5496,7037.png,626,1622,29,Nguy hiểm
49,0,7037,"[714, 497, 7, 7]",6,5497,7037.png,626,1622,29,Nguy hiểm
80,0,7040,"[868, 325, 10, 8]",6,5499,7040.png,626,1622,16,Nguy hiểm
64,0,7041,"[1266, 438, 8, 8]",6,5500,7041.png,626,1622,28,Nguy hiểm
90,0,7043,"[662, 354, 10, 9]",6,5502,7043.png,626,1622,16,Nguy hiểm
238,0,7045,"[703, 530, 17, 14]",6,5503,7045.png,626,1622,29,Nguy hiểm
306,0,7047,"[676, 527, 18, 17]",6,5504,7047.png,626,1622,29,Nguy hiểm
90,0,7047,"[659, 537, 9, 10]",6,5505,7047.png,626,1622,29,Nguy hiểm
143,0,7048,"[753, 302, 13, 11]",6,5506,7048.png,626,1622,16,Nguy hiểm
1023,0,7051,"[987, 386, 33, 31]",6,5507,7051.png,626,1622,28,Nguy hiểm
1020,0,7051,"[987, 355, 34, 30]",6,5508,7051.png,626,1622,28,Nguy hiểm
1152,0,7051,"[988, 324, 36, 32]",6,5509,7051.png,626,1622,28,Nguy hiểm
72,0,7051,"[845, 402, 9, 8]",6,5510,7051.png,626,1622,28,Nguy hiểm
132,0,7053,"[989, 424, 12, 11]",6,5511,7053.png,626,1622,28,Nguy hiểm
728,0,7055,"[726, 209, 28, 26]",6,5512,7055.png,626,1622,52,Nguy hiểm
144,0,7057,"[685, 554, 12, 12]",6,5513,7057.png,626,1622,29,Nguy hiểm
90,0,7057,"[689, 544, 10, 9]",6,5514,7057.png,626,1622,29,Nguy hiểm
99,0,7058,"[586, 439, 11, 9]",6,5515,7058.png,626,1622,16,Nguy hiểm
1247,0,7067,"[1481, 422, 43, 29]",6,5526,7067.png,626,1622,28,Nguy hiểm
396,0,7069,"[936, 338, 22, 18]",6,5527,7069.png,626,1622,16,Nguy hiểm
208,0,7070,"[698, 496, 16, 13]",6,5528,7070.png,626,1622,29,Nguy hiểm
54,0,7070,"[648, 500, 9, 6]",6,5529,7070.png,626,1622,29,Nguy hiểm
56,0,7079,"[782, 479, 8, 7]",6,5533,7079.png,626,1622,16,Nguy hiểm
36,0,7080,"[897, 434, 6, 6]",6,5534,7080.png,626,1622,29,Nguy hiểm
216,0,7085,"[1442, 83, 18, 12]",6,5538,7085.png,626,1622,28,Nguy hiểm
156,0,7088,"[832, 489, 13, 12]",6,5540,7088.png,626,1622,16,Nguy hiểm
90,0,7088,"[805, 486, 10, 9]",6,5541,7088.png,626,1622,16,Nguy hiểm
36,0,7088,"[783, 490, 6, 6]",6,5542,7088.png,626,1622,16,Nguy hiểm
3360,0,7090,"[1040, 233, 60, 56]",6,5543,7090.png,626,1622,28,Nguy hiểm
132,0,7090,"[796, 272, 12, 11]",6,5544,7090.png,626,1622,28,Nguy hiểm
90,0,7090,"[782, 273, 10, 9]",6,5545,7090.png,626,1622,28,Nguy hiểm
342,0,7095,"[891, 236, 19, 18]",6,5549,7095.png,626,1622,28,Nguy hiểm
20,0,7095,"[833, 261, 5, 4]",6,5550,7095.png,626,1622,28,Nguy hiểm
42,0,7095,"[840, 255, 7, 6]",6,5551,7095.png,626,1622,28,Nguy hiểm
70,0,7095,"[844, 253, 10, 7]",6,5552,7095.png,626,1622,28,Nguy hiểm
380,0,7096,"[795, 429, 20, 19]",6,5553,7096.png,626,1622,28,Nguy hiểm
456,0,7102,"[758, 356, 24, 19]",6,5559,7102.png,626,1622,36,Nguy hiểm
2090,0,7106,"[1508, 412, 55, 38]",6,5564,7106.png,626,1622,47,Nguy hiểm
374,0,7120,"[605, 465, 22, 17]",6,5582,7120.png,626,1622,16,Nguy hiểm
140,0,7120,"[535, 467, 14, 10]",6,5583,7120.png,626,1622,16,Nguy hiểm
169,0,7123,"[848, 375, 13, 13]",6,5584,7123.png,626,1622,29,Nguy hiểm
132,0,7125,"[1214, 331, 12, 11]",6,5590,7125.png,626,1622,47,Nguy hiểm
36,0,7129,"[640, 503, 6, 6]",6,5593,7129.png,626,1622,29,Nguy hiểm
30,0,7129,"[630, 504, 5, 6]",6,5594,7129.png,626,1622,29,Nguy hiểm
90,0,7130,"[673, 431, 10, 9]",6,5595,7130.png,626,1622,28,Nguy hiểm
120,0,7134,"[786, 512, 12, 10]",6,5597,7134.png,626,1622,29,Nguy hiểm
120,0,7134,"[786, 524, 12, 10]",6,5598,7134.png,626,1622,29,Nguy hiểm
480,0,7135,"[1026, 389, 24, 20]",6,5599,7135.png,626,1622,36,Nguy hiểm
460,0,7135,"[1026, 368, 23, 20]",6,5600,7135.png,626,1622,36,Nguy hiểm
168,0,7143,"[706, 251, 14, 12]",6,5603,7143.png,626,1622,33,Nguy hiểm
56,0,7146,"[642, 506, 7, 8]",6,5604,7146.png,626,1622,29,Nguy hiểm
25,0,7146,"[641, 505, 5, 5]",6,5605,7146.png,626,1622,29,Nguy hiểm
63,0,7152,"[754, 381, 9, 7]",6,5611,7152.png,626,1622,28,Nguy hiểm
154,0,7154,"[901, 430, 14, 11]",6,5614,7154.png,626,1622,5,Nguy hiểm
63,0,7155,"[916, 434, 9, 7]",6,5615,7155.png,626,1622,29,Nguy hiểm
30,0,7159,"[915, 315, 6, 5]",6,5616,7159.png,626,1622,16,Nguy hiểm
130,0,7160,"[594, 283, 13, 10]",6,5617,7160.png,626,1622,28,Nguy hiểm
440,0,7164,"[1232, 321, 22, 20]",6,5618,7164.png,626,1622,23,Nguy hiểm
110,0,7166,"[644, 354, 11, 10]",6,5619,7166.png,626,1622,23,Nguy hiểm
130,0,7167,"[685, 326, 13, 10]",6,5623,7167.png,626,1622,19,Nguy hiểm
550,0,7171,"[752, 427, 25, 22]",6,5627,7171.png,626,1622,28,Nguy hiểm
240,0,7171,"[706, 434, 16, 15]",6,5628,7171.png,626,1622,28,Nguy hiểm
36,0,7171,"[672, 435, 6, 6]",6,5630,7171.png,626,1622,28,Nguy hiểm
36,0,7171,"[675, 439, 6, 6]",6,5631,7171.png,626,1622,28,Nguy hiểm
16,0,7171,"[644, 440, 4, 4]",6,5632,7171.png,626,1622,28,Nguy hiểm
504,0,7177,"[733, 434, 24, 21]",6,5635,7177.png,626,1622,28,Nguy hiểm
156,0,7179,"[564, 470, 13, 12]",6,5636,7179.png,626,1622,16,Nguy hiểm
56,0,7179,"[529, 471, 8, 7]",6,5637,7179.png,626,1622,16,Nguy hiểm
48,0,7180,"[933, 266, 8, 6]",6,5639,7180.png,626,1622,33,Nguy hiểm
36,0,7180,"[847, 272, 6, 6]",6,5643,7180.png,626,1622,33,Nguy hiểm
156,0,7185,"[955, 432, 13, 12]",6,5646,7185.png,626,1622,29,Nguy hiểm
1224,0,7186,"[773, 327, 36, 34]",6,5647,7186.png,626,1622,16,Nguy hiểm
72,0,7187,"[323, 439, 9, 8]",6,5648,7187.png,626,1622,28,Nguy hiểm
100,0,7194,"[683, 333, 10, 10]",6,5658,7194.png,626,1622,16,Nguy hiểm
1054,0,7208,"[957, 250, 34, 31]",6,5662,7208.png,626,1622,28,Nguy hiểm
224,0,7210,"[759, 299, 16, 14]",6,5664,7210.png,626,1622,47,Nguy hiểm
550,0,7217,"[952, 387, 25, 22]",6,5666,7217.png,626,1622,5,Nguy hiểm
285,0,7222,"[1232, 428, 19, 15]",6,5667,7222.png,626,1622,28,Nguy hiểm
2750,0,7238,"[674, 347, 55, 50]",6,5673,7238.png,626,1622,28,Nguy hiểm
132,0,7240,"[347, 426, 12, 11]",6,5676,7240.png,626,1622,28,Nguy hiểm
198,0,7246,"[767, 284, 11, 18]",6,5678,7246.png,626,1622,37,Nguy hiểm
180,0,7270,"[900, 340, 15, 12]",6,5681,7270.png,626,1622,16,Nguy hiểm
121,0,7278,"[854, 215, 11, 11]",6,5688,7278.png,626,1622,7,Nguy hiểm
1023,0,7279,"[984, 332, 33, 31]",6,5689,7279.png,626,1622,16,Nguy hiểm
3162,0,7281,"[1088, 180, 62, 51]",6,5691,7281.png,626,1622,33,Nguy hiểm
13172,0,7282,"[1475, 38, 89, 148]",6,5692,7282.png,626,1622,5,Nguy hiểm
2352,0,7286,"[868, 256, 49, 48]",6,5693,7286.png,626,1622,47,Nguy hiểm
56,0,7287,"[601, 358, 8, 7]",6,5696,7287.png,626,1622,47,Nguy hiểm
154,0,7291,"[559, 240, 14, 11]",6,5701,7291.png,626,1622,18,Nguy hiểm
868,0,7293,"[776, 207, 31, 28]",6,5702,7293.png,626,1622,47,Nguy hiểm
625,0,7300,"[1089, 81, 25, 25]",6,5704,7300.png,626,1622,22,Nguy hiểm
2914,0,7314,"[1145, 399, 62, 47]",6,5707,7314.png,626,1622,5,Nguy hiểm
396,0,7319,"[974, 317, 22, 18]",6,5714,7319.png,626,1622,16,Nguy hiểm
357,0,7323,"[978, 341, 17, 21]",6,5717,7323.png,626,1622,45,Nguy hiểm
5382,0,7333,"[1186, 135, 78, 69]",6,5720,7333.png,626,1622,5,Nguy hiểm
725,0,7335,"[828, 462, 29, 25]",6,5721,7335.png,626,1622,16,Nguy hiểm
56,0,7336,"[452, 351, 8, 7]",6,5725,7336.png,626,1622,53,Nguy hiểm
80,0,7336,"[452, 341, 10, 8]",6,5726,7336.png,626,1622,53,Nguy hiểm
621,0,7341,"[866, 524, 23, 27]",6,5731,7341.png,626,1622,29,Nguy hiểm
156,0,7343,"[928, 312, 13, 12]",6,5732,7343.png,626,1622,16,Nguy hiểm
48,0,7349,"[919, 309, 8, 6]",6,5735,7349.png,626,1622,16,Nguy hiểm
63,0,7351,"[811, 167, 7, 9]",6,5744,7351.png,626,1622,31,Nguy hiểm
96,0,7351,"[791, 164, 8, 12]",6,5745,7351.png,626,1622,31,Nguy hiểm
49,0,7355,"[788, 517, 7, 7]",6,5747,7355.png,626,1622,29,Nguy hiểm
156,0,7356,"[640, 264, 13, 12]",6,5749,7356.png,626,1622,28,Nguy hiểm
180,0,7356,"[639, 249, 15, 12]",6,5750,7356.png,626,1622,28,Nguy hiểm
25,0,7356,"[573, 275, 5, 5]",6,5751,7356.png,626,1622,28,Nguy hiểm
24,0,7356,"[572, 270, 6, 4]",6,5752,7356.png,626,1622,28,Nguy hiểm
30,0,7356,"[572, 264, 6, 5]",6,5753,7356.png,626,1622,28,Nguy hiểm
616,0,7359,"[970, 362, 28, 22]",6,5755,7359.png,626,1622,16,Nguy hiểm
195,0,7362,"[871, 338, 15, 13]",6,5757,7362.png,626,1622,16,Nguy hiểm
2856,0,7364,"[1022, 232, 56, 51]",6,5758,7364.png,626,1622,28,Nguy hiểm
598,0,7365,"[702, 422, 26, 23]",6,5761,7365.png,626,1622,16,Nguy hiểm
81,0,7370,"[941, 484, 9, 9]",6,5763,7370.png,626,1622,12,Nguy hiểm
108,0,7379,"[1304, 324, 12, 9]",6,5769,7379.png,626,1622,23,Nguy hiểm
132,0,7382,"[1037, 198, 12, 11]",6,5772,7382.png,626,1622,47,Nguy hiểm
342,0,7384,"[604, 417, 19, 18]",6,5773,7384.png,626,1622,28,Nguy hiểm
25,0,7384,"[547, 431, 5, 5]",6,5774,7384.png,626,1622,28,Nguy hiểm
121,0,7388,"[716, 110, 11, 11]",6,5778,7388.png,626,1622,22,Nguy hiểm
1960,0,7389,"[1145, 112, 40, 49]",6,5779,7389.png,626,1622,22,Nguy hiểm
550,0,7405,"[705, 268, 25, 22]",6,5783,7405.png,626,1622,34,Nguy hiểm
540,0,7406,"[612, 374, 18, 30]",6,5784,7406.png,626,1622,28,Nguy hiểm
725,0,7415,"[619, 401, 29, 25]",6,5790,7415.png,626,1622,28,Nguy hiểm
800,0,7416,"[627, 186, 32, 25]",6,5792,7416.png,626,1622,36,Nguy hiểm
56,0,7428,"[701, 263, 8, 7]",6,5813,7428.png,626,1622,28,Nguy hiểm
575,0,7437,"[1039, 346, 25, 23]",6,5817,7437.png,626,1622,29,Nguy hiểm
1054,0,7441,"[918, 211, 34, 31]",6,5824,7441.png,626,1622,28,Nguy hiểm
224,0,7441,"[809, 260, 16, 14]",6,5825,7441.png,626,1622,28,Nguy hiểm
64,0,7441,"[771, 266, 8, 8]",6,5826,7441.png,626,1622,28,Nguy hiểm
868,0,7448,"[1270, 105, 31, 28]",6,5828,7448.png,626,1622,47,Nguy hiểm
2448,0,7449,"[1001, 393, 48, 51]",6,5831,7449.png,626,1622,16,Nguy hiểm
1677,0,7453,"[1119, 151, 43, 39]",6,5841,7453.png,626,1622,45,Nguy hiểm
5120,0,7470,"[1126, 285, 80, 64]",6,5854,7470.png,626,1622,28,Nguy hiểm
143,0,7474,"[878, 398, 13, 11]",6,5858,7474.png,626,1622,28,Nguy hiểm
154,0,7474,"[878, 384, 14, 11]",6,5859,7474.png,626,1622,28,Nguy hiểm
156,0,7474,"[880, 371, 13, 12]",6,5860,7474.png,626,1622,28,Nguy hiểm
864,0,7475,"[383, 307, 32, 27]",6,5862,7475.png,626,1622,45,Nguy hiểm
396,0,7476,"[849, 267, 22, 18]",6,5865,7476.png,626,1622,28,Nguy hiểm
56,0,7476,"[779, 276, 8, 7]",6,5866,7476.png,626,1622,28,Nguy hiểm
42,0,7476,"[771, 276, 7, 6]",6,5867,7476.png,626,1622,28,Nguy hiểm
72,0,7480,"[873, 287, 9, 8]",6,5873,7480.png,626,1622,37,Nguy hiểm
72,0,7480,"[873, 278, 9, 8]",6,5874,7480.png,626,1622,37,Nguy hiểm
624,0,7496,"[1021, 330, 26, 24]",6,5880,7496.png,626,1622,16,Nguy hiểm
399,0,7501,"[847, 237, 21, 19]",6,5885,7501.png,626,1622,45,Nguy hiểm
120,0,7513,"[1406, 150, 12, 10]",6,5887,7513.png,626,1622,28,Nguy hiểm
182,0,7527,"[899, 330, 14, 13]",6,5896,7527.png,626,1622,16,Nguy hiểm
962,0,7528,"[1333, 420, 37, 26]",6,5897,7528.png,626,1622,29,Nguy hiểm
132,0,7534,"[697, 431, 12, 11]",6,5901,7534.png,626,1622,28,Nguy hiểm
621,0,7547,"[667, 417, 27, 23]",6,5905,7547.png,626,1622,28,Nguy hiểm
621,0,7551,"[665, 374, 27, 23]",6,5907,7551.png,626,1622,28,Nguy hiểm
520,0,7551,"[665, 396, 26, 20]",6,5908,7551.png,626,1622,28,Nguy hiểm
72,0,7553,"[660, 500, 9, 8]",6,5911,7553.png,626,1622,29,Nguy hiểm
1332,0,7555,"[890, 291, 37, 36]",6,5912,7555.png,626,1622,16,Nguy hiểm
270,0,7555,"[753, 312, 18, 15]",6,5913,7555.png,626,1622,16,Nguy hiểm
49,0,7556,"[784, 343, 7, 7]",6,5915,7556.png,626,1622,16,Nguy hiểm
132,0,7562,"[854, 334, 12, 11]",6,5917,7562.png,626,1622,5,Nguy hiểm
1326,0,7568,"[1011, 353, 39, 34]",6,5921,7568.png,626,1622,28,Nguy hiểm
440,0,7570,"[751, 375, 22, 20]",6,5922,7570.png,626,1622,16,Nguy hiểm
700,0,7571,"[748, 490, 28, 25]",6,5923,7571.png,626,1622,29,Nguy hiểm
56,0,7577,"[657, 337, 8, 7]",6,5930,7577.png,626,1622,16,Nguy hiểm
121,0,7586,"[958, 307, 11, 11]",6,5938,7586.png,626,1622,16,Nguy hiểm
20,0,7592,"[581, 266, 5, 4]",6,5955,7592.png,626,1622,28,Nguy hiểm
42,0,7592,"[589, 266, 7, 6]",6,5956,7592.png,626,1622,28,Nguy hiểm
360,0,7596,"[893, 263, 20, 18]",6,5961,7596.png,626,1622,37,Nguy hiểm
1161,0,7598,"[1345, 418, 43, 27]",6,5963,7598.png,626,1622,28,Nguy hiểm
225,0,7601,"[1199, 325, 15, 15]",6,5966,7601.png,626,1622,23,Nguy hiểm
675,0,7605,"[727, 175, 27, 25]",6,5967,7605.png,626,1622,47,Nguy hiểm
560,0,7611,"[1060, 274, 28, 20]",6,5976,7611.png,626,1622,37,Nguy hiểm
182,0,7623,"[861, 399, 14, 13]",6,5983,7623.png,626,1622,28,Nguy hiểm
30,0,7623,"[821, 408, 6, 5]",6,5984,7623.png,626,1622,28,Nguy hiểm
6624,0,7626,"[1341, 333, 92, 72]",6,5985,7626.png,626,1622,16,Nguy hiểm
80,0,7627,"[1024, 413, 10, 8]",6,5986,7627.png,626,1622,12,Nguy hiểm
483,0,7629,"[1009, 538, 23, 21]",6,5988,7629.png,626,1622,29,Nguy hiểm
63,0,7629,"[922, 540, 9, 7]",6,5989,7629.png,626,1622,29,Nguy hiểm
63,0,7629,"[921, 532, 9, 7]",6,5990,7629.png,626,1622,29,Nguy hiểm
156,0,7631,"[796, 417, 13, 12]",6,5991,7631.png,626,1622,28,Nguy hiểm
288,0,7639,"[835, 289, 18, 16]",6,5996,7639.png,626,1622,23,Nguy hiểm
90,0,7640,"[691, 245, 10, 9]",6,5997,7640.png,626,1622,47,Nguy hiểm
660,0,7658,"[1141, 336, 30, 22]",6,6009,7658.png,626,1622,36,Nguy hiểm
130,0,7660,"[611, 299, 13, 10]",6,6010,7660.png,626,1622,28,Nguy hiểm
525,0,7666,"[972, 439, 25, 21]",6,6019,7666.png,626,1622,5,Nguy hiểm
1599,0,7667,"[326, 218, 41, 39]",6,6022,7667.png,626,1622,34,Nguy hiểm
210,0,7669,"[974, 449, 15, 14]",6,6023,7669.png,626,1622,5,Nguy hiểm
104,0,7674,"[1519, 89, 13, 8]",6,6024,7674.png,626,1622,28,Nguy hiểm
154,0,7679,"[618, 352, 14, 11]",6,6027,7679.png,626,1622,16,Nguy hiểm
130,0,7684,"[715, 249, 13, 10]",6,6029,7684.png,626,1622,5,Nguy hiểm
36,0,7689,"[846, 326, 6, 6]",6,6030,7689.png,626,1622,16,Nguy hiểm
3776,0,7690,"[1117, 461, 64, 59]",6,6031,7690.png,626,1622,16,Nguy hiểm
462,0,7690,"[861, 473, 22, 21]",6,6032,7690.png,626,1622,16,Nguy hiểm
63,0,7690,"[795, 487, 7, 9]",6,6033,7690.png,626,1622,16,Nguy hiểm
1110,0,7694,"[935, 355, 37, 30]",6,6035,7694.png,626,1622,16,Nguy hiểm
1681,0,7697,"[866, 228, 41, 41]",6,6038,7697.png,626,1622,28,Nguy hiểm
1160,0,7698,"[1335, 415, 40, 29]",6,6039,7698.png,626,1622,28,Nguy hiểm
154,0,7698,"[1222, 428, 14, 11]",6,6040,7698.png,626,1622,28,Nguy hiểm
891,0,7707,"[1111, 309, 33, 27]",6,6044,7707.png,626,1622,16,Nguy hiểm
3599,0,7709,"[924, 244, 61, 59]",6,6047,7709.png,626,1622,28,Nguy hiểm
195,0,7721,"[942, 442, 15, 13]",6,6062,7721.png,626,1622,5,Nguy hiểm
608,0,7722,"[1477, 220, 32, 19]",6,6063,7722.png,626,1622,28,Nguy hiểm
117,0,7722,"[1376, 242, 13, 9]",6,6064,7722.png,626,1622,28,Nguy hiểm
121,0,7730,"[854, 352, 11, 11]",6,6067,7730.png,626,1622,15,Nguy hiểm
1410,0,7732,"[1390, 417, 47, 30]",6,6068,7732.png,626,1622,28,Nguy hiểm
567,0,7736,"[1108, 160, 27, 21]",6,6070,7736.png,626,1622,47,Nguy hiểm
621,0,7739,"[1042, 246, 27, 23]",6,6071,7739.png,626,1622,29,Nguy hiểm
1140,0,7744,"[705, 249, 38, 30]",6,6077,7744.png,626,1622,28,Nguy hiểm
143,0,7744,"[612, 261, 13, 11]",6,6078,7744.png,626,1622,28,Nguy hiểm
957,0,7747,"[873, 161, 33, 29]",6,6081,7747.png,626,1622,45,Nguy hiểm
120,0,7753,"[991, 533, 12, 10]",6,6085,7753.png,626,1622,29,Nguy hiểm
378,0,7758,"[647, 264, 21, 18]",6,6087,7758.png,626,1622,28,Nguy hiểm
90,0,7761,"[793, 457, 9, 10]",6,6088,7761.png,626,1622,5,Nguy hiểm
420,0,7762,"[848, 472, 21, 20]",6,6089,7762.png,626,1622,19,Nguy hiểm
64,0,7768,"[529, 470, 8, 8]",6,6090,7768.png,626,1622,16,Nguy hiểm
168,0,7768,"[563, 470, 14, 12]",6,6091,7768.png,626,1622,16,Nguy hiểm
1287,0,7777,"[461, 421, 39, 33]",6,6094,7777.png,626,1622,28,Nguy hiểm
72,0,7780,"[855, 475, 9, 8]",6,6097,7780.png,626,1622,12,Nguy hiểm
64,0,7780,"[855, 466, 8, 8]",6,6098,7780.png,626,1622,12,Nguy hiểm
56,0,7783,"[654, 487, 8, 7]",6,6100,7783.png,626,1622,29,Nguy hiểm
224,0,7784,"[643, 266, 16, 14]",6,6101,7784.png,626,1622,28,Nguy hiểm
616,0,7795,"[1098, 293, 28, 22]",6,6111,7795.png,626,1622,16,Nguy hiểm
460,0,7804,"[676, 193, 23, 20]",6,6121,7804.png,626,1622,47,Nguy hiểm
90,0,7806,"[852, 389, 10, 9]",6,6122,7806.png,626,1622,16,Nguy hiểm
168,0,7810,"[786, 417, 14, 12]",6,6123,7810.png,626,1622,28,Nguy hiểm
315,0,7817,"[1220, 427, 21, 15]",6,6127,7817.png,626,1622,29,Nguy hiểm
154,0,7822,"[514, 293, 14, 11]",6,6129,7822.png,626,1622,1,Nguy hiểm
812,0,7824,"[940, 329, 29, 28]",6,6131,7824.png,626,1622,16,Nguy hiểm
210,0,7825,"[937, 316, 15, 14]",6,6133,7825.png,626,1622,34,Nguy hiểm
306,0,7828,"[1087, 272, 18, 17]",6,6134,7828.png,626,1622,33,Nguy hiểm
238,0,7830,"[1201, 109, 17, 14]",6,6135,7830.png,626,1622,28,Nguy hiểm
285,0,7830,"[1222, 109, 19, 15]",6,6136,7830.png,626,1622,28,Nguy hiểm
304,0,7830,"[1244, 108, 19, 16]",6,6137,7830.png,626,1622,28,Nguy hiểm
925,0,7830,"[1521, 79, 37, 25]",6,6138,7830.png,626,1622,28,Nguy hiểm
440,0,7832,"[735, 490, 22, 20]",6,6140,7832.png,626,1622,29,Nguy hiểm
81,0,7832,"[665, 489, 9, 9]",6,6141,7832.png,626,1622,29,Nguy hiểm
440,0,7833,"[814, 405, 22, 20]",6,6142,7833.png,626,1622,28,Nguy hiểm
810,0,7837,"[1115, 437, 30, 27]",6,6149,7837.png,626,1622,5,Nguy hiểm
280,0,7841,"[1448, 418, 20, 14]",6,6150,7841.png,626,1622,28,Nguy hiểm
80,0,7841,"[1354, 427, 10, 8]",6,6151,7841.png,626,1622,28,Nguy hiểm
143,0,7848,"[626, 432, 13, 11]",6,6154,7848.png,626,1622,28,Nguy hiểm
240,0,7850,"[786, 390, 16, 15]",6,6155,7850.png,626,1622,29,Nguy hiểm
1760,0,7851,"[820, 409, 44, 40]",6,6156,7851.png,626,1622,28,Nguy hiểm
2597,0,7855,"[973, 454, 53, 49]",6,6157,7855.png,626,1622,16,Nguy hiểm
56,0,7860,"[669, 487, 8, 7]",6,6158,7860.png,626,1622,29,Nguy hiểm
13552,0,7871,"[1267, 413, 121, 112]",6,6172,7871.png,626,1622,16,Nguy hiểm
256,0,7873,"[892, 503, 16, 16]",6,6173,7873.png,626,1622,29,Nguy hiểm
63,0,7875,"[280, 434, 9, 7]",6,6177,7875.png,626,1622,12,Nguy hiểm
400,0,7877,"[873, 479, 20, 20]",6,6178,7877.png,626,1622,16,Nguy hiểm
156,0,7878,"[713, 425, 13, 12]",6,6179,7878.png,626,1622,28,Nguy hiểm
483,0,7881,"[592, 309, 23, 21]",6,6180,7881.png,626,1622,16,Nguy hiểm
143,0,7883,"[1233, 430, 13, 11]",6,6181,7883.png,626,1622,28,Nguy hiểm
210,0,7893,"[686, 487, 15, 14]",6,6185,7893.png,626,1622,29,Nguy hiểm
42,0,7893,"[645, 494, 7, 6]",6,6186,7893.png,626,1622,29,Nguy hiểm
1188,0,7908,"[932, 245, 36, 33]",6,6196,7908.png,626,1622,28,Nguy hiểm
120,0,7908,"[793, 265, 12, 10]",6,6197,7908.png,626,1622,28,Nguy hiểm
130,0,7910,"[997, 313, 13, 10]",6,6198,7910.png,626,1622,16,Nguy hiểm
120,0,7911,"[931, 440, 12, 10]",6,6199,7911.png,626,1622,12,Nguy hiểm
99,0,7911,"[931, 429, 11, 9]",6,6200,7911.png,626,1622,12,Nguy hiểm
240,0,7920,"[844, 433, 16, 15]",6,6204,7920.png,626,1622,47,Nguy hiểm
255,0,7920,"[843, 414, 17, 15]",6,6205,7920.png,626,1622,47,Nguy hiểm
130,0,7930,"[536, 377, 13, 10]",6,6206,7930.png,626,1622,12,Nguy hiểm
24375,0,7932,"[1257, 296, 125, 195]",6,6209,7932.png,626,1622,28,Nguy hiểm
143,0,7933,"[808, 337, 13, 11]",6,6211,7933.png,626,1622,16,Nguy hiểm
360,0,7939,"[679, 422, 20, 18]",6,6212,7939.png,626,1622,47,Nguy hiểm
1892,0,7947,"[679, 227, 44, 43]",6,6216,7947.png,626,1622,34,Nguy hiểm
1120,0,7949,"[748, 403, 35, 32]",6,6218,7949.png,626,1622,28,Nguy hiểm
80,0,7949,"[631, 424, 10, 8]",6,6219,7949.png,626,1622,28,Nguy hiểm
1312,0,7953,"[1051, 317, 41, 32]",6,6220,7953.png,626,1622,16,Nguy hiểm
500,0,7955,"[639, 402, 25, 20]",6,6221,7955.png,626,1622,28,Nguy hiểm
3276,0,7956,"[1070, 186, 63, 52]",6,6222,7956.png,626,1622,47,Nguy hiểm
700,0,7959,"[892, 180, 28, 25]",6,6224,7959.png,626,1622,52,Nguy hiểm
806,0,7961,"[1001, 204, 31, 26]",6,6226,7961.png,626,1622,36,Nguy hiểm
837,0,7961,"[1002, 167, 31, 27]",6,6227,7961.png,626,1622,36,Nguy hiểm
625,0,7961,"[405, 177, 25, 25]",6,6230,7961.png,626,1622,36,Nguy hiểm
1554,0,7967,"[879, 384, 42, 37]",6,6232,7967.png,626,1622,28,Nguy hiểm
168,0,7967,"[791, 409, 14, 12]",6,6233,7967.png,626,1622,28,Nguy hiểm
72,0,7967,"[773, 425, 9, 8]",6,6234,7967.png,626,1622,28,Nguy hiểm
575,0,7969,"[614, 447, 25, 23]",6,6235,7969.png,626,1622,16,Nguy hiểm
12700,0,7980,"[1435, 203, 127, 100]",6,6240,7980.png,626,1622,16,Nguy hiểm
3828,0,7981,"[553, 178, 66, 58]",6,6241,7981.png,626,1622,36,Nguy hiểm
621,0,7985,"[1064, 131, 27, 23]",6,6244,7985.png,626,1622,28,Nguy hiểm
196,0,7985,"[1028, 138, 14, 14]",6,6245,7985.png,626,1622,28,Nguy hiểm
81,0,7986,"[807, 408, 9, 9]",6,6248,7986.png,626,1622,28,Nguy hiểm
90,0,7991,"[630, 402, 10, 9]",6,6249,7991.png,626,1622,16,Nguy hiểm
9476,0,7992,"[1241, 252, 92, 103]",6,6250,7992.png,626,1622,16,Nguy hiểm
304,0,7993,"[757, 311, 19, 16]",6,6251,7993.png,626,1622,16,Nguy hiểm
25,0,7993,"[642, 325, 5, 5]",6,6252,7993.png,626,1622,16,Nguy hiểm
3660,0,7994,"[910, 222, 60, 61]",6,6253,7994.png,626,1622,28,Nguy hiểm
272,0,8000,"[708, 433, 17, 16]",6,6256,8000.png,626,1622,28,Nguy hiểm
42,0,8002,"[862, 367, 7, 6]",6,6257,8002.png,626,1622,19,Nguy hiểm
143,0,8008,"[697, 438, 13, 11]",6,6258,8008.png,626,1622,28,Nguy hiểm
81,0,8008,"[686, 440, 9, 9]",6,6259,8008.png,626,1622,28,Nguy hiểm
80,0,8010,"[696, 321, 10, 8]",6,6262,8010.png,626,1622,16,Nguy hiểm
25,0,8010,"[663, 324, 5, 5]",6,6263,8010.png,626,1622,16,Nguy hiểm
588,0,8029,"[326, 257, 28, 21]",6,6266,8029.png,626,1622,45,Nguy hiểm
336,0,8030,"[1020, 310, 21, 16]",6,6267,8030.png,626,1622,16,Nguy hiểm
960,0,8033,"[1538, 136, 40, 24]",6,6270,8033.png,626,1622,28,Nguy hiểm
117,0,8040,"[1425, 147, 13, 9]",6,6273,8040.png,626,1622,28,Nguy hiểm
169,0,8041,"[824, 315, 13, 13]",6,6274,8041.png,626,1622,16,Nguy hiểm
1890,0,8048,"[1340, 172, 54, 35]",6,6278,8048.png,626,1622,47,Nguy hiểm
48,0,8059,"[791, 341, 8, 6]",6,6281,8059.png,626,1622,16,Nguy hiểm
238,0,8061,"[618, 439, 17, 14]",6,6282,8061.png,626,1622,16,Nguy hiểm
952,0,8063,"[903, 392, 34, 28]",6,6283,8063.png,626,1622,29,Nguy hiểm
616,0,8065,"[1035, 426, 28, 22]",6,6284,8065.png,626,1622,5,Nguy hiểm
2655,0,8065,"[1204, 326, 59, 45]",6,6285,8065.png,626,1622,5,Nguy hiểm
273,0,8082,"[807, 239, 13, 21]",6,6291,8082.png,626,1622,52,Nguy hiểm
110,0,8084,"[826, 339, 11, 10]",6,6293,8084.png,626,1622,16,Nguy hiểm
7035,0,8085,"[1433, 75, 105, 67]",6,6294,8085.png,626,1622,22,Nguy hiểm
224,0,8086,"[711, 509, 16, 14]",6,6296,8086.png,626,1622,16,Nguy hiểm
3009,0,8090,"[1055, 292, 59, 51]",6,6298,8090.png,626,1622,5,Nguy hiểm
56,0,8091,"[666, 339, 8, 7]",6,6299,8091.png,626,1622,47,Nguy hiểm
255,0,8095,"[354, 424, 17, 15]",6,6301,8095.png,626,1622,28,Nguy hiểm
221,0,8103,"[857, 283, 17, 13]",6,6305,8103.png,626,1622,33,Nguy hiểm
460,0,8105,"[545, 321, 23, 20]",6,6306,8105.png,626,1622,16,Nguy hiểm
4154,0,8106,"[698, 379, 67, 62]",6,6307,8106.png,626,1622,28,Nguy hiểm
1190,0,8109,"[1177, 336, 34, 35]",6,6308,8109.png,626,1622,29,Nguy hiểm
225,0,8118,"[516, 418, 15, 15]",6,6313,8118.png,626,1622,28,Nguy hiểm
195,0,8135,"[871, 362, 15, 13]",6,6328,8135.png,626,1622,16,Nguy hiểm
342,0,8138,"[703, 311, 19, 18]",6,6332,8138.png,626,1622,23,Nguy hiểm
180,0,8139,"[745, 361, 15, 12]",6,6333,8139.png,626,1622,47,Nguy hiểm
638,0,8143,"[1334, 408, 29, 22]",6,6334,8143.png,626,1622,12,Nguy hiểm
6716,0,8146,"[1164, 134, 92, 73]",6,6335,8146.png,626,1622,36,Nguy hiểm
7372,0,8146,"[1171, 41, 97, 76]",6,6336,8146.png,626,1622,36,Nguy hiểm
176,0,8150,"[1477, 106, 16, 11]",6,6340,8150.png,626,1622,28,Nguy hiểm
165,0,8150,"[1474, 119, 15, 11]",6,6341,8150.png,626,1622,28,Nguy hiểm
30,0,8153,"[641, 367, 6, 5]",6,6342,8153.png,626,1622,19,Nguy hiểm
378,0,8155,"[1035, 83, 21, 18]",6,6343,8155.png,626,1622,28,Nguy hiểm
3969,0,8157,"[895, 389, 63, 63]",6,6346,8157.png,626,1622,28,Nguy hiểm
380,0,8162,"[1010, 417, 20, 19]",6,6348,8162.png,626,1622,28,Nguy hiểm
42,0,8162,"[966, 432, 7, 6]",6,6349,8162.png,626,1622,28,Nguy hiểm
180,0,8171,"[695, 439, 15, 12]",6,6355,8171.png,626,1622,28,Nguy hiểm
120,0,8176,"[914, 367, 12, 10]",6,6356,8176.png,626,1622,16,Nguy hiểm
1056,0,8178,"[966, 423, 33, 32]",6,6357,8178.png,626,1622,5,Nguy hiểm
21593,0,8181,"[1250, 337, 151, 143]",6,6358,8181.png,626,1622,28,Nguy hiểm
49,0,8181,"[681, 434, 7, 7]",6,6359,8181.png,626,1622,28,Nguy hiểm
99,0,8181,"[697, 430, 11, 9]",6,6360,8181.png,626,1622,28,Nguy hiểm
108,0,8183,"[1449, 124, 12, 9]",6,6363,8183.png,626,1622,28,Nguy hiểm
121,0,8188,"[885, 321, 11, 11]",6,6375,8188.png,626,1622,16,Nguy hiểm
120,0,8191,"[867, 417, 12, 10]",6,6378,8191.png,626,1622,28,Nguy hiểm
132,0,8191,"[868, 402, 11, 12]",6,6379,8191.png,626,1622,28,Nguy hiểm
56,0,8191,"[861, 409, 8, 7]",6,6380,8191.png,626,1622,28,Nguy hiểm
108,0,8194,"[614, 281, 12, 9]",6,6382,8194.png,626,1622,28,Nguy hiểm
30,0,8194,"[581, 287, 6, 5]",6,6383,8194.png,626,1622,28,Nguy hiểm
80,0,8195,"[474, 368, 10, 8]",6,6384,8195.png,626,1622,53,Nguy hiểm
56,0,8195,"[832, 368, 8, 7]",6,6387,8195.png,626,1622,53,Nguy hiểm
483,0,8197,"[722, 525, 23, 21]",6,6394,8197.png,626,1622,29,Nguy hiểm
288,0,8198,"[647, 342, 18, 16]",6,6395,8198.png,626,1622,5,Nguy hiểm
1849,0,8200,"[768, 255, 43, 43]",6,6396,8200.png,626,1622,28,Nguy hiểm
1722,0,8202,"[872, 145, 42, 41]",6,6398,8202.png,626,1622,47,Nguy hiểm
575,0,8203,"[866, 197, 25, 23]",6,6399,8203.png,626,1622,18,Nguy hiểm
208,0,8210,"[841, 203, 16, 13]",6,6404,8210.png,626,1622,7,Nguy hiểm
143,0,8211,"[775, 240, 13, 11]",6,6405,8211.png,626,1622,5,Nguy hiểm
840,0,8218,"[1080, 311, 28, 30]",6,6408,8218.png,626,1622,16,Nguy hiểm
198,0,8232,"[1215, 388, 11, 18]",6,6420,8232.png,626,1622,16,Nguy hiểm
49,0,8245,"[1069, 420, 7, 7]",6,6422,8245.png,626,1622,12,Nguy hiểm
1978,0,8254,"[1150, 313, 46, 43]",6,6430,8254.png,626,1622,16,Nguy hiểm
26775,0,8256,"[1160, 149, 153, 175]",6,6431,8256.png,626,1622,47,Nguy hiểm
775,0,8258,"[818, 227, 31, 25]",6,6434,8258.png,626,1622,52,Nguy hiểm
7462,0,8263,"[832, 374, 91, 82]",6,6442,8263.png,626,1622,28,Nguy hiểm
132,0,8265,"[976, 536, 12, 11]",6,6445,8265.png,626,1622,29,Nguy hiểm
460,0,8272,"[721, 385, 23, 20]",6,6448,8272.png,626,1622,16,Nguy hiểm
48,0,8276,"[610, 389, 8, 6]",6,6449,8276.png,626,1622,16,Nguy hiểm
240,0,8280,"[825, 330, 16, 15]",6,6451,8280.png,626,1622,16,Nguy hiểm
1599,0,8302,"[1087, 358, 41, 39]",6,6457,8302.png,626,1622,28,Nguy hiểm
100,0,8304,"[761, 257, 10, 10]",6,6459,8304.png,626,1622,28,Nguy hiểm
1184,0,8309,"[1085, 108, 37, 32]",6,6461,8309.png,626,1622,28,Nguy hiểm
2009,0,8313,"[977, 320, 49, 41]",6,6467,8313.png,626,1622,36,Nguy hiểm
81,0,8326,"[665, 487, 9, 9]",6,6470,8326.png,626,1622,29,Nguy hiểm
4428,0,8327,"[1362, 571, 82, 54]",6,6471,8327.png,626,1622,36,Nguy hiểm
2088,0,8327,"[1496, 589, 58, 36]",6,6472,8327.png,626,1622,36,Nguy hiểm
552,0,8347,"[809, 325, 24, 23]",6,6479,8347.png,626,1622,16,Nguy hiểm
170,0,8348,"[1428, 68, 17, 10]",6,6480,8348.png,626,1622,28,Nguy hiểm
36,0,8349,"[678, 436, 6, 6]",6,6481,8349.png,626,1622,28,Nguy hiểm
272,0,8354,"[774, 175, 17, 16]",6,6482,8354.png,626,1622,53,Nguy hiểm
360,0,8357,"[648, 280, 20, 18]",6,6483,8357.png,626,1622,28,Nguy hiểm
550,0,8359,"[851, 261, 25, 22]",6,6484,8359.png,626,1622,8,Nguy hiểm
256,0,8360,"[683, 522, 16, 16]",6,6485,8360.png,626,1622,29,Nguy hiểm
90,0,8373,"[627, 251, 10, 9]",6,6492,8373.png,626,1622,52,Nguy hiểm
288,0,8374,"[624, 426, 18, 16]",6,6493,8374.png,626,1622,28,Nguy hiểm
483,0,8376,"[953, 341, 23, 21]",6,6496,8376.png,626,1622,16,Nguy hiểm
180,0,8384,"[920, 288, 15, 12]",6,6498,8384.png,626,1622,5,Nguy hiểm
272,0,8385,"[761, 338, 17, 16]",6,6499,8385.png,626,1622,5,Nguy hiểm
870,0,8388,"[822, 374, 30, 29]",6,6500,8388.png,626,1622,47,Nguy hiểm
4420,0,8391,"[936, 318, 68, 65]",6,6501,8391.png,626,1622,16,Nguy hiểm
8930,0,8395,"[1301, 461, 94, 95]",6,6502,8395.png,626,1622,16,Nguy hiểm
462,0,8400,"[398, 238, 21, 22]",6,6503,8400.png,626,1622,34,Nguy hiểm
414,0,8400,"[401, 266, 18, 23]",6,6504,8400.png,626,1622,34,Nguy hiểm
63,0,8411,"[882, 255, 9, 7]",6,6506,8411.png,626,1622,29,Nguy hiểm
64,0,8415,"[866, 325, 8, 8]",6,6507,8415.png,626,1622,16,Nguy hiểm
56,0,8418,"[690, 279, 8, 7]",6,6509,8418.png,626,1622,28,Nguy hiểm
5740,0,8431,"[1064, 210, 82, 70]",6,6516,8431.png,626,1622,28,Nguy hiểm
525,0,8431,"[892, 252, 25, 21]",6,6517,8431.png,626,1622,28,Nguy hiểm
210,0,8456,"[632, 218, 14, 15]",6,6528,8456.png,626,1622,5,Nguy hiểm
460,0,8460,"[775, 405, 23, 20]",6,6534,8460.png,626,1622,28,Nguy hiểm
8200,0,8463,"[1385, 323, 100, 82]",6,6540,8463.png,626,1622,28,Nguy hiểm
49,0,8469,"[762, 378, 7, 7]",6,6541,8469.png,626,1622,47,Nguy hiểm
240,0,8488,"[792, 111, 16, 15]",6,6546,8488.png,626,1622,22,Nguy hiểm
48,0,8496,"[799, 342, 8, 6]",6,6553,8496.png,626,1622,16,Nguy hiểm
1320,0,8500,"[1187, 535, 40, 33]",6,6557,8500.png,626,1622,29,Nguy hiểm
130,0,8506,"[904, 375, 13, 10]",6,6562,8506.png,626,1622,28,Nguy hiểm
143,0,8506,"[904, 363, 13, 11]",6,6563,8506.png,626,1622,28,Nguy hiểm
120,0,8506,"[904, 351, 12, 10]",6,6564,8506.png,626,1622,28,Nguy hiểm
682,0,8507,"[1520, 113, 31, 22]",6,6568,8507.png,626,1622,28,Nguy hiểm
616,0,8511,"[604, 411, 28, 22]",6,6571,8511.png,626,1622,28,Nguy hiểm
180,0,8516,"[776, 206, 15, 12]",6,6575,8516.png,626,1622,7,Nguy hiểm
140,0,8519,"[931, 448, 14, 10]",6,6576,8519.png,626,1622,5,Nguy hiểm
70,0,8520,"[959, 272, 10, 7]",6,6582,8520.png,626,1622,33,Nguy hiểm
25,0,8520,"[864, 273, 5, 5]",6,6584,8520.png,626,1622,33,Nguy hiểm
288,0,8524,"[828, 537, 16, 18]",6,6585,8524.png,626,1622,29,Nguy hiểm
63,0,8524,"[761, 543, 7, 9]",6,6586,8524.png,626,1622,29,Nguy hiểm
56,0,8524,"[752, 544, 8, 7]",6,6587,8524.png,626,1622,29,Nguy hiểm
154,0,8528,"[880, 506, 14, 11]",6,6588,8528.png,626,1622,29,Nguy hiểm
143,0,8528,"[881, 506, 13, 11]",6,9994,8528.png,626,1622,29,Nguy hiểm
80,0,8540,"[814, 364, 10, 8]",6,6596,8540.png,626,1622,16,Nguy hiểm
2040,0,8553,"[1139, 338, 51, 40]",6,6600,8553.png,626,1622,16,Nguy hiểm
648,0,8554,"[743, 407, 27, 24]",6,6601,8554.png,626,1622,28,Nguy hiểm
572,0,8554,"[743, 408, 26, 22]",6,8094,8554.png,626,1622,28,Nguy hiểm
650,0,8554,"[743, 406, 26, 25]",6,8279,8554.png,626,1622,28,Nguy hiểm
550,0,8554,"[744, 408, 25, 22]",6,8734,8554.png,626,1622,28,Nguy hiểm
1680,0,8571,"[804, 271, 42, 40]",6,6610,8571.png,626,1622,47,Nguy hiểm
1443,0,8571,"[806, 273, 39, 37]",6,7302,8571.png,626,1622,47,Nguy hiểm
1716,0,8571,"[804, 272, 44, 39]",6,7849,8571.png,626,1622,47,Nguy hiểm
1558,0,8571,"[807, 272, 41, 38]",6,8060,8571.png,626,1622,47,Nguy hiểm
1634,0,8575,"[790, 412, 43, 38]",6,6613,8575.png,626,1622,28,Nguy hiểm
992,0,8577,"[724, 414, 32, 31]",6,6615,8577.png,626,1622,28,Nguy hiểm
900,0,8577,"[725, 415, 30, 30]",6,7020,8577.png,626,1622,28,Nguy hiểm
840,0,8577,"[725, 417, 30, 28]",6,9031,8577.png,626,1622,28,Nguy hiểm
256,0,8581,"[717, 414, 16, 16]",6,6617,8581.png,626,1622,16,Nguy hiểm
378,0,8581,"[716, 413, 21, 18]",6,7167,8581.png,626,1622,16,Nguy hiểm
1978,0,8599,"[877, 198, 43, 46]",6,6620,8599.png,626,1622,52,Nguy hiểm
1677,0,8599,"[881, 201, 39, 43]",6,9176,8599.png,626,1622,52,Nguy hiểm
108,0,8611,"[586, 457, 12, 9]",6,6624,8611.png,626,1622,16,Nguy hiểm
110,0,8611,"[587, 457, 11, 10]",6,7569,8611.png,626,1622,16,Nguy hiểm
460,0,8614,"[745, 531, 23, 20]",6,6625,8614.png,626,1622,29,Nguy hiểm
420,0,8614,"[746, 531, 21, 20]",6,8707,8614.png,626,1622,29,Nguy hiểm
288,0,8615,"[646, 352, 18, 16]",6,6626,8615.png,626,1622,16,Nguy hiểm
342,0,8615,"[646, 350, 19, 18]",6,8953,8615.png,626,1622,16,Nguy hiểm
324,0,8615,"[646, 351, 18, 18]",6,10206,8615.png,626,1622,16,Nguy hiểm
2257,0,8622,"[1449, 403, 61, 37]",6,6636,8622.png,626,1622,28,Nguy hiểm
143,0,8630,"[912, 219, 13, 11]",6,8145,8630.png,626,1622,45,Nguy hiểm
702,0,8633,"[765, 337, 27, 26]",6,6642,8633.png,626,1622,16,Nguy hiểm
132,0,8636,"[730, 307, 12, 11]",6,6645,8636.png,626,1622,16,Nguy hiểm
154,0,8638,"[678, 333, 14, 11]",6,6646,8638.png,626,1622,47,Nguy hiểm
42,0,8640,"[920, 311, 6, 7]",6,6648,8640.png,626,1622,16,Nguy hiểm
30,0,8640,"[920, 312, 6, 5]",6,8099,8640.png,626,1622,16,Nguy hiểm
532,0,8641,"[1471, 82, 28, 19]",6,6649,8641.png,626,1622,28,Nguy hiểm
532,0,8641,"[1471, 82, 28, 19]",6,7740,8641.png,626,1622,28,Nguy hiểm
450,0,8641,"[1472, 83, 25, 18]",6,9205,8641.png,626,1622,28,Nguy hiểm
117,0,8650,"[1129, 411, 13, 9]",6,6656,8650.png,626,1622,12,Nguy hiểm
130,0,8650,"[1130, 410, 13, 10]",6,7568,8650.png,626,1622,12,Nguy hiểm
2058,0,8663,"[943, 282, 49, 42]",6,6660,8663.png,626,1622,16,Nguy hiểm
483,0,8675,"[834, 223, 23, 21]",6,6664,8675.png,626,1622,5,Nguy hiểm
143,0,8685,"[670, 202, 13, 11]",6,6674,8685.png,626,1622,5,Nguy hiểm
143,0,8685,"[669, 203, 13, 11]",6,7099,8685.png,626,1622,5,Nguy hiểm
144,0,8685,"[670, 202, 12, 12]",6,7624,8685.png,626,1622,5,Nguy hiểm
143,0,8685,"[670, 203, 13, 11]",6,8596,8685.png,626,1622,5,Nguy hiểm
132,0,8685,"[671, 203, 12, 11]",6,9144,8685.png,626,1622,5,Nguy hiểm
132,0,8685,"[670, 203, 12, 11]",6,9751,8685.png,626,1622,5,Nguy hiểm
63,0,8688,"[1431, 133, 9, 7]",6,6676,8688.png,626,1622,28,Nguy hiểm
160,0,8688,"[1461, 125, 16, 10]",6,6677,8688.png,626,1622,28,Nguy hiểm
924,0,8688,"[1531, 111, 42, 22]",6,6678,8688.png,626,1622,28,Nguy hiểm
1066,0,8688,"[1542, 84, 41, 26]",6,6679,8688.png,626,1622,28,Nguy hiểm
1260,0,8688,"[1543, 80, 42, 30]",6,7362,8688.png,626,1622,28,Nguy hiểm
989,0,8688,"[1532, 110, 43, 23]",6,7363,8688.png,626,1622,28,Nguy hiểm
150,0,8688,"[1461, 124, 15, 10]",6,7364,8688.png,626,1622,28,Nguy hiểm
63,0,8688,"[1431, 132, 9, 7]",6,7365,8688.png,626,1622,28,Nguy hiểm
121,0,8694,"[905, 301, 11, 11]",6,6680,8694.png,626,1622,23,Nguy hiểm
143,0,8694,"[906, 300, 11, 13]",6,10203,8694.png,626,1622,23,Nguy hiểm
80,0,8702,"[686, 432, 10, 8]",6,6683,8702.png,626,1622,28,Nguy hiểm
56,0,8702,"[688, 433, 8, 7]",6,7085,8702.png,626,1622,28,Nguy hiểm
72,0,8702,"[687, 433, 9, 8]",6,7901,8702.png,626,1622,28,Nguy hiểm
63,0,8702,"[687, 434, 9, 7]",6,8606,8702.png,626,1622,28,Nguy hiểm
345,0,8707,"[1469, 130, 23, 15]",6,6684,8707.png,626,1622,28,Nguy hiểm
368,0,8707,"[1469, 130, 23, 16]",6,7485,8707.png,626,1622,28,Nguy hiểm
322,0,8707,"[1469, 131, 23, 14]",6,7902,8707.png,626,1622,28,Nguy hiểm
360,0,8707,"[1469, 131, 24, 15]",6,8014,8707.png,626,1622,28,Nguy hiểm
322,0,8707,"[1469, 131, 23, 14]",6,8722,8707.png,626,1622,28,Nguy hiểm
7719,0,8708,"[1055, 186, 83, 93]",6,6685,8708.png,626,1622,47,Nguy hiểm
6853,0,8708,"[1059, 188, 77, 89]",6,10132,8708.png,626,1622,47,Nguy hiểm
99,0,8712,"[674, 491, 11, 9]",6,6686,8712.png,626,1622,29,Nguy hiểm
36,0,8712,"[645, 493, 6, 6]",6,6687,8712.png,626,1622,29,Nguy hiểm
72,0,8712,"[675, 492, 9, 8]",6,9851,8712.png,626,1622,29,Nguy hiểm
35,0,8712,"[645, 493, 7, 5]",6,9852,8712.png,626,1622,29,Nguy hiểm
255,0,8713,"[915, 388, 17, 15]",6,6688,8713.png,626,1622,16,Nguy hiểm
238,0,8713,"[915, 389, 17, 14]",6,8835,8713.png,626,1622,16,Nguy hiểm
3584,0,8718,"[930, 380, 64, 56]",6,6690,8718.png,626,1622,28,Nguy hiểm
3190,0,8718,"[934, 380, 58, 55]",6,10609,8718.png,626,1622,28,Nguy hiểm
42,0,8719,"[594, 261, 7, 6]",6,6691,8719.png,626,1622,28,Nguy hiểm
156,0,8719,"[618, 258, 13, 12]",6,6692,8719.png,626,1622,28,Nguy hiểm
2862,0,8720,"[990, 297, 54, 53]",6,6693,8720.png,626,1622,16,Nguy hiểm
2400,0,8720,"[993, 299, 48, 50]",6,10485,8720.png,626,1622,16,Nguy hiểm
2350,0,8720,"[994, 298, 47, 50]",6,10646,8720.png,626,1622,16,Nguy hiểm
6035,0,8721,"[1269, 99, 85, 71]",6,6694,8721.png,626,1622,28,Nguy hiểm
63,0,8721,"[989, 133, 9, 7]",6,6698,8721.png,626,1622,28,Nguy hiểm
5808,0,8721,"[1271, 101, 88, 66]",6,8282,8721.png,626,1622,28,Nguy hiểm
30,0,8721,"[974, 131, 5, 6]",6,8286,8721.png,626,1622,28,Nguy hiểm
70,0,8721,"[989, 133, 10, 7]",6,8287,8721.png,626,1622,28,Nguy hiểm
143,0,8723,"[610, 274, 13, 11]",6,6699,8723.png,626,1622,28,Nguy hiểm
144,0,8723,"[611, 274, 12, 12]",6,10319,8723.png,626,1622,28,Nguy hiểm
120,0,8726,"[610, 443, 12, 10]",6,6702,8726.png,626,1622,16,Nguy hiểm
143,0,8726,"[609, 443, 13, 11]",6,10571,8726.png,626,1622,16,Nguy hiểm
480,0,8730,"[536, 273, 24, 20]",6,6703,8730.png,626,1622,1,Nguy hiểm
456,0,8730,"[536, 274, 24, 19]",6,10476,8730.png,626,1622,1,Nguy hiểm
154,0,8738,"[1132, 435, 14, 11]",6,6704,8738.png,626,1622,28,Nguy hiểm
208,0,8738,"[1132, 434, 16, 13]",6,8204,8738.png,626,1622,28,Nguy hiểm
1692,0,8738,"[1289, 412, 47, 36]",6,8205,8738.png,626,1622,28,Nguy hiểm
180,0,8738,"[1133, 434, 15, 12]",6,9491,8738.png,626,1622,28,Nguy hiểm
1485,0,8738,"[1291, 415, 45, 33]",6,9492,8738.png,626,1622,28,Nguy hiểm
180,0,8738,"[1132, 433, 15, 12]",6,10502,8738.png,626,1622,28,Nguy hiểm
1485,0,8738,"[1292, 416, 45, 33]",6,10503,8738.png,626,1622,28,Nguy hiểm
72,0,8754,"[762, 480, 9, 8]",6,6712,8754.png,626,1622,19,Nguy hiểm
1560,0,8755,"[979, 253, 40, 39]",6,6713,8755.png,626,1622,28,Nguy hiểm
72,0,8755,"[710, 288, 8, 9]",6,6714,8755.png,626,1622,28,Nguy hiểm
1480,0,8755,"[978, 257, 40, 37]",6,8114,8755.png,626,1622,28,Nguy hiểm
72,0,8755,"[710, 288, 9, 8]",6,8115,8755.png,626,1622,28,Nguy hiểm
1476,0,8755,"[979, 256, 41, 36]",6,10583,8755.png,626,1622,28,Nguy hiểm
63,0,8755,"[710, 289, 9, 7]",6,10584,8755.png,626,1622,28,Nguy hiểm
99,0,8756,"[827, 208, 11, 9]",6,6715,8756.png,626,1622,7,Nguy hiểm
506,0,8761,"[679, 345, 23, 22]",6,6717,8761.png,626,1622,16,Nguy hiểm
418,0,8761,"[679, 347, 22, 19]",6,9183,8761.png,626,1622,16,Nguy hiểm
378,0,8761,"[680, 347, 21, 18]",6,10134,8761.png,626,1622,16,Nguy hiểm
100,0,8763,"[685, 438, 10, 10]",6,6718,8763.png,626,1622,28,Nguy hiểm
100,0,8763,"[685, 438, 10, 10]",6,9478,8763.png,626,1622,28,Nguy hiểm
1845,0,8764,"[894, 384, 45, 41]",6,6719,8764.png,626,1622,28,Nguy hiểm
1755,0,8764,"[895, 384, 45, 39]",6,9333,8764.png,626,1622,28,Nguy hiểm
1634,0,8764,"[895, 385, 43, 38]",6,9876,8764.png,626,1622,28,Nguy hiểm
1008,0,8766,"[1559, 375, 42, 24]",6,6720,8766.png,626,1622,5,Nguy hiểm
1100,0,8766,"[1560, 376, 44, 25]",6,7803,8766.png,626,1622,5,Nguy hiểm
975,0,8766,"[1564, 376, 39, 25]",6,7984,8766.png,626,1622,5,Nguy hiểm
1288,0,8766,"[1558, 374, 46, 28]",6,8353,8766.png,626,1622,5,Nguy hiểm
528,0,8768,"[962, 394, 24, 22]",6,9507,8768.png,626,1622,36,Nguy hiểm
378,0,8768,"[938, 393, 21, 18]",6,9508,8768.png,626,1622,36,Nguy hiểm
420,0,8768,"[916, 389, 21, 20]",6,9509,8768.png,626,1622,36,Nguy hiểm
3894,0,8771,"[1178, 336, 66, 59]",6,6724,8771.png,626,1622,5,Nguy hiểm
64,0,8772,"[860, 263, 8, 8]",6,6726,8772.png,626,1622,16,Nguy hiểm
56,0,8773,"[581, 253, 8, 7]",6,6729,8773.png,626,1622,18,Nguy hiểm
56,0,8773,"[582, 253, 8, 7]",6,7130,8773.png,626,1622,18,Nguy hiểm
80,0,8773,"[581, 253, 10, 8]",6,9078,8773.png,626,1622,18,Nguy hiểm
1120,0,8780,"[924, 359, 35, 32]",6,6732,8780.png,626,1622,28,Nguy hiểm
990,0,8780,"[925, 361, 33, 30]",6,7463,8780.png,626,1622,28,Nguy hiểm
100,0,8782,"[777, 251, 10, 10]",6,6733,8782.png,626,1622,5,Nguy hiểm
88,0,8782,"[777, 253, 11, 8]",6,7012,8782.png,626,1622,5,Nguy hiểm
108,0,8782,"[776, 251, 12, 9]",6,8440,8782.png,626,1622,5,Nguy hiểm
80,0,8782,"[777, 253, 10, 8]",6,9950,8782.png,626,1622,5,Nguy hiểm
272,0,8784,"[678, 325, 17, 16]",6,6734,8784.png,626,1622,47,Nguy hiểm
224,0,8784,"[678, 326, 16, 14]",6,7623,8784.png,626,1622,47,Nguy hiểm
240,0,8784,"[678, 326, 16, 15]",6,8390,8784.png,626,1622,47,Nguy hiểm
238,0,8784,"[678, 326, 17, 14]",6,9586,8784.png,626,1622,47,Nguy hiểm
143,0,8785,"[1014, 535, 13, 11]",6,6735,8785.png,626,1622,29,Nguy hiểm
110,0,8785,"[1016, 536, 11, 10]",6,8281,8785.png,626,1622,29,Nguy hiểm
90,0,8785,"[1015, 536, 10, 9]",6,9220,8785.png,626,1622,29,Nguy hiểm
110,0,8785,"[1015, 535, 11, 10]",6,10052,8785.png,626,1622,29,Nguy hiểm
672,0,8794,"[942, 413, 28, 24]",6,6738,8794.png,626,1622,12,Nguy hiểm
120,0,8794,"[840, 420, 12, 10]",6,6739,8794.png,626,1622,12,Nguy hiểm
572,0,8794,"[943, 414, 26, 22]",6,7047,8794.png,626,1622,12,Nguy hiểm
88,0,8794,"[841, 421, 11, 8]",6,7048,8794.png,626,1622,12,Nguy hiểm
621,0,8794,"[943, 413, 27, 23]",6,7814,8794.png,626,1622,12,Nguy hiểm
600,0,8794,"[974, 414, 25, 24]",6,7815,8794.png,626,1622,12,Nguy hiểm
99,0,8794,"[841, 421, 11, 9]",6,7816,8794.png,626,1622,12,Nguy hiểm
616,0,8794,"[942, 414, 28, 22]",6,7979,8794.png,626,1622,12,Nguy hiểm
528,0,8794,"[974, 416, 24, 22]",6,7980,8794.png,626,1622,12,Nguy hiểm
81,0,8794,"[842, 420, 9, 9]",6,7981,8794.png,626,1622,12,Nguy hiểm
88,0,8798,"[832, 280, 8, 11]",6,7880,8798.png,626,1622,8,Nguy hiểm
525,0,8802,"[864, 228, 25, 21]",6,6742,8802.png,626,1622,28,Nguy hiểm
110,0,8802,"[832, 265, 11, 10]",6,6743,8802.png,626,1622,28,Nguy hiểm
64,0,8802,"[825, 267, 8, 8]",6,6744,8802.png,626,1622,28,Nguy hiểm
572,0,8802,"[863, 227, 26, 22]",6,6936,8802.png,626,1622,28,Nguy hiểm
64,0,8802,"[825, 267, 8, 8]",6,6937,8802.png,626,1622,28,Nguy hiểm
110,0,8802,"[834, 265, 10, 11]",6,6938,8802.png,626,1622,28,Nguy hiểm
506,0,8802,"[864, 227, 23, 22]",6,7705,8802.png,626,1622,28,Nguy hiểm
110,0,8802,"[833, 266, 11, 10]",6,7706,8802.png,626,1622,28,Nguy hiểm
49,0,8802,"[826, 267, 7, 7]",6,7707,8802.png,626,1622,28,Nguy hiểm
672,0,8802,"[862, 226, 28, 24]",6,8874,8802.png,626,1622,28,Nguy hiểm
132,0,8802,"[833, 265, 12, 11]",6,8875,8802.png,626,1622,28,Nguy hiểm
72,0,8802,"[825, 267, 9, 8]",6,8876,8802.png,626,1622,28,Nguy hiểm
99,0,8804,"[903, 360, 11, 9]",6,6745,8804.png,626,1622,16,Nguy hiểm
99,0,8804,"[903, 359, 11, 9]",6,6950,8804.png,626,1622,16,Nguy hiểm
99,0,8804,"[903, 359, 11, 9]",6,8157,8804.png,626,1622,16,Nguy hiểm
90,0,8804,"[902, 359, 10, 9]",6,8536,8804.png,626,1622,16,Nguy hiểm
90,0,8816,"[877, 397, 10, 9]",6,6753,8816.png,626,1622,12,Nguy hiểm
64,0,8816,"[877, 397, 8, 8]",6,7941,8816.png,626,1622,12,Nguy hiểm
90,0,8823,"[919, 355, 10, 9]",6,6754,8823.png,626,1622,16,Nguy hiểm
143,0,8823,"[919, 354, 13, 11]",6,9296,8823.png,626,1622,16,Nguy hiểm
1292,0,8827,"[1048, 234, 38, 34]",6,6755,8827.png,626,1622,29,Nguy hiểm
1480,0,8827,"[1048, 231, 40, 37]",6,6957,8827.png,626,1622,29,Nguy hiểm
1254,0,8827,"[1050, 234, 38, 33]",6,7355,8827.png,626,1622,29,Nguy hiểm
1520,0,8827,"[1049, 233, 40, 38]",6,8203,8827.png,626,1622,29,Nguy hiểm
1116,0,8827,"[1051, 236, 36, 31]",6,9166,8827.png,626,1622,29,Nguy hiểm
120,0,8833,"[856, 283, 12, 10]",6,6756,8833.png,626,1622,28,Nguy hiểm
48,0,8833,"[828, 285, 8, 6]",6,6757,8833.png,626,1622,28,Nguy hiểm
1892,0,8836,"[1171, 306, 43, 44]",6,6758,8836.png,626,1622,16,Nguy hiểm
2496,0,8836,"[1202, 303, 52, 48]",6,6759,8836.png,626,1622,16,Nguy hiểm
56,0,8836,"[789, 366, 8, 7]",6,6760,8836.png,626,1622,16,Nguy hiểm
42,0,8839,"[607, 301, 7, 6]",6,6762,8839.png,626,1622,16,Nguy hiểm
42,0,8839,"[606, 301, 7, 6]",6,7379,8839.png,626,1622,16,Nguy hiểm
520,0,8847,"[1120, 328, 26, 20]",6,6765,8847.png,626,1622,12,Nguy hiểm
500,0,8847,"[1120, 328, 25, 20]",6,9724,8847.png,626,1622,12,Nguy hiểm
252,0,8848,"[847, 219, 18, 14]",6,6766,8848.png,626,1622,32,Nguy hiểm
285,0,8848,"[847, 218, 19, 15]",6,6966,8848.png,626,1622,32,Nguy hiểm
272,0,8858,"[664, 420, 17, 16]",6,6768,8858.png,626,1622,28,Nguy hiểm
225,0,8858,"[665, 420, 15, 15]",6,8799,8858.png,626,1622,28,Nguy hiểm
306,0,8858,"[664, 419, 18, 17]",6,9559,8858.png,626,1622,28,Nguy hiểm
110,0,8859,"[976, 306, 11, 10]",6,6769,8859.png,626,1622,16,Nguy hiểm
121,0,8859,"[976, 306, 11, 11]",6,9656,8859.png,626,1622,16,Nguy hiểm
6468,0,8864,"[1270, 0, 77, 84]",6,6772,8864.png,626,1622,45,Nguy hiểm
6059,0,8864,"[1274, 0, 73, 83]",6,8651,8864.png,626,1622,45,Nguy hiểm
2862,0,8869,"[889, 281, 53, 54]",6,6773,8869.png,626,1622,16,Nguy hiểm
3190,0,8869,"[887, 279, 55, 58]",6,10032,8869.png,626,1622,16,Nguy hiểm
2915,0,8869,"[889, 281, 55, 53]",6,10381,8869.png,626,1622,16,Nguy hiểm
144,0,8886,"[721, 356, 12, 12]",6,6787,8886.png,626,1622,19,Nguy hiểm
20,0,8887,"[648, 539, 5, 4]",6,7666,8887.png,626,1622,29,Nguy hiểm
196,0,8900,"[629, 343, 14, 14]",6,6798,8900.png,626,1622,16,Nguy hiểm
224,0,8900,"[629, 343, 16, 14]",6,8206,8900.png,626,1622,16,Nguy hiểm
168,0,8900,"[629, 344, 14, 12]",6,8728,8900.png,626,1622,16,Nguy hiểm
380,0,8908,"[738, 185, 20, 19]",6,6801,8908.png,626,1622,23,Nguy hiểm
288,0,8908,"[740, 187, 18, 16]",6,7856,8908.png,626,1622,23,Nguy hiểm
361,0,8908,"[739, 185, 19, 19]",6,10558,8908.png,626,1622,23,Nguy hiểm
110,0,8909,"[806, 510, 10, 11]",6,6802,8909.png,626,1622,29,Nguy hiểm
121,0,8909,"[805, 510, 11, 11]",6,7185,8909.png,626,1622,29,Nguy hiểm
2392,0,8914,"[822, 400, 52, 46]",6,6805,8914.png,626,1622,28,Nguy hiểm
2160,0,8914,"[823, 400, 48, 45]",6,8616,8914.png,626,1622,28,Nguy hiểm
2254,0,8914,"[824, 400, 49, 46]",6,10298,8914.png,626,1622,28,Nguy hiểm
48,0,8917,"[686, 225, 6, 8]",6,6812,8917.png,626,1622,47,Nguy hiểm
49,0,8917,"[647, 224, 7, 7]",6,6814,8917.png,626,1622,47,Nguy hiểm
42,0,8917,"[636, 223, 6, 7]",6,6815,8917.png,626,1622,47,Nguy hiểm
266,0,8922,"[575, 408, 19, 14]",6,6821,8922.png,626,1622,28,Nguy hiểm
110,0,8925,"[754, 218, 11, 10]",6,6822,8925.png,626,1622,18,Nguy hiểm
90,0,8925,"[755, 219, 10, 9]",6,8018,8925.png,626,1622,18,Nguy hiểm
90,0,8934,"[764, 411, 10, 9]",6,6825,8934.png,626,1622,28,Nguy hiểm
90,0,8934,"[764, 411, 10, 9]",6,7988,8934.png,626,1622,28,Nguy hiểm
110,0,8934,"[763, 411, 11, 10]",6,8358,8934.png,626,1622,28,Nguy hiểm
100,0,8934,"[764, 410, 10, 10]",6,9187,8934.png,626,1622,28,Nguy hiểm
182,0,8960,"[739, 493, 14, 13]",6,6829,8960.png,626,1622,29,Nguy hiểm
144,0,8960,"[740, 493, 12, 12]",6,9241,8960.png,626,1622,29,Nguy hiểm
1260,0,8968,"[1559, 373, 45, 28]",6,6830,8968.png,626,1622,5,Nguy hiểm
1519,0,8968,"[1557, 372, 49, 31]",6,7500,8968.png,626,1622,5,Nguy hiểm
1242,0,8968,"[1558, 375, 46, 27]",6,8996,8968.png,626,1622,5,Nguy hiểm
552,0,8969,"[889, 335, 24, 23]",6,6831,8969.png,626,1622,19,Nguy hiểm
576,0,8969,"[889, 334, 24, 24]",6,7515,8969.png,626,1622,19,Nguy hiểm
650,0,8969,"[887, 334, 26, 25]",6,8510,8969.png,626,1622,19,Nguy hiểm
462,0,8969,"[890, 336, 21, 22]",6,9983,8969.png,626,1622,19,Nguy hiểm
806,0,8971,"[1050, 317, 31, 26]",6,6835,8971.png,626,1622,16,Nguy hiểm
810,0,8971,"[1051, 316, 30, 27]",6,8750,8971.png,626,1622,16,Nguy hiểm
780,0,8971,"[1051, 317, 30, 26]",6,10016,8971.png,626,1622,16,Nguy hiểm
120,0,8975,"[497, 408, 12, 10]",6,6838,8975.png,626,1622,28,Nguy hiểm
99,0,8975,"[498, 409, 11, 9]",6,7352,8975.png,626,1622,28,Nguy hiểm
121,0,8975,"[497, 408, 11, 11]",6,10069,8975.png,626,1622,28,Nguy hiểm
120,0,8975,"[497, 408, 12, 10]",6,10506,8975.png,626,1622,28,Nguy hiểm
575,0,8979,"[857, 156, 25, 23]",6,6839,8979.png,626,1622,47,Nguy hiểm
650,0,8979,"[856, 155, 26, 25]",6,7248,8979.png,626,1622,47,Nguy hiểm
340,0,8989,"[362, 460, 20, 17]",6,6846,8989.png,626,1622,28,Nguy hiểm
380,0,8995,"[1061, 353, 20, 19]",6,6851,8995.png,626,1622,16,Nguy hiểm
483,0,8995,"[1060, 352, 23, 21]",6,7511,8995.png,626,1622,16,Nguy hiểm
418,0,8995,"[1061, 353, 22, 19]",6,8911,8995.png,626,1622,16,Nguy hiểm
156,0,8997,"[867, 383, 13, 12]",6,6854,8997.png,626,1622,16,Nguy hiểm
120,0,8997,"[868, 384, 12, 10]",6,7324,8997.png,626,1622,16,Nguy hiểm
144,0,8997,"[868, 383, 12, 12]",6,9412,8997.png,626,1622,16,Nguy hiểm
121,0,8997,"[868, 384, 11, 11]",6,10434,8997.png,626,1622,16,Nguy hiểm
5120,0,9000,"[1219, 119, 80, 64]",6,6855,9000.png,626,1622,52,Nguy hiểm
5005,0,9000,"[1221, 118, 77, 65]",6,7863,9000.png,626,1622,52,Nguy hiểm
5040,0,9000,"[1218, 119, 80, 63]",6,9053,9000.png,626,1622,52,Nguy hiểm
5270,0,9000,"[1218, 120, 85, 62]",6,9514,9000.png,626,1622,52,Nguy hiểm
2842,0,9004,"[1132, 67, 58, 49]",6,6858,9004.png,626,1622,28,Nguy hiểm
2760,0,9004,"[1131, 69, 60, 46]",6,9415,9004.png,626,1622,28,Nguy hiểm
272,0,9010,"[646, 352, 17, 16]",6,6861,9010.png,626,1622,16,Nguy hiểm
360,0,9010,"[646, 351, 20, 18]",6,7154,9010.png,626,1622,16,Nguy hiểm
272,0,9010,"[647, 352, 17, 16]",6,7646,9010.png,626,1622,16,Nguy hiểm
225,0,9010,"[647, 352, 15, 15]",6,8622,9010.png,626,1622,16,Nguy hiểm
528,0,9012,"[870, 224, 24, 22]",6,6862,9012.png,626,1622,52,Nguy hiểm
550,0,9012,"[869, 224, 25, 22]",6,9718,9012.png,626,1622,52,Nguy hiểm
3432,0,9019,"[1537, 389, 78, 44]",6,6867,9019.png,626,1622,28,Nguy hiểm
513,0,9019,"[1312, 405, 27, 19]",6,6868,9019.png,626,1622,28,Nguy hiểm
660,0,9019,"[1312, 402, 30, 22]",6,8951,9019.png,626,1622,28,Nguy hiểm
4320,0,9019,"[1537, 384, 80, 54]",6,8952,9019.png,626,1622,28,Nguy hiểm
168,0,9038,"[694, 423, 14, 12]",6,6875,9038.png,626,1622,28,Nguy hiểm
156,0,9038,"[694, 423, 13, 12]",6,7617,9038.png,626,1622,28,Nguy hiểm
168,0,9038,"[694, 423, 14, 12]",6,9419,9038.png,626,1622,28,Nguy hiểm
154,0,9038,"[695, 423, 14, 11]",6,10517,9038.png,626,1622,28,Nguy hiểm
300,0,9040,"[855, 331, 20, 15]",6,6876,9040.png,626,1622,5,Nguy hiểm
306,0,9040,"[856, 331, 18, 17]",6,8535,9040.png,626,1622,5,Nguy hiểm
320,0,9040,"[856, 331, 20, 16]",6,9062,9040.png,626,1622,5,Nguy hiểm
910,0,9080,"[1201, 463, 35, 26]",6,6895,9080.png,626,1622,16,Nguy hiểm
9984,0,9081,"[1018, 302, 96, 104]",6,6896,9081.png,626,1622,16,Nguy hiểm
9476,0,9081,"[1021, 304, 92, 103]",6,8468,9081.png,626,1622,16,Nguy hiểm
22960,0,9082,"[1214, 284, 164, 140]",6,6897,9082.png,626,1622,28,Nguy hiểm
22545,0,9082,"[1213, 291, 167, 135]",6,10108,9082.png,626,1622,28,Nguy hiểm
380,0,9088,"[674, 274, 20, 19]",6,6901,9088.png,626,1622,28,Nguy hiểm
399,0,9088,"[675, 274, 21, 19]",6,9271,9088.png,626,1622,28,Nguy hiểm
342,0,9088,"[675, 275, 19, 18]",6,10281,9088.png,626,1622,28,Nguy hiểm
30,0,9088,"[591, 290, 6, 5]",6,10282,9088.png,626,1622,28,Nguy hiểm
110,0,9096,"[890, 346, 11, 10]",6,6905,9096.png,626,1622,16,Nguy hiểm
110,0,9096,"[890, 346, 11, 10]",6,7307,9096.png,626,1622,16,Nguy hiểm
1443,0,9097,"[724, 519, 37, 39]",6,6906,9097.png,626,1622,29,Nguy hiểm
1122,0,9097,"[726, 523, 34, 33]",6,10150,9097.png,626,1622,29,Nguy hiểm
132,0,9098,"[764, 405, 12, 11]",6,6907,9098.png,626,1622,28,Nguy hiểm
399,0,9103,"[721, 426, 21, 19]",6,6913,9103.png,626,1622,28,Nguy hiểm
400,0,9103,"[721, 426, 20, 20]",6,8405,9103.png,626,1622,28,Nguy hiểm
304,0,9103,"[720, 428, 19, 16]",6,9867,9103.png,626,1622,28,Nguy hiểm
304,0,9103,"[721, 427, 19, 16]",6,10563,9103.png,626,1622,28,Nguy hiểm
400,0,9104,"[864, 512, 20, 20]",6,6914,9104.png,626,1622,29,Nguy hiểm
361,0,9104,"[864, 513, 19, 19]",6,7213,9104.png,626,1622,29,Nguy hiểm
441,0,9104,"[863, 511, 21, 21]",6,7612,9104.png,626,1622,29,Nguy hiểm
484,0,9104,"[863, 511, 22, 22]",6,9290,9104.png,626,1622,29,Nguy hiểm
342,0,9104,"[863, 513, 19, 18]",6,10450,9104.png,626,1622,29,Nguy hiểm
110,0,9112,"[573, 459, 11, 10]",6,6920,9112.png,626,1622,12,Nguy hiểm
110,0,9112,"[586, 458, 11, 10]",6,6921,9112.png,626,1622,12,Nguy hiểm
81,0,9112,"[587, 459, 9, 9]",6,8553,9112.png,626,1622,12,Nguy hiểm
90,0,9112,"[574, 460, 10, 9]",6,8554,9112.png,626,1622,12,Nguy hiểm
72,0,9114,"[929, 366, 9, 8]",6,6922,9114.png,626,1622,16,Nguy hiểm
63,0,9114,"[929, 366, 9, 7]",6,7900,9114.png,626,1622,16,Nguy hiểm
80,0,9114,"[928, 366, 10, 8]",6,8522,9114.png,626,1622,16,Nguy hiểm
70,0,9114,"[929, 366, 10, 7]",6,8725,9114.png,626,1622,16,Nguy hiểm
80,0,9114,"[928, 366, 10, 8]",6,9821,9114.png,626,1622,16,Nguy hiểm
323,0,9118,"[925, 372, 19, 17]",6,6925,9118.png,626,1622,16,Nguy hiểm
288,0,9118,"[925, 373, 18, 16]",6,7133,9118.png,626,1622,16,Nguy hiểm
324,0,9118,"[925, 372, 18, 18]",6,9051,9118.png,626,1622,16,Nguy hiểm
289,0,9118,"[926, 373, 17, 17]",6,10061,9118.png,626,1622,16,Nguy hiểm
1125,0,9122,"[1558, 375, 45, 25]",6,6929,9122.png,626,1622,5,Nguy hiểm
208,0,9124,"[996, 303, 16, 13]",6,6930,9124.png,626,1622,16,Nguy hiểm
962,0,9125,"[1240, 396, 37, 26]",6,6933,9125.png,626,1622,28,Nguy hiểm
42,0,9125,"[1131, 433, 7, 6]",6,6934,9125.png,626,1622,28,Nguy hiểm
1014,0,9125,"[1238, 396, 39, 26]",6,10187,9125.png,626,1622,28,Nguy hiểm
1026,0,9125,"[1239, 395, 38, 27]",6,10501,9125.png,626,1622,28,Nguy hiểm
1457,0,9130,"[1141, 197, 47, 31]",6,6939,9130.png,626,1622,36,Nguy hiểm
1610,0,9130,"[1143, 195, 46, 35]",6,7745,9130.png,626,1622,36,Nguy hiểm
1530,0,9130,"[1144, 196, 45, 34]",6,9319,9130.png,626,1622,36,Nguy hiểm
1419,0,9130,"[1144, 196, 43, 33]",6,10521,9130.png,626,1622,36,Nguy hiểm
49,0,9131,"[716, 321, 7, 7]",6,6946,9131.png,626,1622,19,Nguy hiểm
42,0,9131,"[717, 321, 7, 6]",6,8046,9131.png,626,1622,19,Nguy hiểm
48,0,9131,"[716, 321, 8, 6]",6,8779,9131.png,626,1622,19,Nguy hiểm
256,0,9148,"[878, 391, 16, 16]",6,6956,9148.png,626,1622,28,Nguy hiểm
240,0,9148,"[879, 392, 16, 15]",6,7611,9148.png,626,1622,28,Nguy hiểm
225,0,9148,"[879, 392, 15, 15]",6,8210,9148.png,626,1622,28,Nguy hiểm
868,0,9155,"[703, 419, 31, 28]",6,6961,9155.png,626,1622,28,Nguy hiểm
110,0,9155,"[669, 436, 11, 10]",6,6962,9155.png,626,1622,28,Nguy hiểm
728,0,9155,"[705, 421, 28, 26]",6,8184,9155.png,626,1622,28,Nguy hiểm
90,0,9155,"[670, 436, 10, 9]",6,8185,9155.png,626,1622,28,Nguy hiểm
783,0,9167,"[914, 427, 29, 27]",6,6963,9167.png,626,1622,28,Nguy hiểm
868,0,9167,"[913, 397, 31, 28]",6,6964,9167.png,626,1622,28,Nguy hiểm
210,0,9168,"[681, 429, 15, 14]",6,6965,9168.png,626,1622,28,Nguy hiểm
156,0,9168,"[681, 430, 13, 12]",6,7220,9168.png,626,1622,28,Nguy hiểm
144,0,9168,"[682, 430, 12, 12]",6,8013,9168.png,626,1622,28,Nguy hiểm
195,0,9168,"[680, 430, 15, 13]",6,8434,9168.png,626,1622,28,Nguy hiểm
323,0,9179,"[624, 343, 19, 17]",6,6969,9179.png,626,1622,23,Nguy hiểm
240,0,9179,"[625, 345, 16, 15]",6,9202,9179.png,626,1622,23,Nguy hiểm
210,0,9179,"[626, 345, 14, 15]",6,9761,9179.png,626,1622,23,Nguy hiểm
289,0,9179,"[625, 343, 17, 17]",6,9900,9179.png,626,1622,23,Nguy hiểm
196,0,9181,"[1113, 505, 14, 14]",6,6971,9181.png,626,1622,16,Nguy hiểm
182,0,9181,"[1113, 504, 13, 14]",6,8357,9181.png,626,1622,16,Nguy hiểm
255,0,9182,"[649, 241, 17, 15]",6,6973,9182.png,626,1622,18,Nguy hiểm
224,0,9182,"[649, 241, 16, 14]",6,9099,9182.png,626,1622,18,Nguy hiểm
192,0,9182,"[649, 243, 16, 12]",6,10143,9182.png,626,1622,18,Nguy hiểm
675,0,9183,"[732, 422, 27, 25]",6,6974,9183.png,626,1622,28,Nguy hiểm
528,0,9183,"[735, 425, 24, 22]",6,7703,9183.png,626,1622,28,Nguy hiểm
120,0,9183,"[688, 435, 12, 10]",6,7704,9183.png,626,1622,28,Nguy hiểm
700,0,9183,"[732, 423, 28, 25]",6,8209,9183.png,626,1622,28,Nguy hiểm
2900,0,9190,"[1166, 341, 58, 50]",6,6979,9190.png,626,1622,28,Nguy hiểm
2142,0,9190,"[1169, 345, 51, 42]",6,7225,9190.png,626,1622,28,Nguy hiểm
625,0,9198,"[991, 175, 25, 25]",6,6981,9198.png,626,1622,47,Nguy hiểm
576,0,9198,"[992, 175, 24, 24]",6,8793,9198.png,626,1622,47,Nguy hiểm
441,0,9198,"[993, 177, 21, 21]",6,9274,9198.png,626,1622,47,Nguy hiểm
552,0,9198,"[992, 175, 24, 23]",6,9839,9198.png,626,1622,47,Nguy hiểm
110,0,9200,"[726, 428, 10, 11]",6,6983,9200.png,626,1622,28,Nguy hiểm
72,0,9200,"[726, 429, 9, 8]",6,8591,9200.png,626,1622,28,Nguy hiểm
81,0,9200,"[727, 429, 9, 9]",6,10135,9200.png,626,1622,28,Nguy hiểm
132,0,9202,"[880, 405, 11, 12]",6,6984,9202.png,626,1622,45,Nguy hiểm
132,0,9202,"[880, 406, 12, 11]",6,9279,9202.png,626,1622,45,Nguy hiểm
132,0,9202,"[881, 405, 11, 12]",6,10550,9202.png,626,1622,45,Nguy hiểm
19720,0,9204,"[1093, 338, 136, 145]",6,6987,9204.png,626,1622,28,Nguy hiểm
17500,0,9204,"[1099, 340, 125, 140]",6,8689,9204.png,626,1622,28,Nguy hiểm
324,0,9213,"[746, 422, 18, 18]",6,6990,9213.png,626,1622,28,Nguy hiểm
342,0,9213,"[746, 422, 19, 18]",6,9110,9213.png,626,1622,28,Nguy hiểm
1118,0,9216,"[1560, 375, 43, 26]",6,6991,9216.png,626,1622,5,Nguy hiểm
1196,0,9216,"[1558, 374, 46, 26]",6,8146,9216.png,626,1622,5,Nguy hiểm
165,0,9218,"[1168, 428, 15, 11]",6,6992,9218.png,626,1622,29,Nguy hiểm
154,0,9218,"[1168, 428, 14, 11]",6,10031,9218.png,626,1622,29,Nguy hiểm
154,0,9218,"[1168, 429, 14, 11]",6,10238,9218.png,626,1622,29,Nguy hiểm
2720,0,9223,"[1549, 120, 68, 40]",6,6993,9223.png,626,1622,28,Nguy hiểm
2680,0,9223,"[1549, 120, 67, 40]",6,10553,9223.png,626,1622,28,Nguy hiểm
2535,0,9225,"[1551, 94, 65, 39]",6,6994,9225.png,626,1622,28,Nguy hiểm
720,0,9226,"[1272, 407, 30, 24]",6,6995,9226.png,626,1622,5,Nguy hiểm
616,0,9226,"[1274, 408, 28, 22]",6,9214,9226.png,626,1622,5,Nguy hiểm
588,0,9226,"[1272, 408, 28, 21]",6,10265,9226.png,626,1622,5,Nguy hiểm
182,0,9233,"[759, 367, 14, 13]",6,6996,9233.png,626,1622,29,Nguy hiểm
182,0,9233,"[759, 367, 14, 13]",6,9240,9233.png,626,1622,29,Nguy hiểm
156,0,9233,"[760, 367, 13, 12]",6,9957,9233.png,626,1622,29,Nguy hiểm
1800,0,9236,"[1031, 230, 45, 40]",6,6997,9236.png,626,1622,28,Nguy hiểm
1989,0,9236,"[1028, 272, 51, 39]",6,6998,9236.png,626,1622,28,Nguy hiểm
1620,0,9236,"[1031, 274, 45, 36]",6,8152,9236.png,626,1622,28,Nguy hiểm
1872,0,9236,"[1029, 230, 48, 39]",6,8153,9236.png,626,1622,28,Nguy hiểm
1716,0,9236,"[1033, 231, 44, 39]",6,9242,9236.png,626,1622,28,Nguy hiểm
1628,0,9236,"[1031, 273, 44, 37]",6,9243,9236.png,626,1622,28,Nguy hiểm
368,0,9238,"[1275, 395, 23, 16]",6,7002,9238.png,626,1622,12,Nguy hiểm
1872,0,9248,"[1199, 328, 48, 39]",6,7008,9248.png,626,1622,28,Nguy hiểm
1824,0,9248,"[1201, 366, 48, 38]",6,7009,9248.png,626,1622,28,Nguy hiểm
56,0,9248,"[1113, 393, 8, 7]",6,7011,9248.png,626,1622,28,Nguy hiểm
456,0,9255,"[1226, 348, 24, 19]",6,7018,9255.png,626,1622,22,Nguy hiểm
391,0,9255,"[1226, 348, 23, 17]",6,7964,9255.png,626,1622,22,Nguy hiểm
396,0,9255,"[1226, 348, 22, 18]",6,8648,9255.png,626,1622,22,Nguy hiểm
2340,0,9257,"[1473, 418, 60, 39]",6,7019,9257.png,626,1622,28,Nguy hiểm
575,0,9272,"[849, 165, 25, 23]",6,7021,9272.png,626,1622,47,Nguy hiểm
728,0,9275,"[929, 258, 28, 26]",6,7022,9275.png,626,1622,28,Nguy hiểm
728,0,9275,"[929, 258, 28, 26]",6,7208,9275.png,626,1622,28,Nguy hiểm
288,0,9278,"[655, 358, 18, 16]",6,7023,9278.png,626,1622,16,Nguy hiểm
306,0,9278,"[655, 358, 18, 17]",6,7632,9278.png,626,1622,16,Nguy hiểm
240,0,9278,"[656, 359, 16, 15]",6,7923,9278.png,626,1622,16,Nguy hiểm
238,0,9278,"[656, 360, 17, 14]",6,8202,9278.png,626,1622,16,Nguy hiểm
195,0,9278,"[656, 361, 15, 13]",6,10112,9278.png,626,1622,16,Nguy hiểm
187,0,9280,"[1472, 124, 17, 11]",6,7024,9280.png,626,1622,28,Nguy hiểm
260,0,9280,"[1474, 110, 20, 13]",6,7025,9280.png,626,1622,28,Nguy hiểm
77,0,9280,"[1444, 130, 11, 7]",6,7026,9280.png,626,1622,28,Nguy hiểm
54,0,9280,"[1425, 135, 9, 6]",6,7027,9280.png,626,1622,28,Nguy hiểm
252,0,9280,"[1470, 123, 21, 12]",6,8082,9280.png,626,1622,28,Nguy hiểm
260,0,9280,"[1474, 110, 20, 13]",6,8083,9280.png,626,1622,28,Nguy hiểm
49,0,9280,"[1426, 134, 7, 7]",6,8084,9280.png,626,1622,28,Nguy hiểm
88,0,9280,"[1445, 129, 11, 8]",6,8085,9280.png,626,1622,28,Nguy hiểm
110,0,9281,"[787, 479, 11, 10]",6,7028,9281.png,626,1622,16,Nguy hiểm
108,0,9281,"[787, 479, 12, 9]",6,7245,9281.png,626,1622,16,Nguy hiểm
108,0,9281,"[787, 479, 12, 9]",6,9303,9281.png,626,1622,16,Nguy hiểm
90,0,9281,"[788, 479, 10, 9]",6,10215,9281.png,626,1622,16,Nguy hiểm
156,0,9284,"[770, 422, 13, 12]",6,7029,9284.png,626,1622,28,Nguy hiểm
306,0,9292,"[884, 511, 18, 17]",6,7032,9292.png,626,1622,29,Nguy hiểm
42,0,9292,"[826, 516, 7, 6]",6,7034,9292.png,626,1622,29,Nguy hiểm
169,0,9299,"[758, 394, 13, 13]",6,7039,9299.png,626,1622,28,Nguy hiểm
169,0,9299,"[758, 394, 13, 13]",6,7870,9299.png,626,1622,28,Nguy hiểm
182,0,9299,"[758, 394, 13, 14]",6,8908,9299.png,626,1622,28,Nguy hiểm
195,0,9299,"[758, 395, 15, 13]",6,9483,9299.png,626,1622,28,Nguy hiểm
110,0,9303,"[655, 389, 11, 10]",6,7043,9303.png,626,1622,28,Nguy hiểm
99,0,9303,"[655, 389, 11, 9]",6,7372,9303.png,626,1622,28,Nguy hiểm
99,0,9303,"[655, 389, 11, 9]",6,9740,9303.png,626,1622,28,Nguy hiểm
90,0,9303,"[655, 389, 10, 9]",6,9923,9303.png,626,1622,28,Nguy hiểm
72,0,9312,"[858, 394, 9, 8]",6,7061,9312.png,626,1622,16,Nguy hiểm
100,0,9319,"[878, 396, 10, 10]",6,7063,9319.png,626,1622,28,Nguy hiểm
20,0,9334,"[447, 319, 5, 4]",6,7330,9334.png,626,1622,1,Nguy hiểm
49,0,9335,"[668, 498, 7, 7]",6,7074,9335.png,626,1622,29,Nguy hiểm
49,0,9335,"[668, 490, 7, 7]",6,7075,9335.png,626,1622,29,Nguy hiểm
42,0,9335,"[668, 490, 7, 6]",6,9987,9335.png,626,1622,29,Nguy hiểm
56,0,9335,"[668, 497, 8, 7]",6,9988,9335.png,626,1622,29,Nguy hiểm
110,0,9350,"[630, 232, 11, 10]",6,7080,9350.png,626,1622,36,Nguy hiểm
96,0,9350,"[630, 233, 12, 8]",6,8089,9350.png,626,1622,36,Nguy hiểm
99,0,9350,"[629, 232, 11, 9]",6,9222,9350.png,626,1622,36,Nguy hiểm
460,0,9351,"[1051, 134, 23, 20]",6,7081,9351.png,626,1622,28,Nguy hiểm
156,0,9351,"[1022, 140, 12, 13]",6,7082,9351.png,626,1622,28,Nguy hiểm
72,0,9367,"[662, 491, 9, 8]",6,7094,9367.png,626,1622,29,Nguy hiểm
285,0,9371,"[1110, 434, 19, 15]",6,7095,9371.png,626,1622,5,Nguy hiểm
285,0,9371,"[1110, 434, 19, 15]",6,8186,9371.png,626,1622,5,Nguy hiểm
270,0,9371,"[1110, 434, 18, 15]",6,9989,9371.png,626,1622,5,Nguy hiểm
255,0,9371,"[1111, 433, 17, 15]",6,10545,9371.png,626,1622,5,Nguy hiểm
143,0,9374,"[824, 379, 13, 11]",6,7096,9374.png,626,1622,36,Nguy hiểm
132,0,9374,"[825, 378, 12, 11]",6,7243,9374.png,626,1622,36,Nguy hiểm
156,0,9374,"[825, 377, 12, 13]",6,8644,9374.png,626,1622,36,Nguy hiểm
154,0,9384,"[905, 255, 14, 11]",6,7102,9384.png,626,1622,29,Nguy hiểm
182,0,9384,"[906, 253, 14, 13]",6,7412,9384.png,626,1622,29,Nguy hiểm
132,0,9384,"[907, 254, 12, 11]",6,7656,9384.png,626,1622,29,Nguy hiểm
196,0,9384,"[906, 252, 14, 14]",6,8948,9384.png,626,1622,29,Nguy hiểm
110,0,9393,"[691, 159, 10, 11]",6,7114,9393.png,626,1622,47,Nguy hiểm
90,0,9393,"[692, 160, 10, 9]",6,7734,9393.png,626,1622,47,Nguy hiểm
196,0,9394,"[997, 320, 14, 14]",6,7117,9394.png,626,1622,23,Nguy hiểm
132,0,9394,"[997, 322, 12, 11]",6,9323,9394.png,626,1622,23,Nguy hiểm
621,0,9395,"[691, 231, 27, 23]",6,7118,9395.png,626,1622,33,Nguy hiểm
624,0,9395,"[691, 230, 26, 24]",6,9772,9395.png,626,1622,33,Nguy hiểm
1512,0,9399,"[727, 181, 42, 36]",6,7121,9399.png,626,1622,18,Nguy hiểm
1435,0,9399,"[727, 218, 41, 35]",6,7122,9399.png,626,1622,18,Nguy hiểm
1320,0,9399,"[727, 183, 40, 33]",6,8020,9399.png,626,1622,18,Nguy hiểm
1330,0,9399,"[729, 217, 38, 35]",6,8021,9399.png,626,1622,18,Nguy hiểm
288,0,9403,"[868, 299, 18, 16]",6,7124,9403.png,626,1622,16,Nguy hiểm
323,0,9403,"[868, 298, 19, 17]",6,8680,9403.png,626,1622,16,Nguy hiểm
288,0,9403,"[868, 298, 18, 16]",6,9884,9403.png,626,1622,16,Nguy hiểm
72,0,9404,"[720, 345, 8, 9]",6,7126,9404.png,626,1622,5,Nguy hiểm
90,0,9404,"[719, 344, 10, 9]",6,9006,9404.png,626,1622,5,Nguy hiểm
672,0,9413,"[1476, 420, 32, 21]",6,7134,9413.png,626,1622,28,Nguy hiểm
726,0,9413,"[1476, 419, 33, 22]",6,7416,9413.png,626,1622,28,Nguy hiểm
19750,0,9418,"[1460, 50, 158, 125]",6,7137,9418.png,626,1622,28,Nguy hiểm
180,0,9418,"[1002, 124, 15, 12]",6,7141,9418.png,626,1622,28,Nguy hiểm
17731,0,9418,"[1468, 53, 149, 119]",6,9952,9418.png,626,1622,28,Nguy hiểm
121,0,9418,"[1003, 125, 11, 11]",6,9954,9418.png,626,1622,28,Nguy hiểm
168,0,9429,"[676, 494, 14, 12]",6,7143,9429.png,626,1622,29,Nguy hiểm
64,0,9429,"[653, 495, 8, 8]",6,7144,9429.png,626,1622,29,Nguy hiểm
182,0,9429,"[676, 494, 14, 13]",6,7597,9429.png,626,1622,29,Nguy hiểm
90,0,9429,"[652, 494, 10, 9]",6,7598,9429.png,626,1622,29,Nguy hiểm
156,0,9429,"[676, 494, 13, 12]",6,7911,9429.png,626,1622,29,Nguy hiểm
72,0,9429,"[652, 495, 9, 8]",6,7912,9429.png,626,1622,29,Nguy hiểm
208,0,9429,"[675, 494, 16, 13]",6,8992,9429.png,626,1622,29,Nguy hiểm
72,0,9429,"[653, 495, 9, 8]",6,8993,9429.png,626,1622,29,Nguy hiểm
63,0,9435,"[778, 422, 9, 7]",6,7147,9435.png,626,1622,12,Nguy hiểm
4366,0,9448,"[1007, 241, 74, 59]",6,7163,9448.png,626,1622,45,Nguy hiểm
4500,0,9448,"[1008, 240, 75, 60]",6,7752,9448.png,626,1622,45,Nguy hiểm
4466,0,9448,"[1007, 243, 77, 58]",6,8191,9448.png,626,1622,45,Nguy hiểm
4260,0,9448,"[1009, 241, 71, 60]",6,10594,9448.png,626,1622,45,Nguy hiểm
49,0,9462,"[656, 486, 7, 7]",6,7172,9462.png,626,1622,29,Nguy hiểm
63,0,9462,"[657, 486, 7, 9]",6,9929,9462.png,626,1622,29,Nguy hiểm
42,0,9462,"[656, 487, 7, 6]",6,10216,9462.png,626,1622,29,Nguy hiểm
255,0,9463,"[745, 426, 17, 15]",6,7173,9463.png,626,1622,28,Nguy hiểm
110,0,9465,"[1064, 447, 11, 10]",6,7175,9465.png,626,1622,5,Nguy hiểm
108,0,9465,"[1064, 447, 12, 9]",6,7671,9465.png,626,1622,5,Nguy hiểm
2400,0,9491,"[861, 407, 50, 48]",6,7192,9491.png,626,1622,28,Nguy hiểm
2548,0,9491,"[860, 407, 52, 49]",6,9030,9491.png,626,1622,28,Nguy hiểm
2805,0,9491,"[857, 405, 55, 51]",6,10626,9491.png,626,1622,28,Nguy hiểm
110,0,9497,"[842, 479, 11, 10]",6,7195,9497.png,626,1622,12,Nguy hiểm
90,0,9497,"[842, 480, 10, 9]",6,8383,9497.png,626,1622,12,Nguy hiểm
81,0,9497,"[843, 480, 9, 9]",6,10548,9497.png,626,1622,12,Nguy hiểm
1548,0,9500,"[944, 246, 43, 36]",6,7196,9500.png,626,1622,28,Nguy hiểm
396,0,9500,"[844, 261, 22, 18]",6,7197,9500.png,626,1622,28,Nguy hiểm
156,0,9501,"[838, 227, 13, 12]",6,7200,9501.png,626,1622,52,Nguy hiểm
196,0,9501,"[837, 226, 14, 14]",6,9120,9501.png,626,1622,52,Nguy hiểm
156,0,9501,"[839, 227, 13, 12]",6,9762,9501.png,626,1622,52,Nguy hiểm
63,0,9513,"[747, 404, 9, 7]",6,7202,9513.png,626,1622,28,Nguy hiểm
224,0,9514,"[575, 447, 16, 14]",6,7203,9514.png,626,1622,16,Nguy hiểm
80,0,9525,"[1082, 245, 10, 8]",6,7209,9525.png,626,1622,28,Nguy hiểm
4224,0,9530,"[868, 304, 66, 64]",6,7210,9530.png,626,1622,5,Nguy hiểm
5621,0,9530,"[862, 298, 77, 73]",6,8058,9530.png,626,1622,5,Nguy hiểm
5472,0,9530,"[864, 297, 72, 76]",6,8818,9530.png,626,1622,5,Nguy hiểm
4355,0,9530,"[866, 304, 67, 65]",6,10114,9530.png,626,1622,5,Nguy hiểm
3969,0,9530,"[869, 307, 63, 63]",6,10600,9530.png,626,1622,5,Nguy hiểm
360,0,9536,"[831, 271, 20, 18]",6,7218,9536.png,626,1622,33,Nguy hiểm
72,0,9536,"[1011, 284, 9, 8]",6,7219,9536.png,626,1622,33,Nguy hiểm
728,0,9540,"[905, 189, 28, 26]",6,7223,9540.png,626,1622,52,Nguy hiểm
120,0,9540,"[839, 240, 10, 12]",6,7224,9540.png,626,1622,52,Nguy hiểm
754,0,9540,"[904, 189, 29, 26]",6,7619,9540.png,626,1622,52,Nguy hiểm
132,0,9540,"[838, 240, 12, 11]",6,7620,9540.png,626,1622,52,Nguy hiểm
132,0,9548,"[431, 421, 12, 11]",6,7227,9548.png,626,1622,16,Nguy hiểm
132,0,9548,"[431, 422, 12, 11]",6,8023,9548.png,626,1622,16,Nguy hiểm
120,0,9548,"[431, 422, 12, 10]",6,9949,9548.png,626,1622,16,Nguy hiểm
88,0,9548,"[431, 423, 11, 8]",6,10647,9548.png,626,1622,16,Nguy hiểm
35,0,9554,"[1041, 424, 7, 5]",6,7229,9554.png,626,1622,12,Nguy hiểm
255,0,9556,"[925, 204, 17, 15]",6,7232,9556.png,626,1622,47,Nguy hiểm
255,0,9556,"[925, 205, 17, 15]",6,9179,9556.png,626,1622,47,Nguy hiểm
72,0,9560,"[987, 448, 9, 8]",6,7238,9560.png,626,1622,28,Nguy hiểm
35,0,9560,"[999, 449, 7, 5]",6,7239,9560.png,626,1622,28,Nguy hiểm
63,0,9560,"[987, 448, 9, 7]",6,8714,9560.png,626,1622,28,Nguy hiểm
25,0,9560,"[1000, 449, 5, 5]",6,8715,9560.png,626,1622,28,Nguy hiểm
81,0,9560,"[987, 447, 9, 9]",6,9107,9560.png,626,1622,28,Nguy hiểm
42,0,9560,"[999, 448, 7, 6]",6,9108,9560.png,626,1622,28,Nguy hiểm
72,0,9560,"[987, 448, 9, 8]",6,10292,9560.png,626,1622,28,Nguy hiểm
30,0,9560,"[1000, 449, 6, 5]",6,10293,9560.png,626,1622,28,Nguy hiểm
522,0,9572,"[1275, 402, 29, 18]",6,7251,9572.png,626,1622,12,Nguy hiểm
450,0,9572,"[1278, 401, 25, 18]",6,8624,9572.png,626,1622,12,Nguy hiểm
56,0,9574,"[767, 275, 8, 7]",6,7253,9574.png,626,1622,33,Nguy hiểm
56,0,9574,"[767, 275, 8, 7]",6,8731,9574.png,626,1622,33,Nguy hiểm
2236,0,9577,"[952, 301, 52, 43]",6,7259,9577.png,626,1622,5,Nguy hiểm
2464,0,9577,"[949, 301, 56, 44]",6,7785,9577.png,626,1622,5,Nguy hiểm
2576,0,9577,"[949, 300, 56, 46]",6,9527,9577.png,626,1622,5,Nguy hiểm
330,0,9594,"[1261, 395, 22, 15]",6,7271,9594.png,626,1622,12,Nguy hiểm
315,0,9594,"[1261, 395, 21, 15]",6,9806,9594.png,626,1622,12,Nguy hiểm
300,0,9594,"[1261, 394, 20, 15]",6,9904,9594.png,626,1622,12,Nguy hiểm
336,0,9594,"[1261, 395, 21, 16]",6,10277,9594.png,626,1622,12,Nguy hiểm
80,0,9606,"[872, 383, 10, 8]",6,7281,9606.png,626,1622,28,Nguy hiểm
64,0,9606,"[872, 374, 8, 8]",6,7282,9606.png,626,1622,28,Nguy hiểm
361,0,9610,"[965, 252, 19, 19]",6,7287,9610.png,626,1622,28,Nguy hiểm
324,0,9610,"[964, 253, 18, 18]",6,7410,9610.png,626,1622,28,Nguy hiểm
360,0,9610,"[964, 253, 20, 18]",6,8945,9610.png,626,1622,28,Nguy hiểm
324,0,9610,"[964, 253, 18, 18]",6,9293,9610.png,626,1622,28,Nguy hiểm
483,0,9612,"[1022, 91, 23, 21]",6,7288,9612.png,626,1622,28,Nguy hiểm
42,0,9618,"[918, 270, 7, 6]",6,7293,9618.png,626,1622,33,Nguy hiểm
56,0,9618,"[458, 239, 8, 7]",6,7874,9618.png,626,1622,33,Nguy hiểm
42,0,9618,"[918, 269, 7, 6]",6,7876,9618.png,626,1622,33,Nguy hiểm
384,0,9619,"[1444, 130, 24, 16]",6,7294,9619.png,626,1622,28,Nguy hiểm
391,0,9619,"[1444, 129, 23, 17]",6,9635,9619.png,626,1622,28,Nguy hiểm
500,0,9621,"[1298, 415, 25, 20]",6,7296,9621.png,626,1622,28,Nguy hiểm
154,0,9621,"[1240, 417, 14, 11]",6,7297,9621.png,626,1622,28,Nguy hiểm
414,0,9621,"[1299, 417, 23, 18]",6,8337,9621.png,626,1622,28,Nguy hiểm
180,0,9621,"[1241, 417, 15, 12]",6,8338,9621.png,626,1622,28,Nguy hiểm
494,0,9621,"[1297, 416, 26, 19]",6,9548,9621.png,626,1622,28,Nguy hiểm
144,0,9621,"[1241, 416, 12, 12]",6,9549,9621.png,626,1622,28,Nguy hiểm
391,0,9621,"[1299, 417, 23, 17]",6,10269,9621.png,626,1622,28,Nguy hiểm
288,0,9628,"[625, 287, 18, 16]",6,7300,9628.png,626,1622,16,Nguy hiểm
252,0,9630,"[1067, 304, 18, 14]",6,7301,9630.png,626,1622,16,Nguy hiểm
304,0,9630,"[1067, 302, 19, 16]",6,10191,9630.png,626,1622,16,Nguy hiểm
1400,0,9634,"[890, 146, 40, 35]",6,7308,9634.png,626,1622,37,Nguy hiểm
1258,0,9634,"[893, 146, 37, 34]",6,9834,9634.png,626,1622,37,Nguy hiểm
1360,0,9634,"[891, 145, 40, 34]",6,10347,9634.png,626,1622,37,Nguy hiểm
2548,0,9646,"[1450, 114, 52, 49]",6,7315,9646.png,626,1622,45,Nguy hiểm
2703,0,9646,"[1450, 111, 51, 53]",6,8178,9646.png,626,1622,45,Nguy hiểm
2550,0,9646,"[1449, 113, 50, 51]",6,8562,9646.png,626,1622,45,Nguy hiểm
2450,0,9646,"[1448, 114, 50, 49]",6,9335,9646.png,626,1622,45,Nguy hiểm
5041,0,9647,"[813, 130, 71, 71]",6,7316,9647.png,626,1622,47,Nguy hiểm
5041,0,9647,"[815, 131, 71, 71]",6,8541,9647.png,626,1622,47,Nguy hiểm
5180,0,9647,"[813, 132, 74, 70]",6,9248,9647.png,626,1622,47,Nguy hiểm
5625,0,9647,"[812, 128, 75, 75]",6,9482,9647.png,626,1622,47,Nguy hiểm
4900,0,9647,"[815, 130, 70, 70]",6,10183,9647.png,626,1622,47,Nguy hiểm
224,0,9663,"[677, 438, 16, 14]",6,7325,9663.png,626,1622,16,Nguy hiểm
192,0,9666,"[891, 296, 16, 12]",6,7326,9666.png,626,1622,16,Nguy hiểm
192,0,9666,"[891, 297, 16, 12]",6,7904,9666.png,626,1622,16,Nguy hiểm
192,0,9666,"[891, 297, 16, 12]",6,9693,9666.png,626,1622,16,Nguy hiểm
672,0,9669,"[768, 405, 28, 24]",6,7327,9669.png,626,1622,16,Nguy hiểm
660,0,9673,"[1105, 276, 30, 22]",6,7328,9673.png,626,1622,23,Nguy hiểm
837,0,9675,"[987, 331, 31, 27]",6,7332,9675.png,626,1622,16,Nguy hiểm
726,0,9678,"[1426, 394, 33, 22]",6,7334,9678.png,626,1622,12,Nguy hiểm
714,0,9678,"[1426, 394, 34, 21]",6,7915,9678.png,626,1622,12,Nguy hiểm
704,0,9678,"[1429, 394, 32, 22]",6,9744,9678.png,626,1622,12,Nguy hiểm
792,0,9678,"[1428, 393, 33, 24]",6,10314,9678.png,626,1622,12,Nguy hiểm
340,0,9687,"[829, 366, 20, 17]",6,7337,9687.png,626,1622,28,Nguy hiểm
630,0,9695,"[1205, 242, 30, 21]",6,7339,9695.png,626,1622,33,Nguy hiểm
4864,0,9708,"[1165, 215, 76, 64]",6,7348,9708.png,626,1622,47,Nguy hiểm
442,0,9710,"[1493, 98, 26, 17]",6,7349,9710.png,626,1622,28,Nguy hiểm
414,0,9710,"[1494, 97, 23, 18]",6,9743,9710.png,626,1622,28,Nguy hiểm
140,0,9711,"[815, 227, 14, 10]",6,7350,9711.png,626,1622,52,Nguy hiểm
132,0,9711,"[816, 227, 12, 11]",6,10160,9711.png,626,1622,52,Nguy hiểm
168,0,9711,"[815, 227, 14, 12]",6,10363,9711.png,626,1622,52,Nguy hiểm
2255,0,9713,"[1176, 384, 55, 41]",6,7351,9713.png,626,1622,28,Nguy hiểm
2679,0,9713,"[1177, 382, 57, 47]",6,10560,9713.png,626,1622,28,Nguy hiểm
120,0,9720,"[484, 327, 12, 10]",6,7357,9720.png,626,1622,16,Nguy hiểm
120,0,9720,"[485, 327, 12, 10]",6,9149,9720.png,626,1622,16,Nguy hiểm
378,0,9735,"[787, 257, 21, 18]",6,7368,9735.png,626,1622,28,Nguy hiểm
121,0,9735,"[741, 270, 11, 11]",6,7369,9735.png,626,1622,28,Nguy hiểm
440,0,9735,"[787, 255, 22, 20]",6,8598,9735.png,626,1622,28,Nguy hiểm
110,0,9735,"[741, 270, 11, 10]",6,8599,9735.png,626,1622,28,Nguy hiểm
460,0,9735,"[787, 255, 23, 20]",6,9580,9735.png,626,1622,28,Nguy hiểm
156,0,9735,"[740, 268, 12, 13]",6,9581,9735.png,626,1622,28,Nguy hiểm
437,0,9735,"[786, 256, 23, 19]",6,10635,9735.png,626,1622,28,Nguy hiểm
168,0,9735,"[740, 270, 14, 12]",6,10636,9735.png,626,1622,28,Nguy hiểm
374,0,9781,"[857, 308, 22, 17]",6,7398,9781.png,626,1622,16,Nguy hiểm
130,0,9792,"[1218, 404, 13, 10]",6,7403,9792.png,626,1622,12,Nguy hiểm
120,0,9792,"[1218, 404, 12, 10]",6,7662,9792.png,626,1622,12,Nguy hiểm
99,0,9792,"[1219, 404, 11, 9]",6,8361,9792.png,626,1622,12,Nguy hiểm
100,0,9797,"[667, 484, 10, 10]",6,7406,9797.png,626,1622,29,Nguy hiểm
36,0,9797,"[646, 488, 6, 6]",6,7407,9797.png,626,1622,29,Nguy hiểm
90,0,9797,"[667, 485, 10, 9]",6,8200,9797.png,626,1622,29,Nguy hiểm
36,0,9797,"[645, 489, 6, 6]",6,8201,9797.png,626,1622,29,Nguy hiểm
224,0,9801,"[669, 452, 16, 14]",6,7409,9801.png,626,1622,12,Nguy hiểm
168,0,9801,"[671, 454, 14, 12]",6,10209,9801.png,626,1622,12,Nguy hiểm
100,0,9812,"[705, 426, 10, 10]",6,7419,9812.png,626,1622,28,Nguy hiểm
90,0,9812,"[705, 427, 10, 9]",6,9236,9812.png,626,1622,28,Nguy hiểm
240,0,9825,"[618, 296, 16, 15]",6,7427,9825.png,626,1622,28,Nguy hiểm
240,0,9825,"[619, 297, 16, 15]",6,8991,9825.png,626,1622,28,Nguy hiểm
675,0,9833,"[762, 445, 27, 25]",6,7430,9833.png,626,1622,16,Nguy hiểm
4473,0,9835,"[1170, 204, 63, 71]",6,7432,9835.png,626,1622,37,Nguy hiểm
72,0,9861,"[1133, 392, 9, 8]",6,7447,9861.png,626,1622,28,Nguy hiểm
72,0,9861,"[1133, 392, 9, 8]",6,7897,9861.png,626,1622,28,Nguy hiểm
99,0,9861,"[1132, 391, 11, 9]",6,8481,9861.png,626,1622,28,Nguy hiểm
72,0,9861,"[1133, 392, 9, 8]",6,9245,9861.png,626,1622,28,Nguy hiểm
80,0,9861,"[1132, 392, 10, 8]",6,10608,9861.png,626,1622,28,Nguy hiểm
437,0,9863,"[960, 249, 23, 19]",6,7448,9863.png,626,1622,29,Nguy hiểm
437,0,9863,"[960, 248, 23, 19]",6,8106,9863.png,626,1622,29,Nguy hiểm
418,0,9863,"[961, 248, 22, 19]",6,8563,9863.png,626,1622,29,Nguy hiểm
169,0,9865,"[940, 475, 13, 13]",6,7450,9865.png,626,1622,12,Nguy hiểm
323,0,9866,"[1170, 423, 19, 17]",6,7451,9866.png,626,1622,5,Nguy hiểm
323,0,9866,"[1171, 423, 19, 17]",6,7678,9866.png,626,1622,5,Nguy hiểm
399,0,9866,"[1171, 423, 21, 19]",6,8230,9866.png,626,1622,5,Nguy hiểm
528,0,9867,"[1030, 248, 24, 22]",6,7452,9867.png,626,1622,45,Nguy hiểm
672,0,9867,"[1028, 247, 28, 24]",6,8224,9867.png,626,1622,45,Nguy hiểm
169,0,9870,"[928, 256, 13, 13]",6,7455,9870.png,626,1622,28,Nguy hiểm
3111,0,9880,"[740, 363, 61, 51]",6,7469,9880.png,626,1622,28,Nguy hiểm
506,0,9880,"[588, 423, 23, 22]",6,7470,9880.png,626,1622,28,Nguy hiểm
80,0,9880,"[549, 434, 10, 8]",6,7471,9880.png,626,1622,28,Nguy hiểm
756,0,9883,"[697, 440, 28, 27]",6,7472,9883.png,626,1622,16,Nguy hiểm
754,0,9883,"[697, 441, 29, 26]",6,9598,9883.png,626,1622,16,Nguy hiểm
928,0,9891,"[927, 255, 32, 29]",6,7477,9891.png,626,1622,28,Nguy hiểm
42,0,9896,"[766, 513, 6, 7]",6,7479,9896.png,626,1622,29,Nguy hiểm
1558,0,9898,"[760, 374, 41, 38]",6,7480,9898.png,626,1622,16,Nguy hiểm
42,0,9898,"[616, 369, 7, 6]",6,7481,9898.png,626,1622,16,Nguy hiểm
1936,0,9898,"[758, 372, 44, 44]",6,8431,9898.png,626,1622,16,Nguy hiểm
72,0,9898,"[616, 367, 9, 8]",6,8432,9898.png,626,1622,16,Nguy hiểm
156,0,9899,"[983, 540, 13, 12]",6,7482,9899.png,626,1622,29,Nguy hiểm
182,0,9899,"[984, 540, 13, 14]",6,9906,9899.png,626,1622,29,Nguy hiểm
110,0,9900,"[1018, 361, 11, 10]",6,7483,9900.png,626,1622,16,Nguy hiểm
90,0,9900,"[1019, 362, 10, 9]",6,7691,9900.png,626,1622,16,Nguy hiểm
120,0,9900,"[1017, 360, 12, 10]",6,8765,9900.png,626,1622,16,Nguy hiểm
672,0,9905,"[1036, 249, 28, 24]",6,7484,9905.png,626,1622,29,Nguy hiểm
690,0,9905,"[1035, 250, 30, 23]",6,8245,9905.png,626,1622,29,Nguy hiểm
667,0,9905,"[1035, 250, 29, 23]",6,10232,9905.png,626,1622,29,Nguy hiểm
56,0,9912,"[709, 285, 8, 7]",6,7488,9912.png,626,1622,32,Nguy hiểm
56,0,9912,"[709, 285, 8, 7]",6,9861,9912.png,626,1622,32,Nguy hiểm
3840,0,9913,"[955, 366, 64, 60]",6,7489,9913.png,626,1622,28,Nguy hiểm
4950,0,9913,"[951, 363, 75, 66]",6,8035,9913.png,626,1622,28,Nguy hiểm
25,0,9913,"[596, 430, 5, 5]",6,8036,9913.png,626,1622,28,Nguy hiểm
42,0,9913,"[610, 429, 7, 6]",6,8037,9913.png,626,1622,28,Nguy hiểm
3780,0,9913,"[957, 366, 63, 60]",6,9964,9913.png,626,1622,28,Nguy hiểm
90,0,9918,"[675, 456, 10, 9]",6,7493,9918.png,626,1622,12,Nguy hiểm
168,0,9923,"[587, 217, 14, 12]",6,7494,9923.png,626,1622,5,Nguy hiểm
144,0,9923,"[586, 216, 12, 12]",6,10249,9923.png,626,1622,5,Nguy hiểm
800,0,9925,"[1, 395, 32, 25]",6,7496,9925.png,626,1622,28,Nguy hiểm
682,0,9925,"[2, 397, 31, 22]",6,10234,9925.png,626,1622,28,Nguy hiểm
620,0,9930,"[1581, 118, 31, 20]",6,7498,9930.png,626,1622,28,Nguy hiểm
558,0,9930,"[1589, 99, 31, 18]",6,7499,9930.png,626,1622,28,Nguy hiểm
414,0,9930,"[1586, 118, 23, 18]",6,7831,9930.png,626,1622,28,Nguy hiểm
425,0,9930,"[1592, 100, 25, 17]",6,7832,9930.png,626,1622,28,Nguy hiểm
255,0,9941,"[996, 364, 17, 15]",6,7509,9941.png,626,1622,16,Nguy hiểm
210,0,9941,"[997, 365, 15, 14]",6,7847,9941.png,626,1622,16,Nguy hiểm
256,0,9941,"[996, 363, 16, 16]",6,10437,9941.png,626,1622,16,Nguy hiểm
168,0,9943,"[347, 437, 14, 12]",6,7512,9943.png,626,1622,28,Nguy hiểm
143,0,9943,"[347, 437, 13, 11]",6,9512,9943.png,626,1622,28,Nguy hiểm
1365,0,9945,"[881, 178, 39, 35]",6,7513,9945.png,626,1622,7,Nguy hiểm
1400,0,9945,"[882, 178, 40, 35]",6,9101,9945.png,626,1622,7,Nguy hiểm
625,0,9948,"[761, 481, 25, 25]",6,7517,9948.png,626,1622,16,Nguy hiểm
702,0,9948,"[761, 482, 27, 26]",6,8265,9948.png,626,1622,16,Nguy hiểm
728,0,9948,"[759, 482, 28, 26]",6,10480,9948.png,626,1622,16,Nguy hiểm
255,0,9949,"[758, 307, 17, 15]",6,7518,9949.png,626,1622,16,Nguy hiểm
210,0,9949,"[759, 307, 15, 14]",6,9883,9949.png,626,1622,16,Nguy hiểm
1833,0,9957,"[963, 370, 47, 39]",6,7522,9957.png,626,1622,28,Nguy hiểm
35,0,9957,"[828, 412, 7, 5]",6,7523,9957.png,626,1622,28,Nguy hiểm
30,0,9957,"[830, 407, 5, 6]",6,7524,9957.png,626,1622,28,Nguy hiểm
1710,0,9957,"[963, 371, 45, 38]",6,8785,9957.png,626,1622,28,Nguy hiểm
20,0,9957,"[829, 413, 5, 4]",6,8786,9957.png,626,1622,28,Nguy hiểm
20,0,9957,"[830, 407, 4, 5]",6,8787,9957.png,626,1622,28,Nguy hiểm
1716,0,9957,"[964, 370, 44, 39]",6,10035,9957.png,626,1622,28,Nguy hiểm
1755,0,9957,"[965, 370, 45, 39]",6,10250,9957.png,626,1622,28,Nguy hiểm
56,0,9968,"[1136, 238, 8, 7]",6,7527,9968.png,626,1622,47,Nguy hiểm
648,0,9971,"[881, 162, 27, 24]",6,7531,9971.png,626,1622,47,Nguy hiểm
675,0,9971,"[881, 162, 27, 25]",6,7645,9971.png,626,1622,47,Nguy hiểm
783,0,9971,"[879, 161, 29, 27]",6,8346,9971.png,626,1622,47,Nguy hiểm
700,0,9971,"[881, 163, 28, 25]",6,9621,9971.png,626,1622,47,Nguy hiểm
624,0,9971,"[881, 163, 26, 24]",6,10643,9971.png,626,1622,47,Nguy hiểm
4620,0,9974,"[1251, 227, 77, 60]",6,7532,9974.png,626,1622,16,Nguy hiểm
4636,0,9974,"[1251, 227, 76, 61]",6,10285,9974.png,626,1622,16,Nguy hiểm
4368,0,9980,"[1174, 309, 56, 78]",6,7539,9980.png,626,1622,16,Nguy hiểm
924,0,9985,"[1125, 296, 33, 28]",6,7543,9985.png,626,1622,30,Nguy hiểm
837,0,9985,"[1126, 297, 31, 27]",6,8883,9985.png,626,1622,30,Nguy hiểm
924,0,9985,"[1126, 296, 33, 28]",6,10165,9985.png,626,1622,30,Nguy hiểm
513,0,9987,"[1494, 118, 27, 19]",6,7556,9987.png,626,1622,28,Nguy hiểm
117,0,9987,"[1443, 121, 13, 9]",6,7557,9987.png,626,1622,28,Nguy hiểm
48,0,9987,"[1428, 134, 8, 6]",6,7558,9987.png,626,1622,28,Nguy hiểm
96,0,9987,"[1440, 131, 12, 8]",6,7559,9987.png,626,1622,28,Nguy hiểm
20,0,9987,"[1416, 139, 5, 4]",6,7560,9987.png,626,1622,28,Nguy hiểm
425,0,9987,"[1494, 120, 25, 17]",6,7996,9987.png,626,1622,28,Nguy hiểm
90,0,9987,"[1445, 121, 10, 9]",6,7997,9987.png,626,1622,28,Nguy hiểm
70,0,9987,"[1441, 131, 10, 7]",6,7998,9987.png,626,1622,28,Nguy hiểm
42,0,9987,"[1428, 134, 7, 6]",6,7999,9987.png,626,1622,28,Nguy hiểm
16,0,9987,"[1417, 139, 4, 4]",6,8000,9987.png,626,1622,28,Nguy hiểm
500,0,9987,"[1495, 118, 25, 20]",6,9562,9987.png,626,1622,28,Nguy hiểm
96,0,9987,"[1443, 122, 12, 8]",6,9563,9987.png,626,1622,28,Nguy hiểm
80,0,9987,"[1441, 131, 10, 8]",6,9564,9987.png,626,1622,28,Nguy hiểm
81,0,9993,"[945, 309, 9, 9]",6,7561,9993.png,626,1622,16,Nguy hiểm
64,0,9993,"[946, 309, 8, 8]",6,7919,9993.png,626,1622,16,Nguy hiểm
64,0,9993,"[946, 309, 8, 8]",6,9594,9993.png,626,1622,16,Nguy hiểm
238,0,9995,"[883, 384, 17, 14]",6,7562,9995.png,626,1622,16,Nguy hiểm
240,0,9995,"[885, 383, 16, 15]",6,8505,9995.png,626,1622,16,Nguy hiểm
225,0,9995,"[885, 383, 15, 15]",6,9609,9995.png,626,1622,16,Nguy hiểm
195,0,9995,"[885, 385, 15, 13]",6,9931,9995.png,626,1622,16,Nguy hiểm
930,0,9996,"[1120, 343, 30, 31]",6,7563,9996.png,626,1622,29,Nguy hiểm
64,0,9998,"[742, 211, 8, 8]",6,7565,9998.png,626,1622,7,Nguy hiểm
56,0,9998,"[743, 212, 8, 7]",6,8076,9998.png,626,1622,7,Nguy hiểm
49,0,9998,"[743, 212, 7, 7]",6,8528,9998.png,626,1622,7,Nguy hiểm
49,0,9998,"[743, 212, 7, 7]",6,8940,9998.png,626,1622,7,Nguy hiểm
49,0,9998,"[742, 212, 7, 7]",6,9432,9998.png,626,1622,7,Nguy hiểm
196,0,10002,"[699, 341, 14, 14]",6,7566,10002.png,626,1622,47,Nguy hiểm
132,0,10002,"[701, 342, 11, 12]",6,9126,10002.png,626,1622,47,Nguy hiểm
648,0,10005,"[739, 429, 27, 24]",6,7567,10005.png,626,1622,16,Nguy hiểm
132,0,10006,"[704, 416, 12, 11]",6,7571,10006.png,626,1622,12,Nguy hiểm
99,0,10006,"[718, 415, 11, 9]",6,7572,10006.png,626,1622,12,Nguy hiểm
120,0,10006,"[705, 416, 12, 10]",6,7921,10006.png,626,1622,12,Nguy hiểm
110,0,10006,"[718, 414, 11, 10]",6,7922,10006.png,626,1622,12,Nguy hiểm
110,0,10006,"[705, 416, 11, 10]",6,9301,10006.png,626,1622,12,Nguy hiểm
110,0,10006,"[718, 415, 11, 10]",6,9302,10006.png,626,1622,12,Nguy hiểm
110,0,10006,"[705, 416, 11, 10]",6,9862,10006.png,626,1622,12,Nguy hiểm
110,0,10006,"[719, 415, 11, 10]",6,9863,10006.png,626,1622,12,Nguy hiểm
7040,0,10011,"[915, 270, 88, 80]",6,7574,10011.png,626,1622,28,Nguy hiểm
7020,0,10011,"[922, 343, 90, 78]",6,7575,10011.png,626,1622,28,Nguy hiểm
5950,0,10011,"[922, 349, 85, 70]",6,8698,10011.png,626,1622,28,Nguy hiểm
6120,0,10011,"[916, 275, 85, 72]",6,8699,10011.png,626,1622,28,Nguy hiểm
6035,0,10011,"[922, 349, 85, 71]",6,9259,10011.png,626,1622,28,Nguy hiểm
6048,0,10011,"[917, 275, 84, 72]",6,9260,10011.png,626,1622,28,Nguy hiểm
56,0,10014,"[1232, 207, 8, 7]",6,7580,10014.png,626,1622,7,Nguy hiểm
99,0,10018,"[807, 217, 11, 9]",6,7583,10018.png,626,1622,18,Nguy hiểm
504,0,10024,"[720, 273, 24, 21]",6,7584,10024.png,626,1622,47,Nguy hiểm
506,0,10024,"[719, 296, 23, 22]",6,7585,10024.png,626,1622,47,Nguy hiểm
550,0,10024,"[719, 272, 25, 22]",6,7659,10024.png,626,1622,47,Nguy hiểm
460,0,10024,"[719, 298, 23, 20]",6,7660,10024.png,626,1622,47,Nguy hiểm
500,0,10025,"[956, 344, 25, 20]",6,7586,10025.png,626,1622,16,Nguy hiểm
483,0,10025,"[956, 343, 23, 21]",6,10426,10025.png,626,1622,16,Nguy hiểm
300,0,10030,"[1483, 82, 20, 15]",6,7593,10030.png,626,1622,28,Nguy hiểm
330,0,10030,"[1481, 83, 22, 15]",6,9840,10030.png,626,1622,28,Nguy hiểm
120,0,10030,"[1276, 100, 12, 10]",6,9841,10030.png,626,1622,28,Nguy hiểm
110,0,10030,"[1291, 100, 11, 10]",6,9842,10030.png,626,1622,28,Nguy hiểm
130,0,10030,"[1305, 100, 13, 10]",6,9843,10030.png,626,1622,28,Nguy hiểm
108,0,10030,"[1276, 101, 12, 9]",6,10405,10030.png,626,1622,28,Nguy hiểm
99,0,10030,"[1291, 101, 11, 9]",6,10406,10030.png,626,1622,28,Nguy hiểm
108,0,10030,"[1305, 101, 12, 9]",6,10407,10030.png,626,1622,28,Nguy hiểm
315,0,10030,"[1482, 82, 21, 15]",6,10408,10030.png,626,1622,28,Nguy hiểm
529,0,10032,"[1143, 244, 23, 23]",6,7596,10032.png,626,1622,45,Nguy hiểm
600,0,10032,"[1141, 243, 25, 24]",6,8867,10032.png,626,1622,45,Nguy hiểm
460,0,10032,"[1143, 246, 23, 20]",6,9945,10032.png,626,1622,45,Nguy hiểm
675,0,10033,"[834, 384, 27, 25]",6,7599,10033.png,626,1622,28,Nguy hiểm
400,0,10044,"[717, 434, 20, 20]",6,7608,10044.png,626,1622,28,Nguy hiểm
420,0,10044,"[716, 434, 21, 20]",6,8979,10044.png,626,1622,28,Nguy hiểm
20,0,10049,"[787, 427, 5, 4]",6,7615,10049.png,626,1622,28,Nguy hiểm
25,0,10049,"[787, 434, 5, 5]",6,7616,10049.png,626,1622,28,Nguy hiểm
25,0,10049,"[787, 433, 5, 5]",6,7779,10049.png,626,1622,28,Nguy hiểm
25,0,10049,"[787, 428, 5, 5]",6,7780,10049.png,626,1622,28,Nguy hiểm
25,0,10049,"[787, 434, 5, 5]",6,9192,10049.png,626,1622,28,Nguy hiểm
25,0,10049,"[787, 428, 5, 5]",6,9193,10049.png,626,1622,28,Nguy hiểm
4872,0,10052,"[1393, 375, 84, 58]",6,7618,10052.png,626,1622,5,Nguy hiểm
4320,0,10052,"[1395, 379, 80, 54]",6,8001,10052.png,626,1622,5,Nguy hiểm
4510,0,10052,"[1397, 377, 82, 55]",6,8974,10052.png,626,1622,5,Nguy hiểm
4144,0,10052,"[1401, 377, 74, 56]",6,10010,10052.png,626,1622,5,Nguy hiểm
100,0,10061,"[1108, 337, 10, 10]",6,7626,10061.png,626,1622,36,Nguy hiểm
110,0,10061,"[1120, 337, 11, 10]",6,7627,10061.png,626,1622,36,Nguy hiểm
120,0,10061,"[1133, 337, 12, 10]",6,7628,10061.png,626,1622,36,Nguy hiểm
110,0,10061,"[1107, 337, 11, 10]",6,8171,10061.png,626,1622,36,Nguy hiểm
100,0,10061,"[1120, 337, 10, 10]",6,8172,10061.png,626,1622,36,Nguy hiểm
121,0,10061,"[1133, 337, 11, 11]",6,8173,10061.png,626,1622,36,Nguy hiểm
100,0,10061,"[1107, 337, 10, 10]",6,9966,10061.png,626,1622,36,Nguy hiểm
90,0,10061,"[1120, 337, 10, 9]",6,9967,10061.png,626,1622,36,Nguy hiểm
130,0,10061,"[1132, 337, 13, 10]",6,9968,10061.png,626,1622,36,Nguy hiểm
690,0,10066,"[190, 366, 30, 23]",6,7631,10066.png,626,1622,28,Nguy hiểm
621,0,10066,"[190, 365, 27, 23]",6,7720,10066.png,626,1622,28,Nguy hiểm
399,0,10071,"[714, 401, 21, 19]",6,7639,10071.png,626,1622,28,Nguy hiểm
306,0,10071,"[716, 403, 18, 17]",6,8012,10071.png,626,1622,28,Nguy hiểm
255,0,10073,"[590, 426, 17, 15]",6,7644,10073.png,626,1622,28,Nguy hiểm
272,0,10073,"[590, 425, 17, 16]",6,9524,10073.png,626,1622,28,Nguy hiểm
132,0,10076,"[1074, 419, 12, 11]",6,10544,10076.png,626,1622,28,Nguy hiểm
143,0,10081,"[603, 293, 13, 11]",6,7652,10081.png,626,1622,16,Nguy hiểm
2226,0,10087,"[1162, 162, 53, 42]",6,7657,10087.png,626,1622,47,Nguy hiểm
1435,0,10089,"[1082, 317, 41, 35]",6,7663,10089.png,626,1622,16,Nguy hiểm
440,0,10097,"[717, 479, 22, 20]",6,7670,10097.png,626,1622,29,Nguy hiểm
299,0,10100,"[775, 272, 13, 23]",6,7676,10100.png,626,1622,37,Nguy hiểm
360,0,10100,"[773, 271, 15, 24]",6,8267,10100.png,626,1622,37,Nguy hiểm
364,0,10100,"[774, 270, 14, 26]",6,9389,10100.png,626,1622,37,Nguy hiểm
286,0,10100,"[774, 272, 13, 22]",6,9638,10100.png,626,1622,37,Nguy hiểm
336,0,10100,"[774, 271, 14, 24]",6,10050,10100.png,626,1622,37,Nguy hiểm
299,0,10100,"[774, 271, 13, 23]",6,10146,10100.png,626,1622,37,Nguy hiểm
1435,0,10112,"[1399, 438, 41, 35]",6,7686,10112.png,626,1622,20,Nguy hiểm
1716,0,10112,"[1397, 437, 44, 39]",6,8506,10112.png,626,1622,20,Nguy hiểm
1470,0,10112,"[1399, 438, 42, 35]",6,8806,10112.png,626,1622,20,Nguy hiểm
1548,0,10112,"[1398, 438, 43, 36]",6,9147,10112.png,626,1622,20,Nguy hiểm
1548,0,10112,"[1399, 438, 43, 36]",6,9855,10112.png,626,1622,20,Nguy hiểm
300,0,10113,"[1040, 303, 20, 15]",6,7687,10113.png,626,1622,16,Nguy hiểm
414,0,10113,"[1038, 301, 23, 18]",6,9324,10113.png,626,1622,16,Nguy hiểm
132,0,10124,"[1388, 426, 12, 11]",6,7692,10124.png,626,1622,28,Nguy hiểm
156,0,10124,"[1389, 425, 13, 12]",6,8248,10124.png,626,1622,28,Nguy hiểm
169,0,10124,"[1389, 426, 13, 13]",6,8264,10124.png,626,1622,28,Nguy hiểm
156,0,10126,"[737, 247, 13, 12]",6,7694,10126.png,626,1622,52,Nguy hiểm
180,0,10126,"[736, 247, 15, 12]",6,9206,10126.png,626,1622,52,Nguy hiểm
255,0,10140,"[694, 443, 17, 15]",6,7710,10140.png,626,1622,28,Nguy hiểm
25,0,10140,"[666, 450, 5, 5]",6,7711,10140.png,626,1622,28,Nguy hiểm
288,0,10140,"[694, 442, 18, 16]",6,8872,10140.png,626,1622,28,Nguy hiểm
1258,0,10145,"[934, 160, 37, 34]",6,7716,10145.png,626,1622,47,Nguy hiểm
1404,0,10145,"[933, 158, 39, 36]",6,8960,10145.png,626,1622,47,Nguy hiểm
1295,0,10145,"[934, 159, 37, 35]",6,10422,10145.png,626,1622,47,Nguy hiểm
255,0,10146,"[758, 470, 17, 15]",6,7719,10146.png,626,1622,19,Nguy hiểm
143,0,10150,"[540, 319, 13, 11]",6,7721,10150.png,626,1622,16,Nguy hiểm
156,0,10150,"[541, 318, 13, 12]",6,8015,10150.png,626,1622,16,Nguy hiểm
63,0,10153,"[797, 338, 9, 7]",6,7722,10153.png,626,1622,16,Nguy hiểm
48,0,10153,"[798, 339, 8, 6]",6,7993,10153.png,626,1622,16,Nguy hiểm
42,0,10153,"[798, 338, 7, 6]",6,9975,10153.png,626,1622,16,Nguy hiểm
1248,0,10154,"[607, 71, 39, 32]",6,7724,10154.png,626,1622,36,Nguy hiểm
234,0,10157,"[985, 308, 18, 13]",6,7726,10157.png,626,1622,16,Nguy hiểm
168,0,10157,"[986, 308, 14, 12]",6,9918,10157.png,626,1622,16,Nguy hiểm
384,0,10160,"[1463, 317, 24, 16]",6,7733,10160.png,626,1622,23,Nguy hiểm
320,0,10160,"[1466, 317, 20, 16]",6,8032,10160.png,626,1622,23,Nguy hiểm
391,0,10160,"[1465, 316, 23, 17]",6,9407,10160.png,626,1622,23,Nguy hiểm
2397,0,10164,"[352, 393, 47, 51]",6,7736,10164.png,626,1622,28,Nguy hiểm
2350,0,10164,"[353, 394, 47, 50]",6,9555,10164.png,626,1622,28,Nguy hiểm
360,0,10168,"[847, 273, 20, 18]",6,7747,10168.png,626,1622,28,Nguy hiểm
342,0,10168,"[849, 274, 19, 18]",6,9650,10168.png,626,1622,28,Nguy hiểm
378,0,10168,"[847, 275, 21, 18]",6,10423,10168.png,626,1622,28,Nguy hiểm
99,0,10172,"[725, 434, 11, 9]",6,7756,10172.png,626,1622,28,Nguy hiểm
375,0,10173,"[1493, 127, 25, 15]",6,7757,10173.png,626,1622,28,Nguy hiểm
96,0,10173,"[1439, 138, 12, 8]",6,7758,10173.png,626,1622,28,Nguy hiểm
400,0,10173,"[1491, 126, 25, 16]",6,8833,10173.png,626,1622,28,Nguy hiểm
70,0,10173,"[1440, 140, 10, 7]",6,8834,10173.png,626,1622,28,Nguy hiểm
70,0,10173,"[1440, 140, 10, 7]",6,9804,10173.png,626,1622,28,Nguy hiểm
322,0,10173,"[1493, 129, 23, 14]",6,9805,10173.png,626,1622,28,Nguy hiểm
286,0,10173,"[1494, 129, 22, 13]",6,10393,10173.png,626,1622,28,Nguy hiểm
54,0,10173,"[1441, 140, 9, 6]",6,10394,10173.png,626,1622,28,Nguy hiểm
1720,0,10179,"[611, 287, 43, 40]",6,7760,10179.png,626,1622,16,Nguy hiểm
56,0,10180,"[633, 332, 8, 7]",6,7763,10180.png,626,1622,47,Nguy hiểm
550,0,10182,"[843, 454, 25, 22]",6,7768,10182.png,626,1622,16,Nguy hiểm
144,0,10184,"[887, 249, 12, 12]",6,7771,10184.png,626,1622,29,Nguy hiểm
14200,0,10185,"[1271, 24, 142, 100]",6,7772,10185.png,626,1622,28,Nguy hiểm
13095,0,10185,"[1274, 26, 135, 97]",6,8791,10185.png,626,1622,28,Nguy hiểm
15038,0,10185,"[1265, 24, 146, 103]",6,9316,10185.png,626,1622,28,Nguy hiểm
550,0,10191,"[742, 227, 25, 22]",6,7782,10191.png,626,1622,47,Nguy hiểm
380,0,10196,"[885, 300, 20, 19]",6,7786,10196.png,626,1622,34,Nguy hiểm
342,0,10196,"[885, 300, 18, 19]",6,8968,10196.png,626,1622,34,Nguy hiểm
182,0,10197,"[901, 380, 14, 13]",6,7789,10197.png,626,1622,16,Nguy hiểm
1188,0,10202,"[895, 213, 36, 33]",6,7796,10202.png,626,1622,47,Nguy hiểm
30,0,10204,"[728, 214, 6, 5]",6,7798,10204.png,626,1622,7,Nguy hiểm
460,0,10208,"[978, 245, 23, 20]",6,7800,10208.png,626,1622,16,Nguy hiểm
550,0,10208,"[978, 244, 25, 22]",6,9075,10208.png,626,1622,16,Nguy hiểm
2970,0,10230,"[883, 239, 55, 54]",6,7822,10230.png,626,1622,28,Nguy hiểm
3360,0,10230,"[882, 238, 60, 56]",6,9588,10230.png,626,1622,28,Nguy hiểm
440,0,10232,"[594, 413, 22, 20]",6,7824,10232.png,626,1622,28,Nguy hiểm
528,0,10232,"[593, 412, 24, 22]",6,8409,10232.png,626,1622,28,Nguy hiểm
440,0,10232,"[594, 413, 22, 20]",6,8673,10232.png,626,1622,28,Nguy hiểm
440,0,10232,"[595, 413, 22, 20]",6,9766,10232.png,626,1622,28,Nguy hiểm
156,0,10233,"[929, 237, 13, 12]",6,7825,10233.png,626,1622,29,Nguy hiểm
306,0,10236,"[791, 487, 18, 17]",6,7829,10236.png,626,1622,12,Nguy hiểm
225,0,10236,"[792, 490, 15, 15]",6,8557,10236.png,626,1622,12,Nguy hiểm
270,0,10236,"[790, 490, 18, 15]",6,10175,10236.png,626,1622,12,Nguy hiểm
396,0,10238,"[974, 247, 22, 18]",6,7830,10238.png,626,1622,29,Nguy hiểm
378,0,10238,"[974, 248, 21, 18]",6,9425,10238.png,626,1622,29,Nguy hiểm
399,0,10238,"[975, 247, 21, 19]",6,10260,10238.png,626,1622,29,Nguy hiểm
1178,0,10245,"[686, 274, 38, 31]",6,7836,10245.png,626,1622,28,Nguy hiểm
30,0,10245,"[566, 300, 6, 5]",6,7837,10245.png,626,1622,28,Nguy hiểm
1120,0,10245,"[687, 274, 35, 32]",6,9666,10245.png,626,1622,28,Nguy hiểm
35,0,10245,"[567, 300, 7, 5]",6,9667,10245.png,626,1622,28,Nguy hiểm
1020,0,10245,"[688, 275, 34, 30]",6,10127,10245.png,626,1622,28,Nguy hiểm
30,0,10245,"[567, 300, 6, 5]",6,10128,10245.png,626,1622,28,Nguy hiểm
3776,0,10246,"[1127, 507, 59, 64]",6,7838,10246.png,626,1622,29,Nguy hiểm
4800,0,10246,"[1125, 498, 64, 75]",6,8295,10246.png,626,1622,29,Nguy hiểm
4092,0,10246,"[1126, 506, 62, 66]",6,9420,10246.png,626,1622,29,Nguy hiểm
414,0,10256,"[850, 443, 23, 18]",6,7839,10256.png,626,1622,5,Nguy hiểm
35,0,10259,"[797, 351, 7, 5]",6,7844,10259.png,626,1622,16,Nguy hiểm
36,0,10259,"[798, 351, 6, 6]",6,10034,10259.png,626,1622,16,Nguy hiểm
168,0,10261,"[665, 458, 14, 12]",6,7845,10261.png,626,1622,16,Nguy hiểm
168,0,10261,"[665, 457, 14, 12]",6,9898,10261.png,626,1622,16,Nguy hiểm
88,0,10265,"[610, 448, 11, 8]",6,7851,10265.png,626,1622,16,Nguy hiểm
1260,0,10266,"[914, 125, 35, 36]",6,7852,10266.png,626,1622,47,Nguy hiểm
80,0,10266,"[654, 166, 10, 8]",6,7853,10266.png,626,1622,47,Nguy hiểm
72,0,10280,"[727, 433, 9, 8]",6,7881,10280.png,626,1622,28,Nguy hiểm
81,0,10280,"[727, 433, 9, 9]",6,8577,10280.png,626,1622,28,Nguy hiểm
182,0,10283,"[765, 316, 14, 13]",6,7885,10283.png,626,1622,47,Nguy hiểm
210,0,10283,"[764, 316, 15, 14]",6,9300,10283.png,626,1622,47,Nguy hiểm
224,0,10283,"[764, 316, 16, 14]",6,10062,10283.png,626,1622,47,Nguy hiểm
380,0,10285,"[896, 217, 20, 19]",6,7886,10285.png,626,1622,47,Nguy hiểm
420,0,10285,"[896, 217, 21, 20]",6,9392,10285.png,626,1622,47,Nguy hiểm
361,0,10285,"[897, 216, 19, 19]",6,10261,10285.png,626,1622,47,Nguy hiểm
285,0,10287,"[1198, 407, 19, 15]",6,7887,10287.png,626,1622,12,Nguy hiểm
270,0,10287,"[1200, 407, 18, 15]",6,10090,10287.png,626,1622,12,Nguy hiểm
266,0,10287,"[1198, 407, 19, 14]",6,10585,10287.png,626,1622,12,Nguy hiểm
121,0,10290,"[847, 391, 11, 11]",6,7889,10290.png,626,1622,16,Nguy hiểm
110,0,10293,"[799, 186, 11, 10]",6,7892,10293.png,626,1622,47,Nguy hiểm
304,0,10293,"[830, 166, 19, 16]",6,7893,10293.png,626,1622,47,Nguy hiểm
255,0,10293,"[831, 167, 17, 15]",6,10024,10293.png,626,1622,47,Nguy hiểm
100,0,10293,"[800, 186, 10, 10]",6,10025,10293.png,626,1622,47,Nguy hiểm
1480,0,10315,"[1004, 360, 40, 37]",6,7905,10315.png,626,1622,16,Nguy hiểm
1634,0,10315,"[1001, 358, 43, 38]",6,8401,10315.png,626,1622,16,Nguy hiểm
1720,0,10315,"[1001, 358, 43, 40]",6,8904,10315.png,626,1622,16,Nguy hiểm
81,0,10319,"[827, 372, 9, 9]",6,7907,10319.png,626,1622,28,Nguy hiểm
64,0,10319,"[816, 369, 8, 8]",6,7908,10319.png,626,1622,28,Nguy hiểm
224,0,10338,"[710, 330, 16, 14]",6,7924,10338.png,626,1622,16,Nguy hiểm
168,0,10338,"[711, 330, 14, 12]",6,8780,10338.png,626,1622,16,Nguy hiểm
720,0,10346,"[1234, 375, 30, 24]",6,7936,10346.png,626,1622,5,Nguy hiểm
648,0,10346,"[1237, 375, 27, 24]",6,8709,10346.png,626,1622,5,Nguy hiểm
980,0,10346,"[1233, 372, 35, 28]",6,9526,10346.png,626,1622,5,Nguy hiểm
725,0,10346,"[1236, 375, 29, 25]",6,9655,10346.png,626,1622,5,Nguy hiểm
270,0,10347,"[803, 344, 18, 15]",6,7937,10347.png,626,1622,53,Nguy hiểm
342,0,10347,"[803, 342, 19, 18]",6,9380,10347.png,626,1622,53,Nguy hiểm
63,0,10350,"[536, 476, 9, 7]",6,7938,10350.png,626,1622,16,Nguy hiểm
42,0,10350,"[536, 476, 7, 6]",6,8384,10350.png,626,1622,16,Nguy hiểm
255,0,10354,"[834, 263, 17, 15]",6,7940,10354.png,626,1622,28,Nguy hiểm
255,0,10354,"[834, 263, 17, 15]",6,8843,10354.png,626,1622,28,Nguy hiểm
80,0,10357,"[823, 211, 10, 8]",6,7942,10357.png,626,1622,34,Nguy hiểm
130,0,10357,"[822, 210, 13, 10]",6,10047,10357.png,626,1622,34,Nguy hiểm
120,0,10363,"[802, 383, 12, 10]",6,7949,10363.png,626,1622,28,Nguy hiểm
117,0,10363,"[802, 384, 13, 9]",6,8293,10363.png,626,1622,28,Nguy hiểm
110,0,10363,"[802, 383, 11, 10]",6,10533,10363.png,626,1622,28,Nguy hiểm
90,0,10366,"[684, 444, 10, 9]",6,7953,10366.png,626,1622,28,Nguy hiểm
506,0,10374,"[800, 460, 23, 22]",6,7967,10374.png,626,1622,16,Nguy hiểm
440,0,10374,"[801, 461, 22, 20]",6,10247,10374.png,626,1622,16,Nguy hiểm
378,0,10378,"[619, 458, 21, 18]",6,7972,10378.png,626,1622,16,Nguy hiểm
567,0,10380,"[1219, 417, 27, 21]",6,7974,10380.png,626,1622,28,Nguy hiểm
520,0,10380,"[1220, 418, 26, 20]",6,8817,10380.png,626,1622,28,Nguy hiểm
475,0,10380,"[1221, 417, 25, 19]",6,9622,10380.png,626,1622,28,Nguy hiểm
540,0,10380,"[1218, 417, 27, 20]",6,10107,10380.png,626,1622,28,Nguy hiểm
132,0,10394,"[799, 227, 12, 11]",6,7990,10394.png,626,1622,47,Nguy hiểm
80,0,10409,"[737, 341, 10, 8]",6,8011,10409.png,626,1622,19,Nguy hiểm
90,0,10420,"[937, 450, 9, 10]",6,8016,10420.png,626,1622,5,Nguy hiểm
72,0,10420,"[936, 452, 9, 8]",6,8667,10420.png,626,1622,5,Nguy hiểm
36,0,10438,"[607, 417, 6, 6]",6,8029,10438.png,626,1622,28,Nguy hiểm
42,0,10438,"[607, 410, 7, 6]",6,8030,10438.png,626,1622,28,Nguy hiểm
42,0,10439,"[706, 322, 7, 6]",6,8031,10439.png,626,1622,16,Nguy hiểm
56,0,10439,"[706, 321, 7, 8]",6,8453,10439.png,626,1622,16,Nguy hiểm
64,0,10439,"[705, 321, 8, 8]",6,8941,10439.png,626,1622,16,Nguy hiểm
1728,0,10445,"[1107, 354, 48, 36]",6,8038,10445.png,626,1622,47,Nguy hiểm
110,0,10453,"[511, 451, 11, 10]",6,8055,10453.png,626,1622,16,Nguy hiểm
121,0,10453,"[511, 451, 11, 11]",6,8504,10453.png,626,1622,16,Nguy hiểm
132,0,10453,"[510, 451, 12, 11]",6,9430,10453.png,626,1622,16,Nguy hiểm
143,0,10458,"[671, 493, 11, 13]",6,8059,10458.png,626,1622,29,Nguy hiểm
63,0,10460,"[494, 368, 9, 7]",6,8063,10460.png,626,1622,53,Nguy hiểm
25,0,10460,"[823, 369, 5, 5]",6,8071,10460.png,626,1622,53,Nguy hiểm
195,0,10466,"[577, 458, 15, 13]",6,8078,10466.png,626,1622,16,Nguy hiểm
255,0,10466,"[577, 456, 17, 15]",6,9076,10466.png,626,1622,16,Nguy hiểm
224,0,10466,"[578, 456, 16, 14]",6,10178,10466.png,626,1622,16,Nguy hiểm
1560,0,10471,"[831, 465, 39, 40]",6,8080,10471.png,626,1622,16,Nguy hiểm
110,0,10471,"[596, 474, 11, 10]",6,8081,10471.png,626,1622,16,Nguy hiểm
1332,0,10471,"[832, 465, 36, 37]",6,10275,10471.png,626,1622,16,Nguy hiểm
72,0,10471,"[596, 475, 9, 8]",6,10276,10471.png,626,1622,16,Nguy hiểm
99,0,10478,"[800, 315, 11, 9]",6,8090,10478.png,626,1622,16,Nguy hiểm
195,0,10481,"[789, 212, 15, 13]",6,8091,10481.png,626,1622,18,Nguy hiểm
36,0,10483,"[537, 476, 6, 6]",6,8092,10483.png,626,1622,16,Nguy hiểm
2244,0,10487,"[1081, 362, 44, 51]",6,9070,10487.png,626,1622,33,Nguy hiểm
30,0,10492,"[507, 246, 5, 6]",6,8100,10492.png,626,1622,18,Nguy hiểm
572,0,10494,"[1096, 525, 26, 22]",6,8101,10494.png,626,1622,29,Nguy hiểm
30,0,10494,"[1001, 543, 5, 6]",6,8102,10494.png,626,1622,29,Nguy hiểm
546,0,10494,"[1095, 525, 26, 21]",6,8751,10494.png,626,1622,29,Nguy hiểm
49,0,10494,"[999, 543, 7, 7]",6,8752,10494.png,626,1622,29,Nguy hiểm
575,0,10494,"[1096, 524, 25, 23]",6,10192,10494.png,626,1622,29,Nguy hiểm
750,0,10504,"[1040, 361, 30, 25]",6,8116,10504.png,626,1622,28,Nguy hiểm
850,0,10504,"[1034, 335, 34, 25]",6,8117,10504.png,626,1622,28,Nguy hiểm
910,0,10504,"[1032, 307, 35, 26]",6,8118,10504.png,626,1622,28,Nguy hiểm
130,0,10509,"[806, 297, 13, 10]",6,8124,10509.png,626,1622,15,Nguy hiểm
156,0,10509,"[807, 295, 13, 12]",6,9017,10509.png,626,1622,15,Nguy hiểm
143,0,10509,"[807, 296, 13, 11]",6,9182,10509.png,626,1622,15,Nguy hiểm
143,0,10509,"[807, 296, 13, 11]",6,9963,10509.png,626,1622,15,Nguy hiểm
800,0,10515,"[1227, 336, 32, 25]",6,8131,10515.png,626,1622,22,Nguy hiểm
720,0,10515,"[1228, 337, 30, 24]",6,9224,10515.png,626,1622,22,Nguy hiểm
187,0,10519,"[1567, 93, 17, 11]",6,8133,10519.png,626,1622,28,Nguy hiểm
176,0,10519,"[1567, 93, 16, 11]",6,8756,10519.png,626,1622,28,Nguy hiểm
272,0,10527,"[779, 272, 17, 16]",6,8156,10527.png,626,1622,32,Nguy hiểm
256,0,10527,"[779, 272, 16, 16]",6,8335,10527.png,626,1622,32,Nguy hiểm
225,0,10527,"[779, 273, 15, 15]",6,10130,10527.png,626,1622,32,Nguy hiểm
952,0,10528,"[1083, 344, 28, 34]",6,8158,10528.png,626,1622,28,Nguy hiểm
696,0,10528,"[1085, 348, 24, 29]",6,9623,10528.png,626,1622,28,Nguy hiểm
25,0,10530,"[755, 531, 5, 5]",6,8164,10530.png,626,1622,29,Nguy hiểm
30,0,10530,"[754, 531, 6, 5]",6,9618,10530.png,626,1622,29,Nguy hiểm
4514,0,10531,"[1083, 299, 61, 74]",6,8165,10531.png,626,1622,16,Nguy hiểm
4992,0,10531,"[1081, 297, 64, 78]",6,9809,10531.png,626,1622,16,Nguy hiểm
8787,0,10532,"[1455, 182, 87, 101]",6,8166,10532.png,626,1622,16,Nguy hiểm
36,0,10533,"[718, 308, 6, 6]",6,8167,10533.png,626,1622,16,Nguy hiểm
440,0,10544,"[850, 167, 22, 20]",6,8174,10544.png,626,1622,47,Nguy hiểm
460,0,10544,"[850, 168, 23, 20]",6,10516,10544.png,626,1622,47,Nguy hiểm
418,0,10546,"[735, 163, 22, 19]",6,8175,10546.png,626,1622,47,Nguy hiểm
30,0,10546,"[622, 189, 6, 5]",6,8176,10546.png,626,1622,47,Nguy hiểm
56,0,10546,"[652, 186, 8, 7]",6,8177,10546.png,626,1622,47,Nguy hiểm
42,0,10547,"[934, 313, 7, 6]",6,8179,10547.png,626,1622,16,Nguy hiểm
42,0,10547,"[935, 312, 7, 6]",6,8766,10547.png,626,1622,16,Nguy hiểm
56,0,10547,"[934, 312, 8, 7]",6,9552,10547.png,626,1622,16,Nguy hiểm
572,0,10550,"[647, 232, 26, 22]",6,8183,10550.png,626,1622,18,Nguy hiểm
644,0,10550,"[646, 231, 28, 23]",6,9890,10550.png,626,1622,18,Nguy hiểm
323,0,10555,"[723, 419, 19, 17]",6,8195,10555.png,626,1622,28,Nguy hiểm
288,0,10555,"[723, 420, 18, 16]",6,8819,10555.png,626,1622,28,Nguy hiểm
624,0,10574,"[900, 248, 26, 24]",6,8208,10574.png,626,1622,28,Nguy hiểm
546,0,10574,"[900, 250, 26, 21]",6,10614,10574.png,626,1622,28,Nguy hiểm
1204,0,10582,"[1505, 229, 43, 28]",6,8213,10582.png,626,1622,28,Nguy hiểm
1118,0,10582,"[1505, 231, 43, 26]",6,8895,10582.png,626,1622,28,Nguy hiểm
24400,0,10583,"[1519, 204, 100, 244]",6,8216,10583.png,626,1622,28,Nguy hiểm
23300,0,10583,"[1521, 216, 100, 233]",6,8736,10583.png,626,1622,28,Nguy hiểm
418,0,10591,"[1008, 414, 22, 19]",6,8223,10591.png,626,1622,28,Nguy hiểm
418,0,10591,"[1008, 413, 22, 19]",6,9102,10591.png,626,1622,28,Nguy hiểm
360,0,10591,"[1009, 414, 20, 18]",6,9715,10591.png,626,1622,28,Nguy hiểm
440,0,10599,"[708, 484, 22, 20]",6,8231,10599.png,626,1622,29,Nguy hiểm
460,0,10599,"[708, 484, 23, 20]",6,9090,10599.png,626,1622,29,Nguy hiểm
928,0,10600,"[1094, 531, 32, 29]",6,8236,10600.png,626,1622,29,Nguy hiểm
780,0,10602,"[672, 410, 30, 26]",6,8238,10602.png,626,1622,28,Nguy hiểm
288,0,10604,"[830, 245, 18, 16]",6,8244,10604.png,626,1622,5,Nguy hiểm
644,0,10610,"[758, 426, 28, 23]",6,8247,10610.png,626,1622,28,Nguy hiểm
729,0,10610,"[758, 424, 27, 27]",6,9642,10610.png,626,1622,28,Nguy hiểm
598,0,10610,"[759, 426, 26, 23]",6,10557,10610.png,626,1622,28,Nguy hiểm
168,0,10616,"[605, 270, 14, 12]",6,8254,10616.png,626,1622,28,Nguy hiểm
144,0,10616,"[606, 270, 12, 12]",6,9985,10616.png,626,1622,28,Nguy hiểm
238,0,10620,"[965, 446, 17, 14]",6,8258,10620.png,626,1622,5,Nguy hiểm
195,0,10620,"[965, 446, 15, 13]",6,9043,10620.png,626,1622,5,Nguy hiểm
168,0,10620,"[966, 446, 14, 12]",6,9826,10620.png,626,1622,5,Nguy hiểm
156,0,10620,"[966, 446, 13, 12]",6,9889,10620.png,626,1622,5,Nguy hiểm
728,0,10628,"[422, 250, 28, 26]",6,8270,10628.png,626,1622,45,Nguy hiểm
672,0,10628,"[421, 250, 28, 24]",6,9013,10628.png,626,1622,45,Nguy hiểm
644,0,10628,"[421, 251, 28, 23]",6,9282,10628.png,626,1622,45,Nguy hiểm
99,0,10632,"[1112, 422, 11, 9]",6,8275,10632.png,626,1622,12,Nguy hiểm
88,0,10632,"[1113, 423, 11, 8]",6,8732,10632.png,626,1622,12,Nguy hiểm
20016,0,10641,"[1189, 357, 144, 139]",6,8280,10641.png,626,1622,28,Nguy hiểm
16254,0,10641,"[1196, 363, 129, 126]",6,8740,10641.png,626,1622,28,Nguy hiểm
90,0,10651,"[824, 349, 10, 9]",6,8299,10651.png,626,1622,16,Nguy hiểm
30,0,10656,"[907, 272, 6, 5]",6,8307,10656.png,626,1622,33,Nguy hiểm
2392,0,10657,"[1190, 298, 52, 46]",6,8309,10657.png,626,1622,53,Nguy hiểm
1890,0,10657,"[1193, 300, 45, 42]",6,8663,10657.png,626,1622,53,Nguy hiểm
2438,0,10657,"[1188, 298, 53, 46]",6,9351,10657.png,626,1622,53,Nguy hiểm
143,0,10659,"[608, 428, 13, 11]",6,8311,10659.png,626,1622,28,Nguy hiểm
72,0,10661,"[724, 426, 9, 8]",6,8313,10661.png,626,1622,12,Nguy hiểm
81,0,10661,"[724, 424, 9, 9]",6,8987,10661.png,626,1622,12,Nguy hiểm
99,0,10669,"[900, 317, 11, 9]",6,8319,10669.png,626,1622,16,Nguy hiểm
80,0,10669,"[900, 317, 10, 8]",6,8721,10669.png,626,1622,16,Nguy hiểm
390,0,10674,"[1587, 71, 26, 15]",6,8324,10674.png,626,1622,28,Nguy hiểm
308,0,10674,"[1588, 71, 22, 14]",6,8822,10674.png,626,1622,28,Nguy hiểm
345,0,10674,"[1587, 71, 23, 15]",6,10083,10674.png,626,1622,28,Nguy hiểm
4020,0,10677,"[939, 156, 60, 67]",6,8329,10677.png,626,1622,47,Nguy hiểm
567,0,10686,"[993, 410, 27, 21]",6,8334,10686.png,626,1622,28,Nguy hiểm
110,0,10694,"[928, 340, 11, 10]",6,8344,10694.png,626,1622,16,Nguy hiểm
2184,0,10694,"[1169, 323, 52, 42]",6,8345,10694.png,626,1622,16,Nguy hiểm
195,0,10696,"[754, 238, 15, 13]",6,8350,10696.png,626,1622,47,Nguy hiểm
143,0,10696,"[755, 239, 13, 11]",6,9645,10696.png,626,1622,47,Nguy hiểm
12052,0,10696,"[1529, 108, 92, 131]",6,9648,10696.png,626,1622,47,Nguy hiểm
224,0,10700,"[844, 339, 16, 14]",6,8352,10700.png,626,1622,16,Nguy hiểm
528,0,10706,"[979, 243, 24, 22]",6,8355,10706.png,626,1622,16,Nguy hiểm
480,0,10706,"[979, 245, 24, 20]",6,8723,10706.png,626,1622,16,Nguy hiểm
546,0,10706,"[977, 245, 26, 21]",6,9210,10706.png,626,1622,16,Nguy hiểm
182,0,10710,"[773, 379, 14, 13]",6,8362,10710.png,626,1622,29,Nguy hiểm
168,0,10710,"[773, 380, 14, 12]",6,8636,10710.png,626,1622,29,Nguy hiểm
143,0,10710,"[774, 380, 13, 11]",6,9003,10710.png,626,1622,29,Nguy hiểm
594,0,10720,"[981, 346, 27, 22]",6,8371,10720.png,626,1622,16,Nguy hiểm
550,0,10720,"[981, 347, 25, 22]",6,10432,10720.png,626,1622,16,Nguy hiểm
675,0,10725,"[1073, 295, 27, 25]",6,8385,10725.png,626,1622,16,Nguy hiểm
598,0,10740,"[762, 149, 26, 23]",6,8406,10740.png,626,1622,47,Nguy hiểm
288,0,10746,"[876, 292, 18, 16]",6,8419,10746.png,626,1622,28,Nguy hiểm
80,0,10746,"[835, 295, 10, 8]",6,8420,10746.png,626,1622,28,Nguy hiểm
288,0,10746,"[876, 292, 18, 16]",6,9998,10746.png,626,1622,28,Nguy hiểm
72,0,10746,"[835, 295, 9, 8]",6,9999,10746.png,626,1622,28,Nguy hiểm
638,0,10747,"[1180, 242, 29, 22]",6,8421,10747.png,626,1622,28,Nguy hiểm
594,0,10747,"[1181, 242, 27, 22]",6,9536,10747.png,626,1622,28,Nguy hiểm
650,0,10748,"[895, 284, 26, 25]",6,8422,10748.png,626,1622,16,Nguy hiểm
728,0,10748,"[894, 284, 28, 26]",6,8855,10748.png,626,1622,16,Nguy hiểm
380,0,10751,"[1367, 346, 20, 19]",6,8424,10751.png,626,1622,22,Nguy hiểm
80,0,10752,"[654, 309, 10, 8]",6,9138,10752.png,626,1622,37,Nguy hiểm
121,0,10754,"[759, 356, 11, 11]",6,8429,10754.png,626,1622,29,Nguy hiểm
110,0,10754,"[759, 357, 11, 10]",6,10280,10754.png,626,1622,29,Nguy hiểm
132,0,10755,"[966, 253, 12, 11]",6,8430,10755.png,626,1622,29,Nguy hiểm
130,0,10756,"[580, 310, 13, 10]",6,8433,10756.png,626,1622,23,Nguy hiểm
90,0,10756,"[581, 312, 10, 9]",6,10404,10756.png,626,1622,23,Nguy hiểm
483,0,10761,"[966, 483, 23, 21]",6,8443,10761.png,626,1622,29,Nguy hiểm
440,0,10761,"[965, 507, 22, 20]",6,8444,10761.png,626,1622,29,Nguy hiểm
418,0,10761,"[965, 508, 22, 19]",6,9145,10761.png,626,1622,29,Nguy hiểm
440,0,10761,"[964, 484, 22, 20]",6,9146,10761.png,626,1622,29,Nguy hiểm
2745,0,10763,"[1274, 345, 61, 45]",6,8445,10763.png,626,1622,5,Nguy hiểm
156,0,10770,"[829, 360, 13, 12]",6,10030,10770.png,626,1622,16,Nguy hiểm
255,0,10772,"[987, 249, 17, 15]",6,8451,10772.png,626,1622,29,Nguy hiểm
56,0,10772,"[945, 251, 7, 8]",6,8452,10772.png,626,1622,29,Nguy hiểm
255,0,10772,"[987, 250, 17, 15]",6,9446,10772.png,626,1622,29,Nguy hiểm
36,0,10772,"[945, 253, 6, 6]",6,9447,10772.png,626,1622,29,Nguy hiểm
108,0,10775,"[569, 450, 12, 9]",6,8455,10775.png,626,1622,16,Nguy hiểm
90,0,10775,"[569, 451, 10, 9]",6,9439,10775.png,626,1622,16,Nguy hiểm
594,0,10785,"[375, 329, 22, 27]",6,8464,10785.png,626,1622,18,Nguy hiểm
713,0,10785,"[398, 328, 23, 31]",6,8465,10785.png,626,1622,18,Nguy hiểm
736,0,10785,"[422, 328, 23, 32]",6,8466,10785.png,626,1622,18,Nguy hiểm
648,0,10791,"[764, 422, 27, 24]",6,8475,10791.png,626,1622,28,Nguy hiểm
506,0,10791,"[766, 422, 23, 22]",6,9032,10791.png,626,1622,28,Nguy hiểm
506,0,10791,"[765, 423, 23, 22]",6,10300,10791.png,626,1622,28,Nguy hiểm
99,0,10794,"[911, 369, 11, 9]",6,8924,10794.png,626,1622,36,Nguy hiểm
130,0,10794,"[930, 368, 13, 10]",6,8925,10794.png,626,1622,36,Nguy hiểm
285,0,10795,"[632, 278, 19, 15]",6,8478,10795.png,626,1622,28,Nguy hiểm
304,0,10795,"[632, 277, 19, 16]",6,9093,10795.png,626,1622,28,Nguy hiểm
323,0,10795,"[632, 277, 19, 17]",6,9850,10795.png,626,1622,28,Nguy hiểm
270,0,10795,"[632, 277, 18, 15]",6,10297,10795.png,626,1622,28,Nguy hiểm
357,0,10800,"[712, 404, 21, 17]",6,8494,10800.png,626,1622,16,Nguy hiểm
3432,0,10818,"[1080, 139, 66, 52]",6,8519,10818.png,626,1622,47,Nguy hiểm
3864,0,10818,"[1080, 135, 69, 56]",6,9000,10818.png,626,1622,47,Nguy hiểm
255,0,10823,"[770, 273, 17, 15]",6,8524,10823.png,626,1622,28,Nguy hiểm
648,0,10825,"[718, 347, 27, 24]",6,8525,10825.png,626,1622,16,Nguy hiểm
624,0,10825,"[718, 347, 26, 24]",6,8600,10825.png,626,1622,16,Nguy hiểm
728,0,10825,"[717, 346, 28, 26]",6,8976,10825.png,626,1622,16,Nguy hiểm
624,0,10825,"[718, 347, 26, 24]",6,9787,10825.png,626,1622,16,Nguy hiểm
24,0,10826,"[801, 359, 6, 4]",6,8702,10826.png,626,1622,16,Nguy hiểm
168,0,10830,"[1007, 123, 14, 12]",6,8532,10830.png,626,1622,28,Nguy hiểm
224,0,10837,"[707, 242, 16, 14]",6,8540,10837.png,626,1622,5,Nguy hiểm
285,0,10837,"[705, 241, 19, 15]",6,8988,10837.png,626,1622,5,Nguy hiểm
272,0,10840,"[908, 503, 17, 16]",6,8542,10840.png,626,1622,29,Nguy hiểm
306,0,10840,"[907, 503, 18, 17]",6,8805,10840.png,626,1622,29,Nguy hiểm
575,0,10843,"[733, 491, 23, 25]",6,8543,10843.png,626,1622,29,Nguy hiểm
624,0,10843,"[733, 491, 24, 26]",6,9254,10843.png,626,1622,29,Nguy hiểm
575,0,10843,"[733, 491, 23, 25]",6,9880,10843.png,626,1622,29,Nguy hiểm
550,0,10843,"[735, 491, 22, 25]",6,10572,10843.png,626,1622,29,Nguy hiểm
575,0,10843,"[734, 491, 23, 25]",6,10613,10843.png,626,1622,29,Nguy hiểm
272,0,10850,"[514, 305, 16, 17]",6,8545,10850.png,626,1622,45,Nguy hiểm
624,0,10852,"[629, 447, 26, 24]",6,8546,10852.png,626,1622,16,Nguy hiểm
484,0,10852,"[630, 448, 22, 22]",6,9670,10852.png,626,1622,16,Nguy hiểm
304,0,10858,"[754, 338, 19, 16]",6,8556,10858.png,626,1622,16,Nguy hiểm
360,0,10862,"[675, 213, 20, 18]",6,8560,10862.png,626,1622,18,Nguy hiểm
378,0,10862,"[676, 233, 21, 18]",6,8561,10862.png,626,1622,18,Nguy hiểm
5304,0,10869,"[1120, 219, 78, 68]",6,8567,10869.png,626,1622,28,Nguy hiểm
840,0,10872,"[817, 422, 30, 28]",6,8573,10872.png,626,1622,28,Nguy hiểm
3468,0,10873,"[1263, 285, 68, 51]",6,8574,10873.png,626,1622,16,Nguy hiểm
6300,0,10877,"[1142, 125, 84, 75]",6,8576,10877.png,626,1622,18,Nguy hiểm
6314,0,10877,"[1143, 124, 82, 77]",6,9215,10877.png,626,1622,18,Nguy hiểm
7224,0,10877,"[1141, 118, 86, 84]",6,9582,10877.png,626,1622,18,Nguy hiểm
5624,0,10877,"[1147, 126, 76, 74]",6,9698,10877.png,626,1622,18,Nguy hiểm
195,0,10878,"[1114, 253, 15, 13]",6,8580,10878.png,626,1622,28,Nguy hiểm
2499,0,10883,"[1139, 191, 51, 49]",6,8584,10883.png,626,1622,36,Nguy hiểm
2597,0,10883,"[1140, 134, 49, 53]",6,8585,10883.png,626,1622,36,Nguy hiểm
2597,0,10883,"[1141, 134, 49, 53]",6,8796,10883.png,626,1622,36,Nguy hiểm
2600,0,10883,"[1138, 191, 52, 50]",6,8797,10883.png,626,1622,36,Nguy hiểm
806,0,10884,"[1034, 251, 31, 26]",6,8589,10884.png,626,1622,45,Nguy hiểm
110,0,10885,"[884, 357, 11, 10]",6,8590,10885.png,626,1622,16,Nguy hiểm
121,0,10885,"[884, 356, 11, 11]",6,8931,10885.png,626,1622,16,Nguy hiểm
156,0,10890,"[696, 526, 13, 12]",6,8593,10890.png,626,1622,29,Nguy hiểm
3721,0,10891,"[1089, 449, 61, 61]",6,8594,10891.png,626,1622,29,Nguy hiểm
132,0,10891,"[692, 490, 12, 11]",6,8595,10891.png,626,1622,29,Nguy hiểm
3658,0,10891,"[1088, 451, 62, 59]",6,9160,10891.png,626,1622,29,Nguy hiểm
130,0,10891,"[691, 490, 13, 10]",6,9161,10891.png,626,1622,29,Nguy hiểm
5698,0,10899,"[909, 149, 77, 74]",6,8607,10899.png,626,1622,36,Nguy hiểm
5700,0,10899,"[910, 148, 76, 75]",6,9434,10899.png,626,1622,36,Nguy hiểm
420,0,10900,"[788, 173, 21, 20]",6,8612,10900.png,626,1622,53,Nguy hiểm
475,0,10900,"[159, 217, 25, 19]",6,8613,10900.png,626,1622,53,Nguy hiểm
552,0,10900,"[786, 172, 24, 23]",6,8980,10900.png,626,1622,53,Nguy hiểm
72,0,10925,"[903, 246, 9, 8]",6,8637,10925.png,626,1622,29,Nguy hiểm
1400,0,10928,"[929, 395, 40, 35]",6,8645,10928.png,626,1622,28,Nguy hiểm
1440,0,10928,"[929, 394, 40, 36]",6,9587,10928.png,626,1622,28,Nguy hiểm
5670,0,10935,"[955, 394, 70, 81]",6,8652,10935.png,626,1622,16,Nguy hiểm
1924,0,10936,"[1435, 411, 52, 37]",6,8655,10936.png,626,1622,28,Nguy hiểm
570,0,10936,"[1309, 422, 30, 19]",6,8656,10936.png,626,1622,28,Nguy hiểm
110,0,10941,"[688, 475, 11, 10]",6,8659,10941.png,626,1622,16,Nguy hiểm
120,0,10941,"[687, 475, 12, 10]",6,9810,10941.png,626,1622,16,Nguy hiểm
42,0,10944,"[695, 426, 7, 6]",6,8666,10944.png,626,1622,28,Nguy hiểm
196,0,10950,"[766, 171, 14, 14]",6,8668,10950.png,626,1622,47,Nguy hiểm
621,0,10956,"[645, 423, 27, 23]",6,8671,10956.png,626,1622,28,Nguy hiểm
650,0,10962,"[408, 420, 26, 25]",6,8677,10962.png,626,1622,28,Nguy hiểm
891,0,10962,"[405, 420, 33, 27]",6,9111,10962.png,626,1622,28,Nguy hiểm
1634,0,10963,"[873, 259, 43, 38]",6,8679,10963.png,626,1622,36,Nguy hiểm
1794,0,10963,"[873, 259, 46, 39]",6,10329,10963.png,626,1622,36,Nguy hiểm
143,0,10970,"[645, 427, 13, 11]",6,8684,10970.png,626,1622,28,Nguy hiểm
180,0,10980,"[1088, 413, 15, 12]",6,8700,10980.png,626,1622,12,Nguy hiểm
195,0,10980,"[1088, 412, 15, 13]",6,9958,10980.png,626,1622,12,Nguy hiểm
168,0,10993,"[705, 437, 14, 12]",6,8710,10993.png,626,1622,28,Nguy hiểm
130,0,10993,"[705, 438, 13, 10]",6,9029,10993.png,626,1622,28,Nguy hiểm
132,0,10993,"[705, 437, 12, 11]",6,9223,10993.png,626,1622,28,Nguy hiểm
1326,0,10994,"[1040, 334, 39, 34]",6,8716,10994.png,626,1622,28,Nguy hiểm
1287,0,10994,"[1040, 335, 39, 33]",6,9634,10994.png,626,1622,28,Nguy hiểm
3294,0,10997,"[849, 399, 61, 54]",6,8717,10997.png,626,1622,28,Nguy hiểm
783,0,10997,"[755, 403, 29, 27]",6,8718,10997.png,626,1622,28,Nguy hiểm
42,0,10997,"[643, 435, 7, 6]",6,8719,10997.png,626,1622,28,Nguy hiểm
960,0,10997,"[755, 400, 30, 32]",6,9583,10997.png,626,1622,28,Nguy hiểm
3894,0,10997,"[845, 395, 66, 59]",6,9584,10997.png,626,1622,28,Nguy hiểm
49,0,10997,"[643, 434, 7, 7]",6,9585,10997.png,626,1622,28,Nguy hiểm
224,0,11010,"[928, 370, 16, 14]",6,8730,11010.png,626,1622,16,Nguy hiểm
210,0,11010,"[929, 370, 15, 14]",6,9690,11010.png,626,1622,16,Nguy hiểm
30,0,11018,"[675, 434, 6, 5]",6,8744,11018.png,626,1622,28,Nguy hiểm
180,0,11021,"[1039, 393, 15, 12]",6,8747,11021.png,626,1622,47,Nguy hiểm
567,0,11021,"[1086, 371, 27, 21]",6,8748,11021.png,626,1622,47,Nguy hiểm
6474,0,11036,"[1084, 374, 83, 78]",6,8769,11036.png,626,1622,5,Nguy hiểm
288,0,11038,"[823, 499, 18, 16]",6,8770,11038.png,626,1622,29,Nguy hiểm
323,0,11038,"[824, 520, 19, 17]",6,8771,11038.png,626,1622,29,Nguy hiểm
400,0,11038,"[823, 496, 20, 20]",6,10567,11038.png,626,1622,29,Nguy hiểm
399,0,11038,"[823, 518, 21, 19]",6,10568,11038.png,626,1622,29,Nguy hiểm
240,0,11045,"[710, 434, 16, 15]",6,8782,11045.png,626,1622,28,Nguy hiểm
210,0,11045,"[710, 434, 15, 14]",6,9258,11045.png,626,1622,28,Nguy hiểm
143,0,11053,"[412, 305, 13, 11]",6,8798,11053.png,626,1622,16,Nguy hiểm
154,0,11053,"[412, 305, 14, 11]",6,9757,11053.png,626,1622,16,Nguy hiểm
154,0,11053,"[412, 306, 14, 11]",6,9853,11053.png,626,1622,16,Nguy hiểm
56,0,11058,"[895, 296, 7, 8]",6,10312,11058.png,626,1622,8,Nguy hiểm
264,0,11060,"[1456, 126, 22, 12]",6,8812,11060.png,626,1622,28,Nguy hiểm
40392,0,11061,"[1273, 189, 198, 204]",6,8813,11061.png,626,1622,5,Nguy hiểm
47736,0,11061,"[1271, 169, 204, 234]",6,9100,11061.png,626,1622,5,Nguy hiểm
143,0,11063,"[659, 352, 13, 11]",6,8815,11063.png,626,1622,16,Nguy hiểm
168,0,11063,"[659, 352, 14, 12]",6,9717,11063.png,626,1622,16,Nguy hiểm
143,0,11063,"[659, 352, 13, 11]",6,9882,11063.png,626,1622,16,Nguy hiểm
180,0,11071,"[787, 322, 15, 12]",6,8823,11071.png,626,1622,16,Nguy hiểm
81,0,11092,"[870, 333, 9, 9]",6,8842,11092.png,626,1622,16,Nguy hiểm
110,0,11092,"[870, 332, 11, 10]",6,9993,11092.png,626,1622,16,Nguy hiểm
483,0,11094,"[858, 194, 23, 21]",6,8845,11094.png,626,1622,47,Nguy hiểm
238,0,11097,"[996, 304, 17, 14]",6,8847,11097.png,626,1622,16,Nguy hiểm
210,0,11097,"[997, 303, 15, 14]",6,9969,11097.png,626,1622,16,Nguy hiểm
132,0,11098,"[757, 260, 11, 12]",6,8851,11098.png,626,1622,13,Nguy hiểm
192,0,11102,"[1345, 436, 16, 12]",6,8854,11102.png,626,1622,28,Nguy hiểm
2444,0,11106,"[798, 186, 52, 47]",6,8858,11106.png,626,1622,18,Nguy hiểm
2392,0,11106,"[797, 186, 52, 46]",6,10158,11106.png,626,1622,18,Nguy hiểm
5270,0,11107,"[1558, 226, 62, 85]",6,8860,11107.png,626,1622,16,Nguy hiểm
1980,0,11109,"[877, 342, 44, 45]",6,8863,11109.png,626,1622,16,Nguy hiểm
42,0,11109,"[613, 387, 7, 6]",6,8864,11109.png,626,1622,16,Nguy hiểm
2070,0,11109,"[876, 344, 45, 46]",6,10172,11109.png,626,1622,16,Nguy hiểm
112,0,11111,"[782, 273, 8, 14]",6,8869,11111.png,626,1622,37,Nguy hiểm
77,0,11111,"[783, 276, 7, 11]",6,9165,11111.png,626,1622,37,Nguy hiểm
98,0,11111,"[782, 273, 7, 14]",6,9504,11111.png,626,1622,37,Nguy hiểm
132,0,11116,"[798, 451, 12, 11]",6,8877,11116.png,626,1622,33,Nguy hiểm
90,0,11116,"[799, 453, 10, 9]",6,9803,11116.png,626,1622,33,Nguy hiểm
805,0,11131,"[1521, 123, 35, 23]",6,8894,11131.png,626,1622,28,Nguy hiểm
714,0,11131,"[1521, 124, 34, 21]",6,9625,11131.png,626,1622,28,Nguy hiểm
96,0,11131,"[1433, 135, 12, 8]",6,9626,11131.png,626,1622,28,Nguy hiểm
851,0,11131,"[1520, 124, 37, 23]",6,10086,11131.png,626,1622,28,Nguy hiểm
96,0,11131,"[1433, 136, 12, 8]",6,10087,11131.png,626,1622,28,Nguy hiểm
224,0,11132,"[651, 395, 16, 14]",6,8896,11132.png,626,1622,16,Nguy hiểm
725,0,11133,"[754, 418, 29, 25]",6,8897,11133.png,626,1622,28,Nguy hiểm
675,0,11133,"[755, 418, 27, 25]",6,9959,11133.png,626,1622,28,Nguy hiểm
182,0,11143,"[714, 398, 13, 14]",6,8916,11143.png,626,1622,16,Nguy hiểm
143,0,11147,"[947, 328, 13, 11]",6,8926,11147.png,626,1622,23,Nguy hiểm
132,0,11147,"[947, 328, 12, 11]",6,10617,11147.png,626,1622,23,Nguy hiểm
594,0,11151,"[710, 261, 27, 22]",6,8932,11151.png,626,1622,28,Nguy hiểm
460,0,11151,"[711, 262, 23, 20]",6,10106,11151.png,626,1622,28,Nguy hiểm
156,0,11159,"[912, 252, 13, 12]",6,8942,11159.png,626,1622,29,Nguy hiểm
1147,0,11173,"[673, 282, 37, 31]",6,8954,11173.png,626,1622,12,Nguy hiểm
13161,0,11181,"[1162, 339, 107, 123]",6,8978,11181.png,626,1622,28,Nguy hiểm
320,0,11205,"[960, 237, 20, 16]",6,9014,11205.png,626,1622,47,Nguy hiểm
224,0,11207,"[881, 267, 16, 14]",6,9016,11207.png,626,1622,28,Nguy hiểm
4209,0,11210,"[1143, 245, 61, 69]",6,9018,11210.png,626,1622,28,Nguy hiểm
4410,0,11210,"[1142, 245, 63, 70]",6,10449,11210.png,626,1622,28,Nguy hiểm
418,0,11211,"[681, 377, 22, 19]",6,9019,11211.png,626,1622,28,Nguy hiểm
480,0,11211,"[680, 377, 24, 20]",6,9127,11211.png,626,1622,28,Nguy hiểm
399,0,11211,"[682, 377, 21, 19]",6,10497,11211.png,626,1622,28,Nguy hiểm
120,0,11212,"[638, 355, 12, 10]",6,9022,11212.png,626,1622,16,Nguy hiểm
20,0,11214,"[638, 500, 5, 4]",6,9028,11214.png,626,1622,29,Nguy hiểm
132,0,11227,"[784, 239, 12, 11]",6,9044,11227.png,626,1622,52,Nguy hiểm
99,0,11233,"[826, 192, 11, 9]",6,9057,11233.png,626,1622,47,Nguy hiểm
340,0,11235,"[764, 240, 20, 17]",6,9063,11235.png,626,1622,52,Nguy hiểm
36,0,11239,"[1023, 431, 6, 6]",6,9072,11239.png,626,1622,12,Nguy hiểm
598,0,11244,"[801, 259, 26, 23]",6,9083,11244.png,626,1622,28,Nguy hiểm
13806,0,11244,"[1340, 120, 117, 118]",6,9304,11244.png,626,1622,28,Nguy hiểm
460,0,11244,"[803, 261, 23, 20]",6,9305,11244.png,626,1622,28,Nguy hiểm
42,0,11244,"[672, 274, 7, 6]",6,9306,11244.png,626,1622,28,Nguy hiểm
1443,0,11250,"[1025, 312, 39, 37]",6,9092,11250.png,626,1622,16,Nguy hiểm
154,0,11257,"[1122, 476, 14, 11]",6,9109,11257.png,626,1622,16,Nguy hiểm
169,0,11257,"[1121, 474, 13, 13]",6,10214,11257.png,626,1622,16,Nguy hiểm
182,0,11264,"[787, 467, 14, 13]",6,9119,11264.png,626,1622,16,Nguy hiểm
195,0,11264,"[787, 464, 13, 15]",6,10302,11264.png,626,1622,16,Nguy hiểm
3213,0,11269,"[1126, 184, 63, 51]",6,9131,11269.png,626,1622,5,Nguy hiểm
3000,0,11269,"[1129, 184, 60, 50]",6,10259,11269.png,626,1622,5,Nguy hiểm
456,0,11270,"[1085, 246, 24, 19]",6,9132,11270.png,626,1622,33,Nguy hiểm
130,0,11270,"[834, 268, 13, 10]",6,9135,11270.png,626,1622,33,Nguy hiểm
1560,0,11282,"[663, 374, 40, 39]",6,9156,11282.png,626,1622,28,Nguy hiểm
1806,0,11282,"[661, 372, 42, 43]",6,9899,11282.png,626,1622,28,Nguy hiểm
132,0,11283,"[622, 434, 12, 11]",6,9157,11283.png,626,1622,16,Nguy hiểm
154,0,11287,"[1018, 345, 14, 11]",6,9162,11287.png,626,1622,47,Nguy hiểm
72,0,11287,"[1003, 355, 9, 8]",6,9163,11287.png,626,1622,47,Nguy hiểm
143,0,11287,"[1018, 345, 13, 11]",6,9475,11287.png,626,1622,47,Nguy hiểm
81,0,11287,"[1002, 354, 9, 9]",6,9476,11287.png,626,1622,47,Nguy hiểm
7560,0,11290,"[1383, 349, 90, 84]",6,9167,11290.png,626,1622,47,Nguy hiểm
240,0,11291,"[838, 233, 16, 15]",6,9168,11291.png,626,1622,28,Nguy hiểm
64,0,11291,"[824, 259, 8, 8]",6,9169,11291.png,626,1622,28,Nguy hiểm
42,0,11291,"[819, 260, 6, 7]",6,9170,11291.png,626,1622,28,Nguy hiểm
792,0,11298,"[1360, 409, 33, 24]",6,9175,11298.png,626,1622,12,Nguy hiểm
440,0,11306,"[879, 256, 22, 20]",6,9184,11306.png,626,1622,28,Nguy hiểm
483,0,11306,"[879, 255, 23, 21]",6,9615,11306.png,626,1622,28,Nguy hiểm
575,0,11306,"[879, 253, 25, 23]",6,9962,11306.png,626,1622,28,Nguy hiểm
90,0,11313,"[945, 431, 10, 9]",6,9188,11313.png,626,1622,28,Nguy hiểm
272,0,11314,"[758, 441, 17, 16]",6,9189,11314.png,626,1622,28,Nguy hiểm
288,0,11314,"[758, 441, 18, 16]",6,10392,11314.png,626,1622,28,Nguy hiểm
1591,0,11320,"[809, 395, 43, 37]",6,9197,11320.png,626,1622,28,Nguy hiểm
528,0,11326,"[1029, 217, 24, 22]",6,9209,11326.png,626,1622,33,Nguy hiểm
506,0,11332,"[836, 318, 23, 22]",6,9212,11332.png,626,1622,36,Nguy hiểm
440,0,11336,"[874, 486, 22, 20]",6,9217,11336.png,626,1622,16,Nguy hiểm
168,0,11336,"[821, 485, 14, 12]",6,9218,11336.png,626,1622,16,Nguy hiểm
56,0,11336,"[787, 491, 8, 7]",6,9219,11336.png,626,1622,16,Nguy hiểm
460,0,11336,"[875, 486, 23, 20]",6,10382,11336.png,626,1622,16,Nguy hiểm
182,0,11336,"[822, 483, 14, 13]",6,10383,11336.png,626,1622,16,Nguy hiểm
56,0,11336,"[787, 490, 7, 8]",6,10384,11336.png,626,1622,16,Nguy hiểm
90,0,11341,"[604, 271, 10, 9]",6,9225,11341.png,626,1622,28,Nguy hiểm
70,0,11341,"[604, 262, 10, 7]",6,9226,11341.png,626,1622,28,Nguy hiểm
99,0,11341,"[604, 252, 11, 9]",6,9227,11341.png,626,1622,28,Nguy hiểm
72,0,11341,"[605, 271, 9, 8]",6,9970,11341.png,626,1622,28,Nguy hiểm
72,0,11341,"[605, 262, 9, 8]",6,9971,11341.png,626,1622,28,Nguy hiểm
81,0,11341,"[605, 251, 9, 9]",6,9972,11341.png,626,1622,28,Nguy hiểm
99,0,11341,"[604, 251, 11, 9]",6,10460,11341.png,626,1622,28,Nguy hiểm
90,0,11341,"[605, 261, 10, 9]",6,10461,11341.png,626,1622,28,Nguy hiểm
90,0,11341,"[605, 270, 10, 9]",6,10462,11341.png,626,1622,28,Nguy hiểm
1632,0,11343,"[1573, 208, 48, 34]",6,9230,11343.png,626,1622,28,Nguy hiểm
143,0,11349,"[896, 395, 13, 11]",6,9237,11349.png,626,1622,12,Nguy hiểm
1591,0,11355,"[877, 365, 43, 37]",6,9246,11355.png,626,1622,28,Nguy hiểm
195,0,11355,"[792, 424, 15, 13]",6,9247,11355.png,626,1622,28,Nguy hiểm
1596,0,11355,"[878, 364, 42, 38]",6,9307,11355.png,626,1622,28,Nguy hiểm
210,0,11355,"[793, 423, 15, 14]",6,9308,11355.png,626,1622,28,Nguy hiểm
1365,0,11355,"[879, 366, 39, 35]",6,10242,11355.png,626,1622,28,Nguy hiểm
156,0,11355,"[795, 424, 12, 13]",6,10243,11355.png,626,1622,28,Nguy hiểm
130,0,11371,"[596, 417, 13, 10]",6,9267,11371.png,626,1622,28,Nguy hiểm
48,0,11378,"[840, 389, 8, 6]",6,9283,11378.png,626,1622,16,Nguy hiểm
1470,0,11379,"[1423, 328, 49, 30]",6,9285,11379.png,626,1622,22,Nguy hiểm
1584,0,11379,"[1423, 326, 48, 33]",6,10026,11379.png,626,1622,22,Nguy hiểm
550,0,11380,"[644, 225, 25, 22]",6,9286,11380.png,626,1622,18,Nguy hiểm
550,0,11380,"[644, 225, 25, 22]",6,10244,11380.png,626,1622,18,Nguy hiểm
272,0,11384,"[1004, 413, 17, 16]",6,9289,11384.png,626,1622,28,Nguy hiểm
1230,0,11389,"[1314, 307, 41, 30]",6,9294,11389.png,626,1622,47,Nguy hiểm
840,0,11389,"[1316, 311, 35, 24]",6,9886,11389.png,626,1622,47,Nguy hiểm
324,0,11407,"[675, 502, 18, 18]",6,9321,11407.png,626,1622,29,Nguy hiểm
81,0,11407,"[656, 503, 9, 9]",6,9322,11407.png,626,1622,29,Nguy hiểm
306,0,11407,"[675, 504, 18, 17]",6,9610,11407.png,626,1622,29,Nguy hiểm
80,0,11407,"[655, 504, 10, 8]",6,9611,11407.png,626,1622,29,Nguy hiểm
360,0,11410,"[1154, 417, 20, 18]",6,9327,11410.png,626,1622,5,Nguy hiểm
56,0,11411,"[798, 412, 8, 7]",6,9331,11411.png,626,1622,4,Nguy hiểm
1188,0,11415,"[991, 190, 33, 36]",6,9334,11415.png,626,1622,47,Nguy hiểm
850,0,11417,"[1304, 397, 34, 25]",6,9338,11417.png,626,1622,12,Nguy hiểm
81,0,11418,"[580, 455, 9, 9]",6,9340,11418.png,626,1622,16,Nguy hiểm
240,0,11419,"[712, 434, 16, 15]",6,9342,11419.png,626,1622,28,Nguy hiểm
156,0,11419,"[698, 428, 13, 12]",6,9343,11419.png,626,1622,28,Nguy hiểm
20,0,11419,"[642, 440, 5, 4]",6,9344,11419.png,626,1622,28,Nguy hiểm
672,0,11422,"[907, 428, 28, 24]",6,9355,11422.png,626,1622,5,Nguy hiểm
575,0,11422,"[908, 429, 25, 23]",6,9726,11422.png,626,1622,5,Nguy hiểm
810,0,11422,"[906, 426, 30, 27]",6,10605,11422.png,626,1622,5,Nguy hiểm
12995,0,11431,"[1115, 356, 115, 113]",6,9378,11431.png,626,1622,28,Nguy hiểm
702,0,11437,"[1073, 418, 27, 26]",6,9397,11437.png,626,1622,5,Nguy hiểm
36,0,11440,"[802, 385, 6, 6]",6,9403,11440.png,626,1622,16,Nguy hiểm
49,0,11440,"[802, 385, 7, 7]",6,10058,11440.png,626,1622,16,Nguy hiểm
49,0,11440,"[801, 384, 7, 7]",6,10458,11440.png,626,1622,16,Nguy hiểm
224,0,11445,"[763, 300, 16, 14]",6,9408,11445.png,626,1622,16,Nguy hiểm
182,0,11445,"[763, 300, 14, 13]",6,10013,11445.png,626,1622,16,Nguy hiểm
990,0,11447,"[827, 310, 33, 30]",6,9409,11447.png,626,1622,16,Nguy hiểm
42,0,11448,"[840, 347, 7, 6]",6,9410,11448.png,626,1622,28,Nguy hiểm
143,0,11451,"[1096, 402, 13, 11]",6,9411,11451.png,626,1622,12,Nguy hiểm
110,0,11451,"[1098, 403, 11, 10]",6,10291,11451.png,626,1622,12,Nguy hiểm
210,0,11454,"[904, 254, 15, 14]",6,9413,11454.png,626,1622,16,Nguy hiểm
1054,0,11458,"[580, 278, 34, 31]",6,9421,11458.png,626,1622,22,Nguy hiểm
980,0,11458,"[579, 311, 35, 28]",6,9422,11458.png,626,1622,22,Nguy hiểm
528,0,11458,"[881, 293, 24, 22]",6,9423,11458.png,626,1622,22,Nguy hiểm
480,0,11458,"[881, 316, 24, 20]",6,9424,11458.png,626,1622,22,Nguy hiểm
100,0,11462,"[884, 396, 10, 10]",6,9438,11462.png,626,1622,12,Nguy hiểm
702,0,11464,"[748, 238, 27, 26]",6,9445,11464.png,626,1622,36,Nguy hiểm
600,0,11464,"[749, 238, 25, 24]",6,9654,11464.png,626,1622,36,Nguy hiểm
180,0,11466,"[568, 421, 15, 12]",6,9453,11466.png,626,1622,28,Nguy hiểm
195,0,11466,"[568, 420, 15, 13]",6,9815,11466.png,626,1622,28,Nguy hiểm
672,0,11467,"[1054, 364, 28, 24]",6,9455,11467.png,626,1622,47,Nguy hiểm
120,0,11468,"[665, 495, 12, 10]",6,9456,11468.png,626,1622,29,Nguy hiểm
140,0,11470,"[379, 366, 14, 10]",6,9460,11470.png,626,1622,53,Nguy hiểm
90,0,11470,"[891, 364, 9, 10]",6,9468,11470.png,626,1622,53,Nguy hiểm
648,0,11473,"[866, 336, 27, 24]",6,9480,11473.png,626,1622,5,Nguy hiểm
1056,0,11474,"[814, 310, 32, 33]",6,9481,11474.png,626,1622,16,Nguy hiểm
868,0,11474,"[814, 314, 31, 28]",6,9681,11474.png,626,1622,16,Nguy hiểm
17272,0,11481,"[1368, 287, 136, 127]",6,9486,11481.png,626,1622,28,Nguy hiểm
15875,0,11481,"[1376, 284, 125, 127]",6,9683,11481.png,626,1622,28,Nguy hiểm
16000,0,11481,"[1372, 288, 128, 125]",6,9942,11481.png,626,1622,28,Nguy hiểm
7719,0,11483,"[652, 397, 93, 83]",6,9487,11483.png,626,1622,28,Nguy hiểm
7896,0,11483,"[651, 394, 94, 84]",6,10637,11483.png,626,1622,28,Nguy hiểm
361,0,11489,"[757, 431, 19, 19]",6,9493,11489.png,626,1622,28,Nguy hiểm
342,0,11489,"[757, 432, 19, 18]",6,10184,11489.png,626,1622,28,Nguy hiểm
238,0,11505,"[554, 343, 17, 14]",6,9541,11505.png,626,1622,12,Nguy hiểm
378,0,11507,"[837, 360, 21, 18]",6,9542,11507.png,626,1622,47,Nguy hiểm
2350,0,11508,"[495, 255, 50, 47]",6,9544,11508.png,626,1622,22,Nguy hiểm
100,0,11521,"[584, 450, 10, 10]",6,9565,11521.png,626,1622,16,Nguy hiểm
90,0,11521,"[584, 450, 10, 9]",6,9911,11521.png,626,1622,16,Nguy hiểm
1886,0,11522,"[786, 324, 46, 41]",6,9569,11522.png,626,1622,28,Nguy hiểm
420,0,11535,"[637, 323, 21, 20]",6,9595,11535.png,626,1622,47,Nguy hiểm
2550,0,11546,"[1079, 405, 50, 51]",6,9604,11546.png,626,1622,16,Nguy hiểm
143,0,11558,"[1444, 104, 13, 11]",6,9612,11558.png,626,1622,28,Nguy hiểm
187,0,11558,"[1443, 103, 17, 11]",6,10417,11558.png,626,1622,28,Nguy hiểm
323,0,11565,"[689, 357, 19, 17]",6,9624,11565.png,626,1622,16,Nguy hiểm
180,0,11573,"[1209, 213, 15, 12]",6,9649,11573.png,626,1622,47,Nguy hiểm
176,0,11579,"[745, 486, 16, 11]",6,9657,11579.png,626,1622,29,Nguy hiểm
72,0,11579,"[732, 489, 9, 8]",6,9658,11579.png,626,1622,29,Nguy hiểm
90,0,11582,"[749, 477, 10, 9]",6,9663,11582.png,626,1622,19,Nguy hiểm
64,0,11582,"[750, 477, 8, 8]",6,10120,11582.png,626,1622,19,Nguy hiểm
20,0,11585,"[844, 356, 5, 4]",6,9677,11585.png,626,1622,53,Nguy hiểm
20,0,11585,"[844, 351, 5, 4]",6,9678,11585.png,626,1622,53,Nguy hiểm
96,0,11585,"[378, 351, 12, 8]",6,9679,11585.png,626,1622,53,Nguy hiểm
80,0,11585,"[380, 340, 10, 8]",6,9680,11585.png,626,1622,53,Nguy hiểm
810,0,11587,"[818, 297, 30, 27]",6,9682,11587.png,626,1622,16,Nguy hiểm
72,0,11591,"[845, 394, 9, 8]",6,9689,11591.png,626,1622,28,Nguy hiểm
80,0,11591,"[845, 393, 10, 8]",6,10592,11591.png,626,1622,28,Nguy hiểm
460,0,11592,"[660, 291, 23, 20]",6,9691,11592.png,626,1622,1,Nguy hiểm
208,0,11596,"[1061, 327, 16, 13]",6,9697,11596.png,626,1622,16,Nguy hiểm
1085,0,11603,"[612, 249, 35, 31]",6,9702,11603.png,626,1622,28,Nguy hiểm
121,0,11604,"[901, 323, 11, 11]",6,9704,11604.png,626,1622,16,Nguy hiểm
90,0,11605,"[894, 256, 10, 9]",6,9707,11605.png,626,1622,28,Nguy hiểm
2592,0,11613,"[857, 422, 54, 48]",6,9716,11613.png,626,1622,28,Nguy hiểm
11187,0,11615,"[1214, 182, 113, 99]",6,9719,11615.png,626,1622,28,Nguy hiểm
304,0,11624,"[1031, 265, 19, 16]",6,9748,11624.png,626,1622,29,Nguy hiểm
56,0,11633,"[935, 310, 8, 7]",6,9756,11633.png,626,1622,16,Nguy hiểm
63,0,11633,"[935, 310, 9, 7]",6,10288,11633.png,626,1622,16,Nguy hiểm
255,0,11640,"[692, 411, 17, 15]",6,9765,11640.png,626,1622,28,Nguy hiểm
1880,0,11659,"[1007, 210, 47, 40]",6,9788,11659.png,626,1622,28,Nguy hiểm
30,0,11659,"[837, 262, 6, 5]",6,9789,11659.png,626,1622,28,Nguy hiểm
182,0,11659,"[861, 249, 14, 13]",6,9790,11659.png,626,1622,28,Nguy hiểm
99,0,11659,"[849, 255, 11, 9]",6,9791,11659.png,626,1622,28,Nguy hiểm
1188,0,11660,"[904, 115, 33, 36]",6,9793,11660.png,626,1622,28,Nguy hiểm
1443,0,11660,"[943, 115, 37, 39]",6,9794,11660.png,626,1622,28,Nguy hiểm
1806,0,11660,"[984, 113, 43, 42]",6,9795,11660.png,626,1622,28,Nguy hiểm
3835,0,11666,"[1036, 382, 59, 65]",6,9808,11666.png,626,1622,16,Nguy hiểm
3904,0,11666,"[1032, 382, 61, 64]",6,10256,11666.png,626,1622,16,Nguy hiểm
4030,0,11666,"[1035, 382, 62, 65]",6,10569,11666.png,626,1622,16,Nguy hiểm
143,0,11668,"[1151, 429, 13, 11]",6,9813,11668.png,626,1622,16,Nguy hiểm
54,0,11668,"[1184, 437, 9, 6]",6,9814,11668.png,626,1622,16,Nguy hiểm
56,0,11681,"[1252, 328, 8, 7]",6,9833,11681.png,626,1622,23,Nguy hiểm
56,0,11704,"[655, 487, 8, 7]",6,9878,11704.png,626,1622,29,Nguy hiểm
1716,0,11722,"[1123, 237, 44, 39]",6,9902,11722.png,626,1622,29,Nguy hiểm
81,0,11722,"[964, 253, 9, 9]",6,9903,11722.png,626,1622,29,Nguy hiểm
400,0,11728,"[1470, 63, 25, 16]",6,9914,11728.png,626,1622,28,Nguy hiểm
270,0,11733,"[1173, 365, 18, 15]",6,9939,11733.png,626,1622,53,Nguy hiểm
270,0,11733,"[1173, 345, 18, 15]",6,9940,11733.png,626,1622,53,Nguy hiểm
80,0,11737,"[914, 243, 10, 8]",6,9946,11737.png,626,1622,29,Nguy hiểm
108,0,11737,"[913, 242, 12, 9]",6,10442,11737.png,626,1622,29,Nguy hiểm
380,0,11743,"[1092, 407, 20, 19]",6,9965,11743.png,626,1622,12,Nguy hiểm
396,0,11743,"[1092, 407, 22, 18]",6,10504,11743.png,626,1622,12,Nguy hiểm
25,0,11760,"[756, 414, 5, 5]",6,10009,11760.png,626,1622,28,Nguy hiểm
25,0,11760,"[756, 414, 5, 5]",6,10581,11760.png,626,1622,28,Nguy hiểm
143,0,11772,"[754, 284, 13, 11]",6,10021,11772.png,626,1622,28,Nguy hiểm
120,0,11773,"[969, 309, 12, 10]",6,10022,11773.png,626,1622,16,Nguy hiểm
238,0,11774,"[804, 463, 17, 14]",6,10023,11774.png,626,1622,16,Nguy hiểm
210,0,11774,"[804, 464, 15, 14]",6,10233,11774.png,626,1622,16,Nguy hiểm
156,0,11775,"[807, 450, 13, 12]",6,10028,11775.png,626,1622,5,Nguy hiểm
2448,0,11781,"[1167, 351, 48, 51]",6,10055,11781.png,626,1622,28,Nguy hiểm
6006,0,11783,"[905, 366, 78, 77]",6,10060,11783.png,626,1622,28,Nguy hiểm
169,0,11789,"[800, 177, 13, 13]",6,10070,11789.png,626,1622,37,Nguy hiểm
20196,0,11799,"[1097, 332, 132, 153]",6,10093,11799.png,626,1622,28,Nguy hiểm
16988,0,11799,"[1098, 343, 124, 137]",6,10131,11799.png,626,1622,28,Nguy hiểm
518,0,11801,"[867, 401, 14, 37]",6,10099,11801.png,626,1622,28,Nguy hiểm
697,0,11801,"[865, 399, 17, 41]",6,10464,11801.png,626,1622,28,Nguy hiểm
558,0,11804,"[1526, 388, 31, 18]",6,10103,11804.png,626,1622,5,Nguy hiểm
960,0,11809,"[838, 315, 32, 30]",6,10109,11809.png,626,1622,16,Nguy hiểm
36,0,11819,"[575, 275, 6, 6]",6,10144,11819.png,626,1622,28,Nguy hiểm
600,0,11824,"[795, 296, 25, 24]",6,10157,11824.png,626,1622,16,Nguy hiểm
132,0,11829,"[688, 251, 11, 12]",6,10163,11829.png,626,1622,52,Nguy hiểm
9804,0,11830,"[1232, 223, 114, 86]",6,10168,11830.png,626,1622,5,Nguy hiểm
1269,0,11843,"[1559, 374, 47, 27]",6,10202,11843.png,626,1622,5,Nguy hiểm
1144,0,11843,"[1559, 375, 44, 26]",6,10459,11843.png,626,1622,5,Nguy hiểm
361,0,11849,"[902, 177, 19, 19]",6,10211,11849.png,626,1622,34,Nguy hiểm
992,0,11873,"[739, 450, 32, 31]",6,10296,11873.png,626,1622,16,Nguy hiểm
899,0,11873,"[741, 449, 29, 31]",6,10598,11873.png,626,1622,16,Nguy hiểm
420,0,11877,"[813, 314, 21, 20]",6,10304,11877.png,626,1622,36,Nguy hiểm
20580,0,11879,"[1392, 2, 210, 98]",6,10305,11879.png,626,1622,8,Nguy hiểm
20808,0,11879,"[1392, 2, 204, 102]",6,10495,11879.png,626,1622,8,Nguy hiểm
20,0,11886,"[646, 219, 4, 5]",6,10323,11886.png,626,1622,47,Nguy hiểm
24,0,11886,"[655, 219, 4, 6]",6,10324,11886.png,626,1622,47,Nguy hiểm
24,0,11886,"[682, 220, 4, 6]",6,10326,11886.png,626,1622,47,Nguy hiểm
2665,0,11904,"[1556, 87, 65, 41]",6,10350,11904.png,626,1622,28,Nguy hiểm
1728,0,11905,"[1306, 204, 48, 36]",6,10353,11905.png,626,1622,28,Nguy hiểm
621,0,11907,"[1101, 291, 27, 23]",6,10354,11907.png,626,1622,16,Nguy hiểm
11544,0,11917,"[1504, 258, 111, 104]",6,10371,11917.png,626,1622,28,Nguy hiểm
16786,0,11917,"[1467, 144, 154, 109]",6,10372,11917.png,626,1622,28,Nguy hiểm
644,0,11917,"[1117, 341, 28, 23]",6,10373,11917.png,626,1622,28,Nguy hiểm
594,0,11917,"[1118, 365, 27, 22]",6,10374,11917.png,626,1622,28,Nguy hiểm
56,0,11917,"[1093, 379, 8, 7]",6,10375,11917.png,626,1622,28,Nguy hiểm
240,0,11924,"[1073, 248, 16, 15]",6,10402,11924.png,626,1622,28,Nguy hiểm
36,0,11924,"[1057, 257, 6, 6]",6,10403,11924.png,626,1622,28,Nguy hiểm
156,0,11926,"[741, 305, 13, 12]",6,10416,11926.png,626,1622,16,Nguy hiểm
858,0,11928,"[1146, 397, 33, 26]",6,10420,11928.png,626,1622,28,Nguy hiểm
6068,0,11937,"[1182, 296, 74, 82]",6,10439,11937.png,626,1622,16,Nguy hiểm
1088,0,11938,"[829, 360, 34, 32]",6,10448,11938.png,626,1622,16,Nguy hiểm
783,0,11941,"[771, 249, 29, 27]",6,10452,11941.png,626,1622,28,Nguy hiểm
870,0,11941,"[769, 218, 30, 29]",6,10453,11941.png,626,1622,28,Nguy hiểm
36,0,11941,"[587, 273, 6, 6]",6,10454,11941.png,626,1622,28,Nguy hiểm
30,0,11941,"[586, 267, 6, 5]",6,10455,11941.png,626,1622,28,Nguy hiểm
42,0,11941,"[587, 260, 7, 6]",6,10456,11941.png,626,1622,28,Nguy hiểm
308,0,11947,"[1538, 107, 22, 14]",6,10474,11947.png,626,1622,28,Nguy hiểm
273,0,11947,"[1531, 122, 21, 13]",6,10475,11947.png,626,1622,28,Nguy hiểm
399,0,11949,"[1006, 540, 21, 19]",6,10481,11949.png,626,1622,29,Nguy hiểm
11956,0,11953,"[1388, 242, 122, 98]",6,10493,11953.png,626,1622,28,Nguy hiểm
72,0,11960,"[571, 431, 9, 8]",6,10515,11960.png,626,1622,28,Nguy hiểm
598,0,11963,"[898, 203, 26, 23]",6,10525,11963.png,626,1622,52,Nguy hiểm
270,0,11965,"[1471, 123, 18, 15]",6,10527,11965.png,626,1622,28,Nguy hiểm
1880,0,11980,"[1125, 300, 47, 40]",6,10559,11980.png,626,1622,16,Nguy hiểm
1364,0,11988,"[1502, 67, 44, 31]",6,10566,11988.png,626,1622,28,Nguy hiểm
120,0,11989,"[1016, 428, 12, 10]",6,10570,11989.png,626,1622,28,Nguy hiểm
5184,0,11992,"[1267, 322, 72, 72]",6,10573,11992.png,626,1622,28,Nguy hiểm
380,0,11996,"[827, 297, 20, 19]",6,10587,11996.png,626,1622,16,Nguy hiểm
399,0,11997,"[783, 132, 21, 19]",6,10599,11997.png,626,1622,47,Nguy hiểm
1476,0,11999,"[1215, 56, 41, 36]",6,10602,11999.png,626,1622,22,Nguy hiểm
3808,0,12006,"[824, 364, 68, 56]",6,10612,12006.png,626,1622,28,Nguy hiểm
1836,0,12011,"[1264, 285, 51, 36]",6,10620,12011.png,626,1622,16,Nguy hiểm
870,0,12015,"[1300, 315, 29, 30]",6,10621,12015.png,626,1622,23,Nguy hiểm
208,0,12022,"[1033, 400, 16, 13]",6,10644,12022.png,626,1622,5,Nguy hiểm
72,0,12023,"[712, 281, 9, 8]",6,10645,12023.png,626,1622,28,Nguy hiểm
1330,0,12030,"[890, 296, 38, 35]",6,10652,12030.png,626,1622,53,Nguy hiểm
256,0,12030,"[777, 313, 16, 16]",6,10653,12030.png,626,1622,53,Nguy hiểm
1350,0,12036,"[1447, 305, 45, 30]",6,10659,12036.png,626,1622,45,Nguy hiểm
3835,0,12042,"[1197, 288, 65, 59]",6,10667,12042.png,626,1622,51,Nguy hiểm
108,0,12089,"[991, 288, 12, 9]",6,10697,12089.png,626,1622,45,Nguy hiểm
2530,0,12116,"[991, 255, 55, 46]",6,10710,12116.png,626,1622,53,Nguy hiểm
323,0,12116,"[800, 291, 19, 17]",6,10711,12116.png,626,1622,53,Nguy hiểm
2496,0,12137,"[954, 284, 52, 48]",6,10715,12137.png,626,1622,53,Nguy hiểm
210,0,12137,"[763, 315, 14, 15]",6,10716,12137.png,626,1622,53,Nguy hiểm
360,0,12149,"[839, 291, 18, 20]",6,10720,12149.png,626,1622,45,Nguy hiểm
870,0,12149,"[1070, 304, 30, 29]",6,10724,12149.png,626,1622,45,Nguy hiểm
224,0,12163,"[907, 309, 16, 14]",6,10731,12163.png,626,1622,45,Nguy hiểm
156,0,12163,"[802, 303, 13, 12]",6,10732,12163.png,626,1622,45,Nguy hiểm
575,0,12181,"[702, 354, 25, 23]",6,10744,12181.png,626,1622,45,Nguy hiểm
2484,0,12182,"[1116, 193, 54, 46]",6,10746,12182.png,626,1622,51,Nguy hiểm
304,0,12187,"[921, 232, 19, 16]",6,10747,12187.png,626,1622,45,Nguy hiểm
20,0,12192,"[849, 357, 5, 4]",6,10751,12192.png,626,1622,53,Nguy hiểm
20,0,12192,"[849, 352, 4, 5]",6,10752,12192.png,626,1622,53,Nguy hiểm
156,0,12198,"[867, 225, 13, 12]",6,10753,12198.png,626,1622,45,Nguy hiểm
408,0,12210,"[188, 359, 24, 17]",6,10771,12210.png,626,1622,53,Nguy hiểm
304,0,12210,"[1034, 355, 16, 19]",6,10774,12210.png,626,1622,53,Nguy hiểm
120,0,12215,"[732, 220, 12, 10]",6,10780,12215.png,626,1622,45,Nguy hiểm
399,0,12216,"[710, 212, 21, 19]",6,10782,12216.png,626,1622,45,Nguy hiểm
196,0,12225,"[1041, 272, 14, 14]",6,10789,12225.png,626,1622,45,Nguy hiểm
5472,0,12254,"[1156, 228, 76, 72]",6,10798,12254.png,626,1622,53,Nguy hiểm
64,0,12264,"[933, 351, 8, 8]",6,10813,12264.png,626,1622,53,Nguy hiểm
63,0,12264,"[932, 361, 9, 7]",6,10814,12264.png,626,1622,53,Nguy hiểm
36,0,12268,"[529, 311, 6, 6]",6,10820,12268.png,626,1622,53,Nguy hiểm
1276,0,12271,"[1218, 430, 29, 44]",6,10825,12271.png,626,1622,45,Nguy hiểm
165,0,12281,"[636, 227, 15, 11]",6,10828,12281.png,626,1622,45,Nguy hiểm
380,0,12285,"[688, 206, 20, 19]",6,10829,12285.png,626,1622,45,Nguy hiểm
110,0,12309,"[746, 318, 11, 10]",6,10847,12309.png,626,1622,53,Nguy hiểm
210,0,12309,"[772, 315, 15, 14]",6,10848,12309.png,626,1622,53,Nguy hiểm
651,0,12328,"[65, 354, 31, 21]",6,10857,12328.png,626,1622,53,Nguy hiểm
475,0,12328,"[1154, 350, 19, 25]",6,10865,12328.png,626,1622,53,Nguy hiểm
6232,0,12338,"[951, 80, 82, 76]",6,10871,12338.png,626,1622,45,Nguy hiểm
72,0,12348,"[793, 238, 9, 8]",6,10874,12348.png,626,1622,45,Nguy hiểm
285,0,12389,"[272, 362, 19, 15]",6,10889,12389.png,626,1622,53,Nguy hiểm
210,0,12389,"[966, 358, 14, 15]",6,10897,12389.png,626,1622,53,Nguy hiểm
975,0,12424,"[1402, 336, 25, 39]",6,10934,12424.png,626,1622,53,Nguy hiểm
36,0,12434,"[519, 310, 6, 6]",6,10945,12434.png,626,1622,53,Nguy hiểm
234,0,12442,"[332, 364, 18, 13]",6,10954,12442.png,626,1622,53,Nguy hiểm
132,0,12442,"[922, 362, 11, 12]",6,10960,12442.png,626,1622,53,Nguy hiểm
255,0,12447,"[865, 339, 17, 15]",6,10968,12447.png,626,1622,53,Nguy hiểm
9430,0,12457,"[1410, 182, 115, 82]",6,10974,12457.png,626,1622,45,Nguy hiểm
260,0,12485,"[243, 350, 20, 13]",6,10987,12485.png,626,1622,53,Nguy hiểm
221,0,12485,"[247, 335, 17, 13]",6,10988,12485.png,626,1622,53,Nguy hiểm
928,0,12489,"[804, 167, 32, 29]",6,10989,12489.png,626,1622,53,Nguy hiểm
816,0,12489,"[16, 222, 34, 24]",6,10990,12489.png,626,1622,53,Nguy hiểm
336,0,12523,"[800, 281, 21, 16]",6,10999,12523.png,626,1622,53,Nguy hiểm
1558,0,18,"[290, 295, 38, 41]",5,9,18.png,626,1622,3,Cấm còn lại
221,0,25,"[858, 208, 17, 13]",5,15,25.png,626,1622,7,Cấm còn lại
1640,0,35,"[228, 186, 41, 40]",5,21,35.png,626,1622,7,Cấm còn lại
580,0,40,"[42, 418, 29, 20]",5,23,40.png,626,1622,12,Cấm còn lại
650,0,47,"[906, 316, 26, 25]",5,26,47.png,626,1622,5,Cấm còn lại
30,0,50,"[976, 420, 6, 5]",5,29,50.png,626,1622,12,Cấm còn lại
696,0,59,"[1394, 388, 29, 24]",5,35,59.png,626,1622,12,Cấm còn lại
578,0,74,"[1118, 304, 17, 34]",5,39,74.png,626,1622,8,Cấm còn lại
100,0,89,"[780, 205, 10, 10]",5,46,89.png,626,1622,7,Cấm còn lại
198,0,123,"[841, 193, 9, 22]",5,60,123.png,626,1622,7,Cấm còn lại
154,0,130,"[1001, 427, 14, 11]",5,62,130.png,626,1622,12,Cấm còn lại
576,0,160,"[936, 186, 24, 24]",5,75,160.png,626,1622,7,Cấm còn lại
4608,0,166,"[1257, 345, 72, 64]",5,82,166.png,626,1622,12,Cấm còn lại
1054,0,182,"[681, 258, 34, 31]",5,86,182.png,626,1622,13,Cấm còn lại
918,0,182,"[680, 229, 34, 27]",5,87,182.png,626,1622,13,Cấm còn lại
1020,0,182,"[679, 197, 34, 30]",5,88,182.png,626,1622,13,Cấm còn lại
560,0,208,"[14, 436, 28, 20]",5,97,208.png,626,1622,12,Cấm còn lại
2322,0,218,"[147, 209, 54, 43]",5,101,218.png,626,1622,7,Cấm còn lại
64,0,245,"[860, 373, 8, 8]",5,111,245.png,626,1622,3,Cấm còn lại
5251,0,254,"[1416, 121, 89, 59]",5,116,254.png,626,1622,7,Cấm còn lại
42,0,257,"[816, 218, 7, 6]",5,119,257.png,626,1622,7,Cấm còn lại
816,0,268,"[148, 239, 34, 24]",5,125,268.png,626,1622,1,Cấm còn lại
3388,0,270,"[1020, 1, 77, 44]",5,127,270.png,626,1622,7,Cấm còn lại
150,0,292,"[575, 409, 10, 15]",5,135,292.png,626,1622,12,Cấm còn lại
361,0,332,"[256, 408, 19, 19]",5,144,332.png,626,1622,12,Cấm còn lại
680,0,339,"[1162, 278, 20, 34]",5,149,339.png,626,1622,3,Cấm còn lại
899,0,347,"[941, 374, 31, 29]",5,153,347.png,626,1622,12,Cấm còn lại
1764,0,354,"[7, 175, 42, 42]",5,159,354.png,626,1622,7,Cấm còn lại
56,0,365,"[953, 367, 8, 7]",5,165,365.png,626,1622,7,Cấm còn lại
168,0,369,"[524, 399, 12, 14]",5,168,369.png,626,1622,12,Cấm còn lại
975,0,391,"[961, 174, 25, 39]",5,179,391.png,626,1622,7,Cấm còn lại
1476,0,403,"[918, 144, 41, 36]",5,188,403.png,626,1622,7,Cấm còn lại
675,0,442,"[863, 397, 27, 25]",5,206,442.png,626,1622,12,Cấm còn lại
24,0,447,"[719, 417, 6, 4]",5,209,447.png,626,1622,12,Cấm còn lại
1326,0,449,"[184, 353, 34, 39]",5,210,449.png,626,1622,7,Cấm còn lại
551,0,457,"[903, 273, 29, 19]",5,214,457.png,626,1622,13,Cấm còn lại
285,0,463,"[941, 412, 19, 15]",5,220,463.png,626,1622,12,Cấm còn lại
72,0,472,"[834, 213, 9, 8]",5,224,472.png,626,1622,7,Cấm còn lại
315,0,483,"[286, 187, 15, 21]",5,231,483.png,626,1622,7,Cấm còn lại
240,0,507,"[311, 394, 15, 16]",5,238,507.png,626,1622,12,Cấm còn lại
300,0,529,"[951, 387, 15, 20]",5,253,529.png,626,1622,12,Cấm còn lại
756,0,552,"[995, 388, 27, 28]",5,257,552.png,626,1622,12,Cấm còn lại
4032,0,567,"[1324, 129, 64, 63]",5,265,567.png,626,1622,7,Cấm còn lại
49,0,584,"[820, 222, 7, 7]",5,275,584.png,626,1622,7,Cấm còn lại
342,0,593,"[301, 400, 18, 19]",5,280,593.png,626,1622,12,Cấm còn lại
285,0,600,"[217, 276, 19, 15]",5,284,600.png,626,1622,1,Cấm còn lại
1344,0,610,"[0, 256, 32, 42]",5,287,610.png,626,1622,8,Cấm còn lại
1190,0,611,"[0, 129, 34, 35]",5,289,611.png,626,1622,8,Cấm còn lại
1050,0,622,"[976, 181, 35, 30]",5,296,622.png,626,1622,7,Cấm còn lại
304,0,646,"[829, 402, 16, 19]",5,306,646.png,626,1622,12,Cấm còn lại
540,0,718,"[441, 275, 27, 20]",5,335,718.png,626,1622,13,Cấm còn lại
812,0,732,"[278, 173, 29, 28]",5,340,732.png,626,1622,8,Cấm còn lại
4970,0,758,"[794, 191, 71, 70]",5,352,758.png,626,1622,13,Cấm còn lại
132,0,766,"[743, 277, 11, 12]",5,359,766.png,626,1622,13,Cấm còn lại
25,0,794,"[979, 419, 5, 5]",5,366,794.png,626,1622,12,Cấm còn lại
2301,0,805,"[75, 159, 59, 39]",5,375,805.png,626,1622,7,Cấm còn lại
238,0,807,"[815, 176, 17, 14]",5,377,807.png,626,1622,7,Cấm còn lại
713,0,817,"[205, 145, 23, 31]",5,384,817.png,626,1622,7,Cấm còn lại
70,0,838,"[527, 415, 7, 10]",5,397,838.png,626,1622,12,Cấm còn lại
2040,0,851,"[36, 336, 51, 40]",5,402,851.png,626,1622,3,Cấm còn lại
324,0,902,"[411, 193, 12, 27]",5,426,902.png,626,1622,7,Cấm còn lại
378,0,914,"[1088, 416, 21, 18]",5,431,914.png,626,1622,12,Cấm còn lại
240,0,920,"[791, 408, 16, 15]",5,434,920.png,626,1622,12,Cấm còn lại
342,0,925,"[893, 202, 19, 18]",5,437,925.png,626,1622,7,Cấm còn lại
2622,0,930,"[1429, 365, 57, 46]",5,443,930.png,626,1622,12,Cấm còn lại
2862,0,935,"[1215, 332, 54, 53]",5,448,935.png,626,1622,3,Cấm còn lại
5120,0,935,"[33, 327, 80, 64]",5,449,935.png,626,1622,3,Cấm còn lại
756,0,937,"[1022, 389, 28, 27]",5,451,937.png,626,1622,12,Cấm còn lại
380,0,953,"[1021, 198, 19, 20]",5,454,953.png,626,1622,13,Cấm còn lại
90,0,1016,"[655, 362, 10, 9]",5,485,1016.png,626,1622,19,Cấm còn lại
1098,0,1031,"[1468, 0, 61, 18]",5,492,1031.png,626,1622,19,Cấm còn lại
16,0,1036,"[602, 330, 4, 4]",5,501,1036.png,626,1622,19,Cấm còn lại
12,0,1036,"[608, 330, 3, 4]",5,502,1036.png,626,1622,19,Cấm còn lại
12,0,1036,"[614, 330, 3, 4]",5,503,1036.png,626,1622,19,Cấm còn lại
805,0,1040,"[577, 196, 23, 35]",5,504,1040.png,626,1622,22,Cấm còn lại
110,0,1054,"[623, 325, 11, 10]",5,511,1054.png,626,1622,24,Cấm còn lại
285,0,1094,"[394, 362, 15, 19]",5,537,1094.png,626,1622,19,Cấm còn lại
408,0,1106,"[995, 477, 17, 24]",5,539,1106.png,626,1622,19,Cấm còn lại
154,0,1124,"[226, 123, 14, 11]",5,547,1124.png,626,1622,22,Cấm còn lại
132,0,1136,"[494, 224, 12, 11]",5,549,1136.png,626,1622,18,Cấm còn lại
450,0,1146,"[395, 294, 25, 18]",5,554,1146.png,626,1622,22,Cấm còn lại
228,0,1146,"[394, 279, 19, 12]",5,555,1146.png,626,1622,22,Cấm còn lại
306,0,1147,"[577, 361, 17, 18]",5,558,1147.png,626,1622,24,Cấm còn lại
289,0,1147,"[597, 362, 17, 17]",5,559,1147.png,626,1622,24,Cấm còn lại
288,0,1147,"[615, 362, 16, 18]",5,560,1147.png,626,1622,24,Cấm còn lại
255,0,1147,"[634, 362, 15, 17]",5,561,1147.png,626,1622,24,Cấm còn lại
270,0,1147,"[659, 371, 15, 18]",5,562,1147.png,626,1622,24,Cấm còn lại
3432,0,1150,"[1333, 424, 66, 52]",5,564,1150.png,626,1622,19,Cấm còn lại
1122,0,1161,"[422, 158, 33, 34]",5,575,1161.png,626,1622,23,Cấm còn lại
1248,0,1161,"[1346, 252, 39, 32]",5,576,1161.png,626,1622,23,Cấm còn lại
1560,0,1162,"[599, 282, 39, 40]",5,578,1162.png,626,1622,19,Cấm còn lại
980,0,1167,"[589, 428, 35, 28]",5,580,1167.png,626,1622,19,Cấm còn lại
992,0,1203,"[705, 226, 31, 32]",5,598,1203.png,626,1622,22,Cấm còn lại
650,0,1250,"[800, 333, 26, 25]",5,614,1250.png,626,1622,22,Cấm còn lại
306,0,1250,"[1572, 362, 17, 18]",5,616,1250.png,626,1622,22,Cấm còn lại
378,0,1250,"[1592, 361, 18, 21]",5,617,1250.png,626,1622,22,Cấm còn lại
624,0,1276,"[675, 319, 26, 24]",5,627,1276.png,626,1622,23,Cấm còn lại
475,0,1290,"[538, 277, 19, 25]",5,630,1290.png,626,1622,19,Cấm còn lại
3294,0,1303,"[903, 26, 54, 61]",5,643,1303.png,626,1622,23,Cấm còn lại
2058,0,1306,"[237, 144, 49, 42]",5,648,1306.png,626,1622,19,Cấm còn lại
2346,0,1308,"[1289, 387, 51, 46]",5,658,1308.png,626,1622,19,Cấm còn lại
3762,0,1346,"[1287, 270, 66, 57]",5,673,1346.png,626,1622,23,Cấm còn lại
42,0,1362,"[643, 365, 7, 6]",5,677,1362.png,626,1622,19,Cấm còn lại
36,0,1362,"[519, 352, 6, 6]",5,678,1362.png,626,1622,19,Cấm còn lại
304,0,1398,"[526, 240, 19, 16]",5,683,1398.png,626,1622,20,Cấm còn lại
144,0,1398,"[734, 263, 12, 12]",5,686,1398.png,626,1622,20,Cấm còn lại
1088,0,1415,"[1373, 304, 34, 32]",5,693,1415.png,626,1622,23,Cấm còn lại
1935,0,1426,"[757, 307, 43, 45]",5,696,1426.png,626,1622,23,Cấm còn lại
504,0,1451,"[363, 301, 24, 21]",5,705,1451.png,626,1622,19,Cấm còn lại
2058,0,1457,"[948, 287, 42, 49]",5,711,1457.png,626,1622,22,Cấm còn lại
552,0,1486,"[410, 261, 24, 23]",5,721,1486.png,626,1622,19,Cấm còn lại
600,0,1486,"[381, 259, 25, 24]",5,722,1486.png,626,1622,19,Cấm còn lại
1258,0,1486,"[323, 312, 37, 34]",5,723,1486.png,626,1622,19,Cấm còn lại
696,0,1486,"[278, 255, 29, 24]",5,724,1486.png,626,1622,19,Cấm còn lại
455,0,1486,"[730, 319, 13, 35]",5,725,1486.png,626,1622,19,Cấm còn lại
306,0,1494,"[907, 457, 17, 18]",5,734,1494.png,626,1622,19,Cấm còn lại
1548,0,1523,"[1265, 372, 43, 36]",5,748,1523.png,626,1622,20,Cấm còn lại
270,0,1528,"[1183, 447, 18, 15]",5,756,1528.png,626,1622,20,Cấm còn lại
272,0,1528,"[1015, 432, 17, 16]",5,761,1528.png,626,1622,20,Cấm còn lại
1155,0,1567,"[826, 164, 35, 33]",5,773,1567.png,626,1622,18,Cấm còn lại
1435,0,1570,"[249, 208, 35, 41]",5,775,1570.png,626,1622,15,Cấm còn lại
210,0,1582,"[69, 343, 15, 14]",5,793,1582.png,626,1622,19,Cấm còn lại
238,0,1582,"[86, 344, 17, 14]",5,794,1582.png,626,1622,19,Cấm còn lại
56,0,1593,"[752, 339, 7, 8]",5,801,1593.png,626,1622,19,Cấm còn lại
648,0,1606,"[523, 168, 24, 27]",5,802,1606.png,626,1622,22,Cấm còn lại
899,0,1623,"[994, 265, 31, 29]",5,805,1623.png,626,1622,23,Cấm còn lại
1927,0,1625,"[837, 189, 41, 47]",5,807,1625.png,626,1622,20,Cấm còn lại
2856,0,1625,"[1, 18, 34, 84]",5,809,1625.png,626,1622,20,Cấm còn lại
1988,0,1625,"[0, 103, 28, 71]",5,810,1625.png,626,1622,20,Cấm còn lại
63,0,1625,"[700, 275, 7, 9]",5,812,1625.png,626,1622,20,Cấm còn lại
1376,0,1627,"[1509, 366, 43, 32]",5,814,1627.png,626,1622,20,Cấm còn lại
1292,0,1627,"[1121, 380, 38, 34]",5,821,1627.png,626,1622,20,Cấm còn lại
156,0,1640,"[1063, 457, 13, 12]",5,828,1640.png,626,1622,19,Cấm còn lại
5270,0,1643,"[149, 192, 85, 62]",5,830,1643.png,626,1622,19,Cấm còn lại
1892,0,1673,"[390, 250, 43, 44]",5,854,1673.png,626,1622,20,Cấm còn lại
238,0,1693,"[1121, 446, 17, 14]",5,862,1693.png,626,1622,19,Cấm còn lại
924,0,1719,"[1241, 407, 33, 28]",5,873,1719.png,626,1622,19,Cấm còn lại
182,0,1735,"[634, 391, 13, 14]",5,887,1735.png,626,1622,20,Cấm còn lại
56,0,1735,"[853, 425, 8, 7]",5,891,1735.png,626,1622,20,Cấm còn lại
399,0,1761,"[813, 253, 19, 21]",5,901,1761.png,626,1622,22,Cấm còn lại
880,0,1766,"[1109, 256, 22, 40]",5,903,1766.png,626,1622,15,Cấm còn lại
144,0,1768,"[626, 232, 12, 12]",5,906,1768.png,626,1622,18,Cấm còn lại
2700,0,1800,"[1516, 321, 60, 45]",5,915,1800.png,626,1622,15,Cấm còn lại
11716,0,1802,"[1187, 37, 116, 101]",5,917,1802.png,626,1622,18,Cấm còn lại
25,0,1811,"[606, 317, 5, 5]",5,922,1811.png,626,1622,19,Cấm còn lại
25,0,1811,"[613, 318, 5, 5]",5,923,1811.png,626,1622,19,Cấm còn lại
25,0,1811,"[621, 317, 5, 5]",5,924,1811.png,626,1622,19,Cấm còn lại
72,0,1811,"[237, 348, 9, 8]",5,928,1811.png,626,1622,19,Cấm còn lại
90,0,1811,"[248, 348, 10, 9]",5,929,1811.png,626,1622,19,Cấm còn lại
266,0,1811,"[995, 270, 14, 19]",5,930,1811.png,626,1622,19,Cấm còn lại
540,0,1813,"[978, 258, 15, 36]",5,931,1813.png,626,1622,15,Cấm còn lại
3658,0,1814,"[1453, 226, 59, 62]",5,935,1814.png,626,1622,15,Cấm còn lại
528,0,1817,"[697, 288, 24, 22]",5,939,1817.png,626,1622,19,Cấm còn lại
20,0,1836,"[650, 316, 5, 4]",5,956,1836.png,626,1622,19,Cấm còn lại
644,0,1846,"[363, 321, 28, 23]",5,959,1846.png,626,1622,19,Cấm còn lại
728,0,1853,"[1186, 407, 28, 26]",5,971,1853.png,626,1622,20,Cấm còn lại
7533,0,1862,"[1349, 177, 93, 81]",5,982,1862.png,626,1622,23,Cấm còn lại
850,0,1862,"[940, 108, 25, 34]",5,983,1862.png,626,1622,23,Cấm còn lại
182,0,1901,"[684, 219, 13, 14]",5,998,1901.png,626,1622,22,Cấm còn lại
960,0,1952,"[535, 292, 32, 30]",5,1020,1952.png,626,1622,19,Cấm còn lại
576,0,1992,"[723, 217, 24, 24]",5,1040,1992.png,626,1622,24,Cấm còn lại
2322,0,1995,"[1484, 369, 43, 54]",5,1043,1995.png,626,1622,20,Cấm còn lại
4757,0,3007,"[971, 132, 67, 71]",5,1050,3007.png,626,1622,30,Cấm còn lại
3816,0,3009,"[1495, 319, 53, 72]",5,1053,3009.png,626,1622,29,Cấm còn lại
304,0,3055,"[739, 282, 16, 19]",5,1074,3055.png,626,1622,30,Cấm còn lại
306,0,3055,"[737, 313, 17, 18]",5,1075,3055.png,626,1622,30,Cấm còn lại
10300,0,3119,"[1310, 129, 103, 100]",5,1112,3119.png,626,1622,30,Cấm còn lại
1376,0,3137,"[1459, 286, 43, 32]",5,1124,3137.png,626,1622,32,Cấm còn lại
1558,0,3139,"[917, 360, 41, 38]",5,1126,3139.png,626,1622,29,Cấm còn lại
1849,0,3175,"[726, 248, 43, 43]",5,1140,3175.png,626,1622,30,Cấm còn lại
7544,0,3198,"[1179, 154, 92, 82]",5,1147,3198.png,626,1622,30,Cấm còn lại
576,0,3219,"[740, 241, 24, 24]",5,1152,3219.png,626,1622,30,Cấm còn lại
64,0,3236,"[652, 491, 8, 8]",5,1157,3236.png,626,1622,29,Cấm còn lại
528,0,3247,"[510, 257, 24, 22]",5,1159,3247.png,626,1622,30,Cấm còn lại
870,0,3277,"[955, 277, 29, 30]",5,1174,3277.png,626,1622,30,Cấm còn lại
3304,0,3284,"[1121, 223, 56, 59]",5,1175,3284.png,626,1622,29,Cấm còn lại
10176,0,3348,"[658, 389, 96, 106]",5,1206,3348.png,626,1622,29,Cấm còn lại
64,0,3348,"[469, 485, 8, 8]",5,1207,3348.png,626,1622,29,Cấm còn lại
225,0,3364,"[696, 261, 15, 15]",5,1220,3364.png,626,1622,30,Cấm còn lại
9520,0,3373,"[1479, 190, 112, 85]",5,1225,3373.png,626,1622,30,Cấm còn lại
255,0,3383,"[1244, 431, 17, 15]",5,1228,3383.png,626,1622,28,Cấm còn lại
400,0,3396,"[882, 292, 20, 20]",5,1239,3396.png,626,1622,30,Cấm còn lại
224,0,3414,"[689, 540, 14, 16]",5,1248,3414.png,626,1622,29,Cấm còn lại
1332,0,3421,"[1036, 507, 36, 37]",5,1251,3421.png,626,1622,29,Cấm còn lại
2597,0,3426,"[957, 213, 49, 53]",5,1253,3426.png,626,1622,30,Cấm còn lại
600,0,3428,"[764, 256, 25, 24]",5,1255,3428.png,626,1622,30,Cấm còn lại
210,0,3433,"[1047, 256, 15, 14]",5,1264,3433.png,626,1622,29,Cấm còn lại
2091,0,3480,"[712, 384, 41, 51]",5,1283,3480.png,626,1622,28,Cấm còn lại
2256,0,3487,"[904, 275, 47, 48]",5,1290,3487.png,626,1622,30,Cấm còn lại
483,0,3524,"[511, 257, 23, 21]",5,1298,3524.png,626,1622,30,Cấm còn lại
1024,0,3558,"[856, 228, 32, 32]",5,1311,3558.png,626,1622,29,Cấm còn lại
576,0,3559,"[511, 256, 24, 24]",5,1312,3559.png,626,1622,30,Cấm còn lại
700,0,3570,"[1327, 0, 28, 25]",5,1313,3570.png,626,1622,28,Cấm còn lại
864,0,3581,"[1196, 282, 32, 27]",5,1319,3581.png,626,1622,30,Cấm còn lại
1258,0,3590,"[1032, 524, 34, 37]",5,1324,3590.png,626,1622,29,Cấm còn lại
483,0,3591,"[511, 258, 23, 21]",5,1327,3591.png,626,1622,30,Cấm còn lại
1088,0,3613,"[512, 468, 32, 34]",5,1339,3613.png,626,1622,29,Cấm còn lại
2401,0,3639,"[1183, 284, 49, 49]",5,1349,3639.png,626,1622,30,Cấm còn lại
2500,0,3641,"[938, 122, 50, 50]",5,1352,3641.png,626,1622,32,Cấm còn lại
72,0,3664,"[657, 286, 9, 8]",5,1358,3664.png,626,1622,30,Cấm còn lại
7654,0,3684,"[1353, 195, 86, 89]",5,1366,3684.png,626,1622,30,Cấm còn lại
840,0,3689,"[813, 236, 28, 30]",5,1372,3689.png,626,1622,30,Cấm còn lại
210,0,3704,"[781, 243, 14, 15]",5,1381,3704.png,626,1622,29,Cấm còn lại
36,0,3709,"[737, 381, 6, 6]",5,1383,3709.png,626,1622,29,Cấm còn lại
5325,0,3716,"[1099, 478, 75, 71]",5,1387,3716.png,626,1622,29,Cấm còn lại
2450,0,3728,"[1275, 232, 50, 49]",5,1402,3728.png,626,1622,30,Cấm còn lại
210,0,3741,"[263, 399, 14, 15]",5,1408,3741.png,626,1622,28,Cấm còn lại
4209,0,3758,"[866, 443, 61, 69]",5,1414,3758.png,626,1622,29,Cấm còn lại
1935,0,3762,"[890, 185, 43, 45]",5,1417,3762.png,626,1622,30,Cấm còn lại
440,0,3765,"[940, 246, 20, 22]",5,1420,3765.png,626,1622,29,Cấm còn lại
990,0,3775,"[746, 524, 30, 33]",5,1425,3775.png,626,1622,29,Cấm còn lại
5810,0,3800,"[1088, 91, 70, 83]",5,1435,3800.png,626,1622,30,Cấm còn lại
2736,0,3827,"[1204, 242, 57, 48]",5,1452,3827.png,626,1622,29,Cấm còn lại
2784,0,3827,"[1203, 241, 58, 48]",5,1499,3827.png,626,1622,29,Cấm còn lại
323,0,3857,"[582, 277, 17, 19]",5,1471,3857.png,626,1622,32,Cấm còn lại
121,0,3870,"[722, 491, 11, 11]",5,1479,3870.png,626,1622,29,Cấm còn lại
484,0,3881,"[512, 256, 22, 22]",5,1484,3881.png,626,1622,30,Cấm còn lại
440,0,3892,"[669, 250, 20, 22]",5,1486,3892.png,626,1622,30,Cấm còn lại
208,0,3905,"[673, 279, 16, 13]",5,1494,3905.png,626,1622,30,Cấm còn lại
1023,0,3922,"[733, 468, 31, 33]",5,1504,3922.png,626,1622,29,Cấm còn lại
255,0,3933,"[832, 311, 15, 17]",5,1519,3933.png,626,1622,30,Cấm còn lại
1584,0,3935,"[1202, 282, 44, 36]",5,1520,3935.png,626,1622,30,Cấm còn lại
432,0,3970,"[26, 405, 24, 18]",5,1539,3970.png,626,1622,28,Cấm còn lại
396,0,3970,"[27, 406, 22, 18]",5,1549,3970.png,626,1622,28,Cấm còn lại
3264,0,3975,"[905, 149, 51, 64]",5,1542,3975.png,626,1622,30,Cấm còn lại
1054,0,3980,"[824, 218, 31, 34]",5,1546,3980.png,626,1622,32,Cấm còn lại
272,0,4000,"[775, 179, 16, 17]",5,1559,4000.png,626,1622,33,Cấm còn lại
30,0,4002,"[679, 417, 6, 5]",5,1563,4002.png,626,1622,33,Cấm còn lại
143,0,4004,"[1072, 254, 13, 11]",5,1568,4004.png,626,1622,34,Cấm còn lại
676,0,4004,"[1527, 167, 26, 26]",5,1569,4004.png,626,1622,34,Cấm còn lại
81,0,4004,"[922, 249, 9, 9]",5,1571,4004.png,626,1622,34,Cấm còn lại
90,0,4004,"[922, 259, 10, 9]",5,1572,4004.png,626,1622,34,Cấm còn lại
64,0,4006,"[824, 319, 8, 8]",5,1577,4006.png,626,1622,34,Cấm còn lại
132,0,4014,"[937, 294, 12, 11]",5,1587,4014.png,626,1622,34,Cấm còn lại
440,0,4015,"[1033, 196, 20, 22]",5,1590,4015.png,626,1622,33,Cấm còn lại
1722,0,4019,"[667, 224, 42, 41]",5,1591,4019.png,626,1622,34,Cấm còn lại
5460,0,4024,"[947, 110, 60, 91]",5,1604,4024.png,626,1622,34,Cấm còn lại
56,0,4027,"[1016, 303, 7, 8]",5,1610,4027.png,626,1622,34,Cấm còn lại
70,0,4027,"[1160, 293, 7, 10]",5,1611,4027.png,626,1622,34,Cấm còn lại
210,0,4030,"[927, 260, 15, 14]",5,1616,4030.png,626,1622,36,Cấm còn lại
64,0,4030,"[821, 273, 8, 8]",5,1626,4030.png,626,1622,36,Cấm còn lại
80,0,4030,"[820, 263, 10, 8]",5,1627,4030.png,626,1622,36,Cấm còn lại
56,0,4030,"[767, 264, 8, 7]",5,1628,4030.png,626,1622,36,Cấm còn lại
729,0,4031,"[410, 157, 27, 27]",5,1629,4031.png,626,1622,37,Cấm còn lại
1020,0,4031,"[243, 154, 34, 30]",5,1630,4031.png,626,1622,37,Cấm còn lại
196,0,4034,"[720, 291, 14, 14]",5,1632,4034.png,626,1622,34,Cấm còn lại
396,0,4035,"[235, 235, 22, 18]",5,1634,4035.png,626,1622,34,Cấm còn lại
4692,0,4039,"[1258, 168, 68, 69]",5,1643,4039.png,626,1622,34,Cấm còn lại
2703,0,4041,"[1243, 170, 51, 53]",5,1652,4041.png,626,1622,37,Cấm còn lại
608,0,4048,"[362, 215, 19, 32]",5,1657,4048.png,626,1622,36,Cấm còn lại
1404,0,4050,"[170, 134, 39, 36]",5,1660,4050.png,626,1622,34,Cấm còn lại
132,0,4050,"[610, 256, 11, 12]",5,1663,4050.png,626,1622,34,Cấm còn lại
72,0,4050,"[748, 262, 8, 9]",5,1664,4050.png,626,1622,34,Cấm còn lại
169,0,4051,"[804, 295, 13, 13]",5,1670,4051.png,626,1622,34,Cấm còn lại
2597,0,4059,"[933, 239, 53, 49]",5,1673,4059.png,626,1622,34,Cấm còn lại
930,0,4061,"[1087, 259, 31, 30]",5,1681,4061.png,626,1622,34,Cấm còn lại
624,0,4066,"[1245, 182, 26, 24]",5,1685,4066.png,626,1622,34,Cấm còn lại
323,0,4066,"[1153, 231, 19, 17]",5,1687,4066.png,626,1622,34,Cấm còn lại
121,0,4066,"[938, 236, 11, 11]",5,1689,4066.png,626,1622,34,Cấm còn lại
80,0,4068,"[1301, 298, 10, 8]",5,1693,4068.png,626,1622,34,Cấm còn lại
210,0,4069,"[646, 377, 14, 15]",5,1698,4069.png,626,1622,33,Cấm còn lại
756,0,4082,"[640, 200, 28, 27]",5,1709,4082.png,626,1622,33,Cấm còn lại
144,0,4082,"[884, 237, 12, 12]",5,1717,4082.png,626,1622,33,Cấm còn lại
360,0,4085,"[1033, 324, 20, 18]",5,1725,4085.png,626,1622,36,Cấm còn lại
882,0,4089,"[948, 259, 18, 49]",5,1730,4089.png,626,1622,37,Cấm còn lại
550,0,4093,"[1079, 230, 22, 25]",5,1732,4093.png,626,1622,36,Cấm còn lại
400,0,4093,"[1003, 249, 20, 20]",5,1733,4093.png,626,1622,36,Cấm còn lại
210,0,4093,"[941, 260, 14, 15]",5,1734,4093.png,626,1622,36,Cấm còn lại
64,0,4093,"[847, 251, 8, 8]",5,1735,4093.png,626,1622,36,Cấm còn lại
121,0,4093,"[847, 261, 11, 11]",5,1736,4093.png,626,1622,36,Cấm còn lại
42,0,4093,"[778, 246, 6, 7]",5,1737,4093.png,626,1622,36,Cấm còn lại
42,0,4093,"[778, 254, 7, 6]",5,1738,4093.png,626,1622,36,Cấm còn lại
1024,0,4094,"[1063, 219, 32, 32]",5,1749,4094.png,626,1622,33,Cấm còn lại
49,0,4097,"[637, 275, 7, 7]",5,1755,4097.png,626,1622,34,Cấm còn lại
9,0,4100,"[646, 276, 3, 3]",5,1761,4100.png,626,1622,34,Cấm còn lại
20,0,4100,"[701, 270, 4, 5]",5,1762,4100.png,626,1622,34,Cấm còn lại
12,0,4100,"[694, 264, 4, 3]",5,1764,4100.png,626,1622,34,Cấm còn lại
110,0,4112,"[640, 185, 11, 10]",5,1785,4112.png,626,1622,33,Cấm còn lại
99,0,4114,"[659, 315, 9, 11]",5,1789,4114.png,626,1622,34,Cấm còn lại
99,0,4114,"[648, 315, 9, 11]",5,1790,4114.png,626,1622,34,Cấm còn lại
90,0,4114,"[636, 316, 9, 10]",5,1791,4114.png,626,1622,34,Cấm còn lại
100,0,4114,"[613, 320, 10, 10]",5,1792,4114.png,626,1622,34,Cấm còn lại
56,0,4114,"[755, 305, 7, 8]",5,1793,4114.png,626,1622,34,Cấm còn lại
100,0,4114,"[763, 304, 10, 10]",5,1794,4114.png,626,1622,34,Cấm còn lại
80,0,4114,"[881, 324, 10, 8]",5,1796,4114.png,626,1622,34,Cấm còn lại
110,0,4115,"[381, 221, 11, 10]",5,1797,4115.png,626,1622,36,Cấm còn lại
930,0,4121,"[639, 180, 30, 31]",5,1817,4121.png,626,1622,36,Cấm còn lại
380,0,4123,"[518, 238, 19, 20]",5,1819,4123.png,626,1622,34,Cấm còn lại
196,0,4123,"[736, 244, 14, 14]",5,1820,4123.png,626,1622,34,Cấm còn lại
3712,0,4127,"[431, 200, 64, 58]",5,1822,4127.png,626,1622,34,Cấm còn lại
441,0,4138,"[791, 196, 21, 21]",5,1827,4138.png,626,1622,34,Cấm còn lại
224,0,4138,"[1036, 231, 16, 14]",5,1832,4138.png,626,1622,34,Cấm còn lại
4347,0,4144,"[287, 167, 69, 63]",5,1834,4144.png,626,1622,36,Cấm còn lại
462,0,4145,"[499, 320, 22, 21]",5,1836,4145.png,626,1622,36,Cấm còn lại
70,0,4157,"[1277, 306, 10, 7]",5,1849,4157.png,626,1622,36,Cấm còn lại
64,0,4161,"[499, 264, 8, 8]",5,1853,4161.png,626,1622,34,Cấm còn lại
49,0,4165,"[832, 251, 7, 7]",5,1857,4165.png,626,1622,33,Cấm còn lại
49,0,4165,"[843, 251, 7, 7]",5,1858,4165.png,626,1622,33,Cấm còn lại
36,0,4165,"[881, 245, 6, 6]",5,1859,4165.png,626,1622,33,Cấm còn lại
342,0,4167,"[712, 160, 18, 19]",5,1860,4167.png,626,1622,36,Cấm còn lại
1890,0,4169,"[1066, 239, 45, 42]",5,1863,4169.png,626,1622,37,Cấm còn lại
30,0,4169,"[761, 299, 6, 5]",5,1866,4169.png,626,1622,37,Cấm còn lại
288,0,4172,"[487, 269, 16, 18]",5,1868,4172.png,626,1622,36,Cấm còn lại
42,0,4172,"[378, 322, 6, 7]",5,1869,4172.png,626,1622,36,Cấm còn lại
90,0,4174,"[741, 379, 10, 9]",5,1871,4174.png,626,1622,36,Cấm còn lại
1680,0,4175,"[854, 329, 40, 42]",5,1875,4175.png,626,1622,36,Cấm còn lại
756,0,4175,"[647, 284, 28, 27]",5,1876,4175.png,626,1622,36,Cấm còn lại
3055,0,4178,"[942, 74, 47, 65]",5,1881,4178.png,626,1622,34,Cấm còn lại
418,0,4178,"[370, 274, 22, 19]",5,1883,4178.png,626,1622,34,Cấm còn lại
550,0,4184,"[383, 305, 25, 22]",5,1887,4184.png,626,1622,36,Cấm còn lại
154,0,4184,"[452, 373, 14, 11]",5,1888,4184.png,626,1622,36,Cấm còn lại
56,0,4185,"[696, 315, 8, 7]",5,1890,4185.png,626,1622,36,Cấm còn lại
56,0,4185,"[696, 324, 8, 7]",5,1891,4185.png,626,1622,36,Cấm còn lại
195,0,4188,"[858, 204, 13, 15]",5,1894,4188.png,626,1622,36,Cấm còn lại
110,0,4188,"[834, 211, 10, 11]",5,1895,4188.png,626,1622,36,Cấm còn lại
42,0,4188,"[740, 195, 7, 6]",5,1897,4188.png,626,1622,36,Cấm còn lại
156,0,4191,"[270, 257, 13, 12]",5,1899,4191.png,626,1622,34,Cấm còn lại
378,0,4195,"[1441, 343, 21, 18]",5,1906,4195.png,626,1622,34,Cấm còn lại
110,0,4196,"[643, 363, 11, 10]",5,1907,4196.png,626,1622,34,Cấm còn lại
4331,0,4204,"[1239, 291, 61, 71]",5,1914,4204.png,626,1622,33,Cấm còn lại
16,0,4204,"[670, 423, 4, 4]",5,1916,4204.png,626,1622,33,Cấm còn lại
16,0,4204,"[665, 422, 4, 4]",5,1917,4204.png,626,1622,33,Cấm còn lại
20,0,4204,"[675, 428, 4, 5]",5,1918,4204.png,626,1622,33,Cấm còn lại
3432,0,4208,"[228, 89, 66, 52]",5,1921,4208.png,626,1622,33,Cấm còn lại
3248,0,4211,"[677, 264, 56, 58]",5,1924,4211.png,626,1622,37,Cấm còn lại
64,0,4220,"[996, 404, 8, 8]",5,1930,4220.png,626,1622,36,Cấm còn lại
42,0,4223,"[673, 335, 7, 6]",5,1938,4223.png,626,1622,36,Cấm còn lại
42,0,4223,"[673, 343, 7, 6]",5,1939,4223.png,626,1622,36,Cấm còn lại
36,0,4227,"[847, 258, 6, 6]",5,1946,4227.png,626,1622,33,Cấm còn lại
36,0,4227,"[848, 255, 6, 6]",5,1948,4227.png,626,1622,33,Cấm còn lại
16,0,4227,"[849, 245, 4, 4]",5,1949,4227.png,626,1622,33,Cấm còn lại
72,0,4228,"[846, 348, 8, 9]",5,1951,4228.png,626,1622,36,Cấm còn lại
140,0,4233,"[963, 260, 10, 14]",5,1962,4233.png,626,1622,37,Cấm còn lại
240,0,4235,"[607, 267, 15, 16]",5,1965,4235.png,626,1622,34,Cấm còn lại
500,0,4235,"[312, 238, 25, 20]",5,1967,4235.png,626,1622,34,Cấm còn lại
3904,0,4251,"[441, 268, 64, 61]",5,1981,4251.png,626,1622,34,Cấm còn lại
525,0,4252,"[719, 130, 21, 25]",5,1983,4252.png,626,1622,34,Cấm còn lại
154,0,4252,"[1158, 205, 14, 11]",5,1987,4252.png,626,1622,34,Cấm còn lại
132,0,4252,"[985, 205, 11, 12]",5,1989,4252.png,626,1622,34,Cấm còn lại
2025,0,4253,"[776, 208, 45, 45]",5,1990,4253.png,626,1622,33,Cấm còn lại
1980,0,4253,"[776, 258, 44, 45]",5,1991,4253.png,626,1622,33,Cấm còn lại
156,0,4258,"[331, 329, 12, 13]",5,1996,4258.png,626,1622,36,Cấm còn lại
81,0,4259,"[1074, 231, 9, 9]",5,1997,4259.png,626,1622,34,Cấm còn lại
30,0,4259,"[958, 241, 6, 5]",5,1999,4259.png,626,1622,34,Cấm còn lại
49,0,4259,"[958, 247, 7, 7]",5,2000,4259.png,626,1622,34,Cấm còn lại
598,0,4261,"[961, 209, 23, 26]",5,2002,4261.png,626,1622,37,Cấm còn lại
272,0,4266,"[765, 303, 17, 16]",5,2020,4266.png,626,1622,34,Cấm còn lại
144,0,4270,"[146, 259, 12, 12]",5,2024,4270.png,626,1622,37,Cấm còn lại
121,0,4275,"[681, 355, 11, 11]",5,2026,4275.png,626,1622,36,Cấm còn lại
42,0,4279,"[1013, 303, 7, 6]",5,2030,4279.png,626,1622,34,Cấm còn lại
42,0,4279,"[1002, 309, 7, 6]",5,2031,4279.png,626,1622,34,Cấm còn lại
1190,0,4280,"[934, 250, 35, 34]",5,2035,4280.png,626,1622,34,Cấm còn lại
272,0,4288,"[880, 290, 17, 16]",5,2040,4288.png,626,1622,34,Cấm còn lại
357,0,4288,"[877, 273, 21, 17]",5,2041,4288.png,626,1622,34,Cấm còn lại
1716,0,4289,"[167, 80, 44, 39]",5,2046,4289.png,626,1622,36,Cấm còn lại
169,0,4294,"[602, 253, 13, 13]",5,2051,4294.png,626,1622,34,Cấm còn lại
156,0,4294,"[619, 251, 12, 13]",5,2052,4294.png,626,1622,34,Cấm còn lại
168,0,4294,"[633, 252, 12, 14]",5,2053,4294.png,626,1622,34,Cấm còn lại
110,0,4294,"[764, 236, 10, 11]",5,2054,4294.png,626,1622,34,Cấm còn lại
100,0,4294,"[777, 237, 10, 10]",5,2055,4294.png,626,1622,34,Cấm còn lại
110,0,4294,"[931, 251, 11, 10]",5,2058,4294.png,626,1622,34,Cấm còn lại
713,0,4297,"[1056, 205, 23, 31]",5,2063,4297.png,626,1622,34,Cấm còn lại
182,0,4297,"[531, 270, 14, 13]",5,2064,4297.png,626,1622,34,Cấm còn lại
1088,0,4305,"[833, 178, 32, 34]",5,2069,4305.png,626,1622,34,Cấm còn lại
5063,0,4305,"[1425, 110, 83, 61]",5,2074,4305.png,626,1622,34,Cấm còn lại
1634,0,4306,"[422, 208, 43, 38]",5,2075,4306.png,626,1622,36,Cấm còn lại
210,0,4306,"[515, 359, 15, 14]",5,2076,4306.png,626,1622,36,Cấm còn lại
169,0,4314,"[984, 308, 13, 13]",5,2085,4314.png,626,1622,36,Cấm còn lại
196,0,4318,"[639, 378, 14, 14]",5,2090,4318.png,626,1622,33,Cấm còn lại
49,0,4320,"[834, 197, 7, 7]",5,2092,4320.png,626,1622,36,Cấm còn lại
42,0,4320,"[833, 205, 7, 6]",5,2093,4320.png,626,1622,36,Cấm còn lại
49,0,4323,"[745, 266, 7, 7]",5,2097,4323.png,626,1622,34,Cấm còn lại
210,0,4323,"[464, 222, 15, 14]",5,2100,4323.png,626,1622,34,Cấm còn lại
81,0,4323,"[644, 265, 9, 9]",5,2103,4323.png,626,1622,34,Cấm còn lại
1184,0,4324,"[1087, 253, 37, 32]",5,2105,4324.png,626,1622,33,Cấm còn lại
120,0,4324,"[864, 282, 12, 10]",5,2107,4324.png,626,1622,33,Cấm còn lại
108,0,4325,"[812, 450, 9, 12]",5,2115,4325.png,626,1622,33,Cấm còn lại
25,0,4327,"[854, 272, 5, 5]",5,2121,4327.png,626,1622,33,Cấm còn lại
36,0,4327,"[844, 271, 6, 6]",5,2122,4327.png,626,1622,33,Cấm còn lại
36,0,4335,"[958, 387, 6, 6]",5,2129,4335.png,626,1622,36,Cấm còn lại
90,0,4335,"[441, 382, 10, 9]",5,2130,4335.png,626,1622,36,Cấm còn lại
2107,0,4337,"[677, 10, 43, 49]",5,2132,4337.png,626,1622,33,Cấm còn lại
625,0,4342,"[589, 290, 25, 25]",5,2139,4342.png,626,1622,36,Cấm còn lại
288,0,4344,"[333, 184, 18, 16]",5,2145,4344.png,626,1622,36,Cấm còn lại
1640,0,4345,"[583, 211, 40, 41]",5,2150,4345.png,626,1622,34,Cấm còn lại
3312,0,4354,"[1466, 204, 69, 48]",5,2165,4354.png,626,1622,34,Cấm còn lại
400,0,4354,"[915, 246, 20, 20]",5,2166,4354.png,626,1622,34,Cấm còn lại
650,0,4355,"[1332, 234, 25, 26]",5,2178,4355.png,626,1622,36,Cấm còn lại
225,0,4355,"[1079, 266, 15, 15]",5,2180,4355.png,626,1622,36,Cấm còn lại
90,0,4355,"[922, 256, 10, 9]",5,2181,4355.png,626,1622,36,Cấm còn lại
100,0,4355,"[922, 268, 10, 10]",5,2182,4355.png,626,1622,36,Cấm còn lại
144,0,4357,"[997, 249, 12, 12]",5,2183,4357.png,626,1622,34,Cấm còn lại
1296,0,4360,"[859, 278, 36, 36]",5,2185,4360.png,626,1622,34,Cấm còn lại
272,0,4367,"[709, 265, 17, 16]",5,2195,4367.png,626,1622,34,Cấm còn lại
256,0,4368,"[592, 314, 16, 16]",5,2196,4368.png,626,1622,37,Cấm còn lại
336,0,4372,"[1056, 228, 14, 24]",5,2199,4372.png,626,1622,34,Cấm còn lại
182,0,4372,"[726, 241, 14, 13]",5,2200,4372.png,626,1622,34,Cấm còn lại
2726,0,4374,"[669, 106, 47, 58]",5,2203,4374.png,626,1622,34,Cấm còn lại
1512,0,4374,"[1338, 188, 42, 36]",5,2208,4374.png,626,1622,34,Cấm còn lại
7569,0,4376,"[497, 62, 87, 87]",5,2211,4376.png,626,1622,37,Cấm còn lại
323,0,4381,"[993, 282, 19, 17]",5,2222,4381.png,626,1622,34,Cấm còn lại
630,0,4381,"[1498, 314, 30, 21]",5,2223,4381.png,626,1622,34,Cấm còn lại
4422,0,4382,"[1555, 108, 66, 67]",5,2229,4382.png,626,1622,34,Cấm còn lại
2394,0,4384,"[1395, 189, 57, 42]",5,2233,4384.png,626,1622,34,Cấm còn lại
625,0,4385,"[736, 310, 25, 25]",5,2235,4385.png,626,1622,34,Cấm còn lại
5040,0,4385,"[1551, 120, 70, 72]",5,2237,4385.png,626,1622,34,Cấm còn lại
2944,0,4392,"[1164, 182, 46, 64]",5,2246,4392.png,626,1622,34,Cấm còn lại
252,0,4396,"[940, 260, 14, 18]",5,2249,4396.png,626,1622,34,Cấm còn lại
483,0,4396,"[281, 180, 23, 21]",5,2250,4396.png,626,1622,34,Cấm còn lại
440,0,4396,"[282, 181, 22, 20]",5,2412,4396.png,626,1622,34,Cấm còn lại
323,0,4396,"[938, 260, 17, 19]",5,2415,4396.png,626,1622,34,Cấm còn lại
252,0,4397,"[1285, 317, 18, 14]",5,2255,4397.png,626,1622,36,Cấm còn lại
208,0,4397,"[1292, 281, 16, 13]",5,2256,4397.png,626,1622,36,Cấm còn lại
4029,0,4399,"[567, 61, 51, 79]",5,2258,4399.png,626,1622,34,Cấm còn lại
1927,0,4402,"[1168, 232, 47, 41]",5,2263,4402.png,626,1622,34,Cấm còn lại
552,0,4402,"[740, 254, 23, 24]",5,2267,4402.png,626,1622,34,Cấm còn lại
546,0,4404,"[478, 362, 26, 21]",5,2271,4404.png,626,1622,34,Cấm còn lại
418,0,4404,"[472, 385, 19, 22]",5,2273,4404.png,626,1622,34,Cấm còn lại
25,0,4407,"[1167, 258, 5, 5]",5,2279,4407.png,626,1622,34,Cấm còn lại
460,0,4410,"[635, 256, 20, 23]",5,2282,4410.png,626,1622,34,Cấm còn lại
437,0,4412,"[866, 291, 19, 23]",5,2286,4412.png,626,1622,34,Cấm còn lại
30,0,4412,"[617, 307, 5, 6]",5,2287,4412.png,626,1622,34,Cấm còn lại
266,0,4413,"[1217, 318, 14, 19]",5,2291,4413.png,626,1622,34,Cấm còn lại
42,0,4418,"[889, 238, 7, 6]",5,2297,4418.png,626,1622,34,Cấm còn lại
42,0,4418,"[889, 246, 6, 7]",5,2298,4418.png,626,1622,34,Cấm còn lại
49,0,4420,"[679, 413, 7, 7]",5,2305,4420.png,626,1622,33,Cấm còn lại
2448,0,4426,"[542, 183, 51, 48]",5,2308,4426.png,626,1622,34,Cấm còn lại
1330,0,4431,"[467, 262, 38, 35]",5,2311,4431.png,626,1622,34,Cấm còn lại
270,0,4432,"[447, 222, 18, 15]",5,2318,4432.png,626,1622,33,Cấm còn lại
72,0,4433,"[847, 248, 8, 9]",5,2321,4433.png,626,1622,36,Cấm còn lại
117,0,4433,"[858, 244, 9, 13]",5,2322,4433.png,626,1622,36,Cấm còn lại
48,0,4441,"[825, 290, 8, 6]",5,2325,4441.png,626,1622,34,Cấm còn lại
81,0,4442,"[671, 291, 9, 9]",5,2329,4442.png,626,1622,34,Cấm còn lại
400,0,4443,"[695, 208, 20, 20]",5,2333,4443.png,626,1622,34,Cấm còn lại
42,0,4449,"[660, 241, 7, 6]",5,2340,4449.png,626,1622,34,Cấm còn lại
49,0,4449,"[602, 239, 7, 7]",5,2341,4449.png,626,1622,34,Cấm còn lại
30,0,4449,"[681, 255, 5, 6]",5,2344,4449.png,626,1622,34,Cấm còn lại
195,0,4450,"[1035, 296, 15, 13]",5,2346,4450.png,626,1622,34,Cấm còn lại
42,0,4451,"[736, 302, 7, 6]",5,2350,4451.png,626,1622,34,Cấm còn lại
25,0,4452,"[703, 327, 5, 5]",5,2352,4452.png,626,1622,36,Cấm còn lại
960,0,4453,"[698, 188, 30, 32]",5,2354,4453.png,626,1622,34,Cấm còn lại
812,0,4460,"[742, 248, 28, 29]",5,2361,4460.png,626,1622,34,Cấm còn lại
361,0,4463,"[616, 159, 19, 19]",5,2366,4463.png,626,1622,33,Cấm còn lại
64,0,4468,"[691, 287, 8, 8]",5,2371,4468.png,626,1622,36,Cấm còn lại
110,0,4474,"[589, 343, 11, 10]",5,2378,4474.png,626,1622,36,Cấm còn lại
132,0,4474,"[848, 364, 12, 11]",5,2380,4474.png,626,1622,36,Cấm còn lại
238,0,4474,"[137, 351, 17, 14]",5,2382,4474.png,626,1622,36,Cấm còn lại
550,0,4478,"[382, 234, 25, 22]",5,2385,4478.png,626,1622,34,Cấm còn lại
1155,0,4481,"[836, 337, 35, 33]",5,2390,4481.png,626,1622,36,Cấm còn lại
420,0,4481,"[657, 288, 21, 20]",5,2392,4481.png,626,1622,36,Cấm còn lại
81,0,4482,"[914, 293, 9, 9]",5,2396,4482.png,626,1622,34,Cấm còn lại
81,0,4482,"[570, 231, 9, 9]",5,2397,4482.png,626,1622,34,Cấm còn lại
374,0,4482,"[1505, 282, 17, 22]",5,2399,4482.png,626,1622,34,Cấm còn lại
399,0,4487,"[986, 446, 19, 21]",5,2404,4487.png,626,1622,33,Cấm còn lại
42,0,4487,"[821, 468, 7, 6]",5,2407,4487.png,626,1622,33,Cấm còn lại
56,0,4487,"[890, 492, 8, 7]",5,2410,4487.png,626,1622,33,Cấm còn lại
484,0,4490,"[797, 357, 22, 22]",5,2416,4490.png,626,1622,36,Cấm còn lại
225,0,4490,"[689, 332, 15, 15]",5,2418,4490.png,626,1622,36,Cấm còn lại
15553,0,4495,"[1392, 132, 151, 103]",5,2420,4495.png,626,1622,34,Cấm còn lại
729,0,4495,"[586, 174, 27, 27]",5,2423,4495.png,626,1622,34,Cấm còn lại
3477,0,4497,"[1258, 178, 61, 57]",5,2425,4497.png,626,1622,34,Cấm còn lại
8961,0,4500,"[346, 0, 103, 87]",5,2428,4500.png,626,1622,33,Cấm còn lại
702,0,4501,"[592, 263, 27, 26]",5,2429,4501.png,626,1622,34,Cấm còn lại
169,0,4506,"[421, 335, 13, 13]",5,2439,4506.png,626,1622,36,Cấm còn lại
49,0,4507,"[847, 321, 7, 7]",5,2440,4507.png,626,1622,36,Cấm còn lại
49,0,4507,"[846, 331, 7, 7]",5,2441,4507.png,626,1622,36,Cấm còn lại
210,0,4512,"[780, 322, 15, 14]",5,2448,4512.png,626,1622,37,Cấm còn lại
240,0,4517,"[1161, 226, 16, 15]",5,2451,4517.png,626,1622,34,Cấm còn lại
72,0,4517,"[998, 217, 8, 9]",5,2453,4517.png,626,1622,34,Cấm còn lại
144,0,4517,"[959, 224, 12, 12]",5,2454,4517.png,626,1622,34,Cấm còn lại
572,0,4517,"[586, 109, 22, 26]",5,2455,4517.png,626,1622,34,Cấm còn lại
56,0,4518,"[717, 261, 8, 7]",5,2466,4518.png,626,1622,33,Cấm còn lại
2730,0,4519,"[901, 143, 42, 65]",5,2469,4519.png,626,1622,34,Cấm còn lại
81,0,4520,"[831, 326, 9, 9]",5,2472,4520.png,626,1622,34,Cấm còn lại
100,0,4522,"[927, 222, 10, 10]",5,2479,4522.png,626,1622,34,Cấm còn lại
56,0,4522,"[1068, 236, 7, 8]",5,2481,4522.png,626,1622,34,Cấm còn lại
36,0,4522,"[1061, 234, 6, 6]",5,2482,4522.png,626,1622,34,Cấm còn lại
1156,0,4523,"[553, 248, 34, 34]",5,2485,4523.png,626,1622,34,Cấm còn lại
702,0,4523,"[976, 294, 27, 26]",5,2488,4523.png,626,1622,34,Cấm còn lại
4485,0,4532,"[1298, 152, 65, 69]",5,2499,4532.png,626,1622,36,Cấm còn lại
270,0,4533,"[396, 344, 18, 15]",5,2502,4533.png,626,1622,36,Cấm còn lại
99,0,4533,"[452, 381, 11, 9]",5,2503,4533.png,626,1622,36,Cấm còn lại
90,0,4538,"[415, 368, 10, 9]",5,2506,4538.png,626,1622,36,Cấm còn lại
110,0,4541,"[792, 278, 10, 11]",5,2509,4541.png,626,1622,37,Cấm còn lại
168,0,4542,"[313, 372, 14, 12]",5,2512,4542.png,626,1622,36,Cấm còn lại
462,0,4556,"[646, 252, 22, 21]",5,2526,4556.png,626,1622,36,Cấm còn lại
1680,0,4568,"[965, 269, 40, 42]",5,2546,4568.png,626,1622,34,Cấm còn lại
2754,0,4569,"[973, 133, 51, 54]",5,2548,4569.png,626,1622,34,Cấm còn lại
2809,0,4569,"[1039, 125, 53, 53]",5,2549,4569.png,626,1622,34,Cấm còn lại
196,0,4570,"[1010, 205, 14, 14]",5,2551,4570.png,626,1622,34,Cấm còn lại
480,0,4570,"[1313, 189, 24, 20]",5,2553,4570.png,626,1622,34,Cấm còn lại
1521,0,4574,"[807, 305, 39, 39]",5,2560,4574.png,626,1622,36,Cấm còn lại
1089,0,4574,"[629, 320, 33, 33]",5,2562,4574.png,626,1622,36,Cấm còn lại
1530,0,4581,"[296, 258, 45, 34]",5,2569,4581.png,626,1622,34,Cấm còn lại
2320,0,4588,"[1061, 237, 40, 58]",5,2577,4588.png,626,1622,37,Cấm còn lại
1188,0,4591,"[846, 186, 33, 36]",5,2585,4591.png,626,1622,34,Cấm còn lại
270,0,4592,"[879, 260, 10, 27]",5,2586,4592.png,626,1622,37,Cấm còn lại
208,0,4595,"[1170, 301, 16, 13]",5,2588,4595.png,626,1622,34,Cấm còn lại
504,0,4596,"[691, 261, 21, 24]",5,2591,4596.png,626,1622,34,Cấm còn lại
1280,0,4596,"[1259, 250, 40, 32]",5,2593,4596.png,626,1622,34,Cấm còn lại
1353,0,4598,"[1189, 220, 33, 41]",5,2595,4598.png,626,1622,34,Cấm còn lại
110,0,4600,"[817, 199, 10, 11]",5,2600,4600.png,626,1622,36,Cấm còn lại
238,0,4602,"[269, 233, 17, 14]",5,2602,4602.png,626,1622,36,Cấm còn lại
380,0,4603,"[1050, 195, 20, 19]",5,2604,4603.png,626,1622,33,Cấm còn lại
30,0,4603,"[640, 236, 5, 6]",5,2605,4603.png,626,1622,33,Cấm còn lại
30,0,4603,"[653, 235, 5, 6]",5,2606,4603.png,626,1622,33,Cấm còn lại
56,0,4612,"[959, 228, 7, 8]",5,2614,4612.png,626,1622,34,Cấm còn lại
240,0,4616,"[940, 205, 15, 16]",5,2617,4616.png,626,1622,34,Cấm còn lại
456,0,4616,"[1196, 191, 24, 19]",5,2622,4616.png,626,1622,34,Cấm còn lại
1739,0,4616,"[261, 20, 37, 47]",5,2623,4616.png,626,1622,34,Cấm còn lại
1848,0,4621,"[593, 267, 44, 42]",5,2629,4621.png,626,1622,36,Cấm còn lại
368,0,4622,"[69, 248, 23, 16]",5,2630,4622.png,626,1622,36,Cấm còn lại
36,0,4623,"[907, 232, 6, 6]",5,2635,4623.png,626,1622,34,Cấm còn lại
143,0,4624,"[1190, 283, 11, 13]",5,2636,4624.png,626,1622,34,Cấm còn lại
182,0,4626,"[509, 311, 14, 13]",5,2639,4626.png,626,1622,34,Cấm còn lại
576,0,4627,"[1505, 207, 24, 24]",5,2640,4627.png,626,1622,36,Cấm còn lại
650,0,4627,"[1320, 231, 25, 26]",5,2641,4627.png,626,1622,36,Cấm còn lại
210,0,4627,"[1182, 248, 15, 14]",5,2642,4627.png,626,1622,36,Cấm còn lại
81,0,4627,"[994, 240, 9, 9]",5,2644,4627.png,626,1622,36,Cấm còn lại
420,0,4628,"[722, 410, 20, 21]",5,2656,4628.png,626,1622,33,Cấm còn lại
700,0,4629,"[1562, 227, 28, 25]",5,2657,4629.png,626,1622,36,Cấm còn lại
289,0,4629,"[1361, 244, 17, 17]",5,2658,4629.png,626,1622,36,Cấm còn lại
56,0,4629,"[994, 231, 7, 8]",5,2661,4629.png,626,1622,36,Cấm còn lại
42,0,4629,"[994, 240, 6, 7]",5,2662,4629.png,626,1622,36,Cấm còn lại
806,0,4630,"[1161, 207, 31, 26]",5,2672,4630.png,626,1622,34,Cấm còn lại
420,0,4630,"[839, 201, 21, 20]",5,2677,4630.png,626,1622,34,Cấm còn lại
992,0,4632,"[458, 154, 32, 31]",5,2680,4632.png,626,1622,37,Cấm còn lại
1394,0,4632,"[260, 151, 41, 34]",5,2681,4632.png,626,1622,37,Cấm còn lại
380,0,4635,"[1225, 248, 20, 19]",5,2684,4635.png,626,1622,34,Cấm còn lại
6992,0,4639,"[225, 61, 92, 76]",5,2687,4639.png,626,1622,37,Cấm còn lại
81,0,4650,"[632, 250, 9, 9]",5,2693,4650.png,626,1622,36,Cấm còn lại
81,0,4650,"[591, 249, 9, 9]",5,2694,4650.png,626,1622,36,Cấm còn lại
110,0,4650,"[549, 248, 10, 11]",5,2695,4650.png,626,1622,36,Cấm còn lại
234,0,4652,"[142, 297, 18, 13]",5,2699,4652.png,626,1622,36,Cấm còn lại
870,0,4654,"[1083, 237, 29, 30]",5,2701,4654.png,626,1622,34,Cấm còn lại
1020,0,4654,"[1073, 201, 34, 30]",5,2702,4654.png,626,1622,34,Cấm còn lại
360,0,4660,"[956, 274, 18, 20]",5,2705,4660.png,626,1622,36,Cấm còn lại
380,0,4660,"[954, 251, 19, 20]",5,2706,4660.png,626,1622,36,Cấm còn lại
342,0,4660,"[934, 250, 18, 19]",5,2707,4660.png,626,1622,36,Cấm còn lại
400,0,4660,"[910, 249, 20, 20]",5,2708,4660.png,626,1622,36,Cấm còn lại
380,0,4660,"[887, 249, 20, 19]",5,2709,4660.png,626,1622,36,Cấm còn lại
440,0,4660,"[888, 270, 20, 22]",5,2710,4660.png,626,1622,36,Cấm còn lại
380,0,4660,"[911, 272, 19, 20]",5,2711,4660.png,626,1622,36,Cấm còn lại
420,0,4660,"[932, 272, 20, 21]",5,2712,4660.png,626,1622,36,Cấm còn lại
462,0,4661,"[790, 282, 22, 21]",5,2717,4661.png,626,1622,36,Cấm còn lại
9288,0,4661,"[1224, 138, 108, 86]",5,2718,4661.png,626,1622,36,Cấm còn lại
1054,0,4662,"[335, 130, 31, 34]",5,2720,4662.png,626,1622,36,Cấm còn lại
992,0,4663,"[562, 301, 32, 31]",5,2724,4663.png,626,1622,33,Cấm còn lại
1804,0,4665,"[583, 142, 41, 44]",5,2726,4665.png,626,1622,34,Cấm còn lại
4554,0,4670,"[1015, 168, 66, 69]",5,2733,4670.png,626,1622,34,Cấm còn lại
440,0,4671,"[778, 217, 22, 20]",5,2736,4671.png,626,1622,34,Cấm còn lại
1404,0,4671,"[250, 132, 39, 36]",5,2739,4671.png,626,1622,34,Cấm còn lại
144,0,4672,"[754, 271, 12, 12]",5,2742,4672.png,626,1622,36,Cấm còn lại
121,0,4675,"[940, 320, 11, 11]",5,2744,4675.png,626,1622,34,Cấm còn lại
154,0,4675,"[503, 218, 11, 14]",5,2747,4675.png,626,1622,34,Cấm còn lại
100,0,4680,"[891, 269, 10, 10]",5,2756,4680.png,626,1622,33,Cấm còn lại
80,0,4680,"[891, 263, 10, 8]",5,2757,4680.png,626,1622,33,Cấm còn lại
72,0,4685,"[716, 340, 8, 9]",5,2761,4685.png,626,1622,36,Cấm còn lại
1665,0,4687,"[935, 171, 37, 45]",5,2763,4687.png,626,1622,34,Cấm còn lại
272,0,4688,"[672, 372, 17, 16]",5,2767,4688.png,626,1622,36,Cấm còn lại
289,0,4688,"[673, 352, 17, 17]",5,2768,4688.png,626,1622,36,Cấm còn lại
9240,0,4691,"[1458, 136, 105, 88]",5,2772,4691.png,626,1622,34,Cấm còn lại
42,0,4695,"[662, 270, 6, 7]",5,2788,4695.png,626,1622,34,Cấm còn lại
20,0,4695,"[742, 272, 4, 5]",5,2789,4695.png,626,1622,34,Cấm còn lại
16,0,4697,"[674, 347, 4, 4]",5,2795,4697.png,626,1622,37,Cấm còn lại
360,0,4702,"[818, 218, 18, 20]",5,2797,4702.png,626,1622,33,Cấm còn lại
20,0,4704,"[824, 474, 4, 5]",5,2799,4704.png,626,1622,33,Cấm còn lại
20,0,4704,"[818, 474, 4, 5]",5,2800,4704.png,626,1622,33,Cấm còn lại
891,0,4706,"[885, 287, 27, 33]",5,2803,4706.png,626,1622,37,Cấm còn lại
132,0,4709,"[1005, 272, 12, 11]",5,2809,4709.png,626,1622,33,Cấm còn lại
156,0,4710,"[970, 294, 13, 12]",5,2812,4710.png,626,1622,34,Cấm còn lại
1520,0,4712,"[449, 287, 40, 38]",5,2814,4712.png,626,1622,36,Cấm còn lại
1785,0,4715,"[478, 61, 35, 51]",5,2818,4715.png,626,1622,34,Cấm còn lại
64,0,4719,"[892, 277, 8, 8]",5,2822,4719.png,626,1622,33,Cấm còn lại
288,0,4720,"[710, 198, 18, 16]",5,2823,4720.png,626,1622,37,Cấm còn lại
306,0,4720,"[617, 198, 17, 18]",5,2824,4720.png,626,1622,37,Cấm còn lại
1332,0,4722,"[692, 88, 36, 37]",5,2826,4722.png,626,1622,33,Cấm còn lại
783,0,4731,"[689, 144, 27, 29]",5,2833,4731.png,626,1622,34,Cấm còn lại
81,0,4731,"[801, 238, 9, 9]",5,2835,4731.png,626,1622,34,Cấm còn lại
1596,0,4734,"[576, 184, 38, 42]",5,2839,4734.png,626,1622,36,Cấm còn lại
7980,0,4737,"[849, 119, 84, 95]",5,2841,4737.png,626,1622,34,Cấm còn lại
30,0,4738,"[1250, 270, 6, 5]",5,2845,4738.png,626,1622,34,Cấm còn lại
728,0,4751,"[620, 324, 28, 26]",5,2858,4751.png,626,1622,33,Cấm còn lại
306,0,4762,"[799, 430, 18, 17]",5,2867,4762.png,626,1622,33,Cấm còn lại
100,0,4778,"[1040, 226, 10, 10]",5,2881,4778.png,626,1622,36,Cấm còn lại
100,0,4778,"[1041, 213, 10, 10]",5,2882,4778.png,626,1622,36,Cấm còn lại
598,0,4778,"[1200, 224, 26, 23]",5,2885,4778.png,626,1622,36,Cấm còn lại
255,0,4778,"[210, 234, 17, 15]",5,2887,4778.png,626,1622,36,Cấm còn lại
957,0,4781,"[913, 251, 29, 33]",5,2889,4781.png,626,1622,34,Cấm còn lại
154,0,4782,"[202, 268, 14, 11]",5,2894,4782.png,626,1622,34,Cấm còn lại
342,0,4783,"[663, 168, 18, 19]",5,2897,4783.png,626,1622,34,Cấm còn lại
110,0,4783,"[701, 181, 11, 10]",5,2898,4783.png,626,1622,34,Cấm còn lại
144,0,4783,"[701, 153, 12, 12]",5,2899,4783.png,626,1622,34,Cấm còn lại
255,0,4785,"[866, 303, 17, 15]",5,2901,4785.png,626,1622,33,Cấm còn lại
266,0,4785,"[866, 283, 19, 14]",5,2903,4785.png,626,1622,33,Cấm còn lại
195,0,4785,"[871, 276, 15, 13]",5,2904,4785.png,626,1622,33,Cấm còn lại
13090,0,4786,"[1137, 230, 110, 119]",5,2905,4786.png,626,1622,36,Cấm còn lại
1326,0,4786,"[629, 199, 39, 34]",5,2906,4786.png,626,1622,36,Cấm còn lại
90,0,4786,"[684, 341, 10, 9]",5,2908,4786.png,626,1622,36,Cấm còn lại
3363,0,4787,"[308, 191, 59, 57]",5,2912,4787.png,626,1622,36,Cấm còn lại
529,0,4790,"[632, 260, 23, 23]",5,2915,4790.png,626,1622,36,Cấm còn lại
1326,0,4790,"[818, 296, 34, 39]",5,2917,4790.png,626,1622,36,Cấm còn lại
600,0,4791,"[1183, 182, 24, 25]",5,2918,4791.png,626,1622,34,Cấm còn lại
156,0,4791,"[676, 170, 12, 13]",5,2920,4791.png,626,1622,34,Cấm còn lại
144,0,4795,"[640, 357, 12, 12]",5,2924,4795.png,626,1622,36,Cấm còn lại
210,0,4795,"[625, 331, 14, 15]",5,2926,4795.png,626,1622,36,Cấm còn lại
72,0,4795,"[791, 356, 8, 9]",5,2928,4795.png,626,1622,36,Cấm còn lại
90,0,4802,"[872, 289, 9, 10]",5,2937,4802.png,626,1622,34,Cấm còn lại
224,0,4802,"[1082, 292, 16, 14]",5,2940,4802.png,626,1622,34,Cấm còn lại
42,0,4805,"[742, 302, 6, 7]",5,2945,4805.png,626,1622,34,Cấm còn lại
644,0,4806,"[1189, 250, 28, 23]",5,2946,4806.png,626,1622,34,Cấm còn lại
64,0,4810,"[726, 345, 8, 8]",5,2953,4810.png,626,1622,36,Cấm còn lại
672,0,4816,"[390, 201, 28, 24]",5,2963,4816.png,626,1622,33,Cấm còn lại
754,0,4817,"[687, 246, 29, 26]",5,2964,4817.png,626,1622,34,Cấm còn lại
2842,0,4817,"[1147, 211, 49, 58]",5,2966,4817.png,626,1622,34,Cấm còn lại
225,0,4819,"[949, 266, 15, 15]",5,2970,4819.png,626,1622,36,Cấm còn lại
272,0,4824,"[866, 345, 17, 16]",5,2974,4824.png,626,1622,36,Cấm còn lại
1722,0,4825,"[685, 246, 41, 42]",5,2977,4825.png,626,1622,37,Cấm còn lại
420,0,4826,"[802, 163, 20, 21]",5,2981,4826.png,626,1622,33,Cấm còn lại
100,0,4827,"[780, 297, 10, 10]",5,2988,4827.png,626,1622,36,Cấm còn lại
3139,0,4830,"[995, 283, 43, 73]",5,2990,4830.png,626,1622,37,Cấm còn lại
64,0,4831,"[683, 372, 8, 8]",5,2994,4831.png,626,1622,36,Cấm còn lại
49,0,4831,"[683, 365, 7, 7]",5,2995,4831.png,626,1622,36,Cấm còn lại
42,0,4845,"[700, 326, 7, 6]",5,2999,4845.png,626,1622,36,Cấm còn lại
36,0,4845,"[701, 318, 6, 6]",5,3000,4845.png,626,1622,36,Cấm còn lại
36,0,4858,"[931, 251, 6, 6]",5,3014,4858.png,626,1622,34,Cấm còn lại
42,0,4858,"[930, 238, 7, 6]",5,3015,4858.png,626,1622,34,Cấm còn lại
360,0,4860,"[622, 347, 20, 18]",5,3016,4860.png,626,1622,33,Cấm còn lại
420,0,4860,"[622, 346, 21, 20]",5,3085,4860.png,626,1622,33,Cấm còn lại
2070,0,4860,"[1591, 257, 30, 69]",5,3087,4860.png,626,1622,33,Cấm còn lại
783,0,4862,"[1178, 256, 29, 27]",5,3019,4862.png,626,1622,34,Cấm còn lại
225,0,4862,"[839, 283, 15, 15]",5,3024,4862.png,626,1622,34,Cấm còn lại
2352,0,4862,"[1566, 208, 48, 49]",5,3026,4862.png,626,1622,34,Cấm còn lại
156,0,4871,"[380, 228, 13, 12]",5,3035,4871.png,626,1622,36,Cấm còn lại
64,0,4878,"[1074, 244, 8, 8]",5,3049,4878.png,626,1622,36,Cấm còn lại
121,0,4878,"[1187, 240, 11, 11]",5,3050,4878.png,626,1622,36,Cấm còn lại
306,0,4878,"[1532, 247, 18, 17]",5,3054,4878.png,626,1622,36,Cấm còn lại
156,0,4881,"[389, 267, 13, 12]",5,3055,4881.png,626,1622,36,Cấm còn lại
399,0,4882,"[1088, 282, 21, 19]",5,3059,4882.png,626,1622,34,Cấm còn lại
81,0,4884,"[942, 333, 9, 9]",5,3062,4884.png,626,1622,36,Cấm còn lại
600,0,4885,"[814, 226, 24, 25]",5,3063,4885.png,626,1622,34,Cấm còn lại
2116,0,4885,"[317, 178, 46, 46]",5,3064,4885.png,626,1622,34,Cấm còn lại
2322,0,4886,"[873, 196, 43, 54]",5,3065,4886.png,626,1622,34,Cấm còn lại
285,0,4886,"[369, 294, 19, 15]",5,3070,4886.png,626,1622,34,Cấm còn lại
484,0,4891,"[893, 193, 22, 22]",5,3072,4891.png,626,1622,36,Cấm còn lại
210,0,4897,"[967, 238, 14, 15]",5,3075,4897.png,626,1622,34,Cấm còn lại
210,0,4897,"[969, 256, 15, 14]",5,3076,4897.png,626,1622,34,Cấm còn lại
2914,0,4899,"[1495, 171, 62, 47]",5,3078,4899.png,626,1622,34,Cấm còn lại
360,0,4899,"[643, 217, 20, 18]",5,3079,4899.png,626,1622,34,Cấm còn lại
64,0,4903,"[822, 406, 8, 8]",5,3089,4903.png,626,1622,36,Cấm còn lại
81,0,4907,"[968, 414, 9, 9]",5,3090,4907.png,626,1622,36,Cấm còn lại
72,0,4907,"[755, 416, 8, 9]",5,3091,4907.png,626,1622,36,Cấm còn lại
72,0,4907,"[757, 406, 8, 9]",5,3092,4907.png,626,1622,36,Cấm còn lại
506,0,4910,"[826, 248, 23, 22]",5,3093,4910.png,626,1622,36,Cấm còn lại
961,0,4914,"[618, 312, 31, 31]",5,3096,4914.png,626,1622,33,Cấm còn lại
224,0,4915,"[1027, 292, 16, 14]",5,3099,4915.png,626,1622,36,Cấm còn lại
900,0,4916,"[313, 183, 30, 30]",5,3104,4916.png,626,1622,34,Cấm còn lại
1024,0,4916,"[349, 179, 32, 32]",5,3105,4916.png,626,1622,34,Cấm còn lại
870,0,4916,"[383, 181, 29, 30]",5,3106,4916.png,626,1622,34,Cấm còn lại
552,0,4916,"[671, 154, 23, 24]",5,3107,4916.png,626,1622,34,Cấm còn lại
552,0,4916,"[699, 157, 24, 23]",5,3108,4916.png,626,1622,34,Cấm còn lại
399,0,4916,"[993, 212, 19, 21]",5,3110,4916.png,626,1622,34,Cấm còn lại
36,0,4916,"[822, 286, 6, 6]",5,3112,4916.png,626,1622,34,Cấm còn lại
36,0,4916,"[822, 279, 6, 6]",5,3113,4916.png,626,1622,34,Cấm còn lại
42,0,4922,"[979, 232, 6, 7]",5,3119,4922.png,626,1622,34,Cấm còn lại
928,0,4923,"[853, 175, 32, 29]",5,3122,4923.png,626,1622,34,Cấm còn lại
690,0,4923,"[1256, 223, 30, 23]",5,3126,4923.png,626,1622,34,Cấm còn lại
475,0,4930,"[26, 232, 25, 19]",5,3135,4930.png,626,1622,34,Cấm còn lại
156,0,4930,"[399, 277, 13, 12]",5,3136,4930.png,626,1622,34,Cấm còn lại
306,0,4937,"[908, 230, 18, 17]",5,3142,4937.png,626,1622,34,Cấm còn lại
5950,0,4943,"[1490, 28, 85, 70]",5,3151,4943.png,626,1622,34,Cấm còn lại
64,0,4943,"[867, 312, 8, 8]",5,3152,4943.png,626,1622,34,Cấm còn lại
49,0,4943,"[867, 304, 7, 7]",5,3153,4943.png,626,1622,34,Cấm còn lại
4080,0,4944,"[761, 16, 60, 68]",5,3154,4944.png,626,1622,34,Cấm còn lại
156,0,4944,"[845, 244, 13, 12]",5,3155,4944.png,626,1622,34,Cấm còn lại
504,0,4946,"[750, 254, 21, 24]",5,3158,4946.png,626,1622,37,Cấm còn lại
1456,0,4947,"[1012, 168, 28, 52]",5,3159,4947.png,626,1622,33,Cấm còn lại
121,0,4963,"[789, 204, 11, 11]",5,3169,4963.png,626,1622,36,Cấm còn lại
196,0,4965,"[655, 387, 14, 14]",5,3172,4965.png,626,1622,33,Cấm còn lại
960,0,4968,"[917, 270, 32, 30]",5,3176,4968.png,626,1622,34,Cấm còn lại
990,0,4968,"[913, 236, 33, 30]",5,3177,4968.png,626,1622,34,Cấm còn lại
49,0,4980,"[892, 306, 7, 7]",5,3183,4980.png,626,1622,36,Cấm còn lại
320,0,4981,"[411, 214, 20, 16]",5,3188,4981.png,626,1622,36,Cấm còn lại
120,0,4984,"[1058, 300, 12, 10]",5,3191,4984.png,626,1622,34,Cấm còn lại
80,0,4984,"[1012, 299, 10, 8]",5,3193,4984.png,626,1622,34,Cấm còn lại
80,0,4984,"[906, 303, 10, 8]",5,3195,4984.png,626,1622,34,Cấm còn lại
64,0,4984,"[896, 316, 8, 8]",5,3196,4984.png,626,1622,34,Cấm còn lại
56,0,4984,"[804, 322, 8, 7]",5,3197,4984.png,626,1622,34,Cấm còn lại
156,0,4987,"[647, 302, 13, 12]",5,3198,4987.png,626,1622,34,Cấm còn lại
110,0,4987,"[791, 324, 11, 10]",5,3202,4987.png,626,1622,34,Cấm còn lại
4464,0,4994,"[1200, 100, 72, 62]",5,3207,4994.png,626,1622,34,Cấm còn lại
360,0,5004,"[973, 310, 18, 20]",5,3215,5004.png,626,1622,41,Cấm còn lại
132,0,5015,"[857, 190, 11, 12]",5,3225,5015.png,626,1622,42,Cấm còn lại
30,0,5015,"[604, 200, 6, 5]",5,3227,5015.png,626,1622,42,Cấm còn lại
30,0,5015,"[589, 198, 6, 5]",5,3228,5015.png,626,1622,42,Cấm còn lại
5586,0,5018,"[1270, 1, 98, 57]",5,3231,5018.png,626,1622,44,Cấm còn lại
1764,0,5020,"[1466, 390, 42, 42]",5,3233,5020.png,626,1622,41,Cấm còn lại
2025,0,5020,"[1477, 479, 45, 45]",5,3234,5020.png,626,1622,41,Cấm còn lại
15444,0,5021,"[1230, 79, 132, 117]",5,3237,5021.png,626,1622,42,Cấm còn lại
88,0,5023,"[458, 272, 8, 11]",5,3243,5023.png,626,1622,41,Cấm còn lại
96,0,5023,"[458, 250, 8, 12]",5,3244,5023.png,626,1622,41,Cấm còn lại
3721,0,5025,"[862, 228, 61, 61]",5,3247,5025.png,626,1622,38,Cấm còn lại
575,0,5030,"[1086, 146, 25, 23]",5,3253,5030.png,626,1622,44,Cấm còn lại
324,0,5031,"[520, 157, 18, 18]",5,3256,5031.png,626,1622,40,Cấm còn lại
396,0,5031,"[747, 189, 18, 22]",5,3259,5031.png,626,1622,40,Cấm còn lại
1224,0,5034,"[1358, 258, 34, 36]",5,3262,5034.png,626,1622,42,Cấm còn lại
90,0,5041,"[637, 443, 9, 10]",5,3269,5041.png,626,1622,41,Cấm còn lại
6624,0,5045,"[1396, 7, 72, 92]",5,3277,5045.png,626,1622,41,Cấm còn lại
2842,0,5046,"[392, 93, 58, 49]",5,3279,5046.png,626,1622,40,Cấm còn lại
3015,0,5046,"[1071, 139, 45, 67]",5,3281,5046.png,626,1622,40,Cấm còn lại
1890,0,5053,"[622, 294, 45, 42]",5,3290,5053.png,626,1622,40,Cấm còn lại
660,0,5053,"[296, 305, 30, 22]",5,3291,5053.png,626,1622,40,Cấm còn lại
1512,0,5054,"[432, 153, 36, 42]",5,3292,5054.png,626,1622,44,Cấm còn lại
1634,0,5054,"[432, 199, 38, 43]",5,3293,5054.png,626,1622,44,Cấm còn lại
483,0,5054,"[609, 174, 21, 23]",5,3294,5054.png,626,1622,44,Cấm còn lại
624,0,5059,"[936, 353, 26, 24]",5,3296,5059.png,626,1622,41,Cấm còn lại
90,0,5059,"[913, 427, 9, 10]",5,3297,5059.png,626,1622,41,Cấm còn lại
99,0,5059,"[912, 415, 9, 11]",5,3298,5059.png,626,1622,41,Cấm còn lại
90,0,5059,"[924, 415, 9, 10]",5,3299,5059.png,626,1622,41,Cấm còn lại
196,0,5059,"[606, 373, 14, 14]",5,3302,5059.png,626,1622,41,Cấm còn lại
13625,0,5060,"[639, 48, 109, 125]",5,3303,5060.png,626,1622,44,Cấm còn lại
81,0,5063,"[574, 468, 9, 9]",5,3307,5063.png,626,1622,38,Cấm còn lại
81,0,5064,"[780, 267, 9, 9]",5,3310,5064.png,626,1622,41,Cấm còn lại
1332,0,5072,"[885, 266, 36, 37]",5,3319,5072.png,626,1622,41,Cấm còn lại
650,0,5075,"[824, 122, 25, 26]",5,3323,5075.png,626,1622,44,Cấm còn lại
2912,0,5076,"[1047, 25, 52, 56]",5,3324,5076.png,626,1622,44,Cấm còn lại
3672,0,5088,"[1339, 343, 68, 54]",5,3343,5088.png,626,1622,38,Cấm còn lại
42,0,5089,"[825, 315, 6, 7]",5,3347,5089.png,626,1622,41,Cấm còn lại
56,0,5089,"[832, 307, 8, 7]",5,3348,5089.png,626,1622,41,Cấm còn lại
576,0,5099,"[1002, 300, 24, 24]",5,3356,5099.png,626,1622,41,Cấm còn lại
759,0,5101,"[940, 350, 23, 33]",5,3357,5101.png,626,1622,42,Cấm còn lại
100,0,5106,"[802, 179, 10, 10]",5,3361,5106.png,626,1622,44,Cấm còn lại
870,0,5107,"[874, 196, 29, 30]",5,3364,5107.png,626,1622,40,Cấm còn lại
420,0,5109,"[563, 332, 20, 21]",5,3366,5109.png,626,1622,41,Cấm còn lại
121,0,5111,"[625, 238, 11, 11]",5,3369,5111.png,626,1622,40,Cấm còn lại
210,0,5113,"[646, 306, 15, 14]",5,3373,5113.png,626,1622,42,Cấm còn lại
8300,0,5114,"[1268, 85, 100, 83]",5,3378,5114.png,626,1622,40,Cấm còn lại
484,0,5122,"[785, 191, 22, 22]",5,3388,5122.png,626,1622,42,Cấm còn lại
256,0,5126,"[616, 166, 16, 16]",5,3391,5126.png,626,1622,42,Cấm còn lại
288,0,5126,"[659, 167, 18, 16]",5,3392,5126.png,626,1622,42,Cấm còn lại
304,0,5131,"[541, 198, 16, 19]",5,3399,5131.png,626,1622,41,Cấm còn lại
120,0,5134,"[242, 195, 12, 10]",5,3400,5134.png,626,1622,41,Cấm còn lại
121,0,5134,"[245, 208, 11, 11]",5,3401,5134.png,626,1622,41,Cấm còn lại
143,0,5134,"[257, 195, 11, 13]",5,3402,5134.png,626,1622,41,Cấm còn lại
49,0,5141,"[772, 275, 7, 7]",5,3409,5141.png,626,1622,41,Cấm còn lại
72,0,5145,"[791, 277, 9, 8]",5,3413,5145.png,626,1622,44,Cấm còn lại
2240,0,5152,"[1214, 54, 40, 56]",5,3420,5152.png,626,1622,44,Cấm còn lại
252,0,5171,"[455, 478, 12, 21]",5,3443,5171.png,626,1622,44,Cấm còn lại
240,0,5176,"[641, 444, 15, 16]",5,3449,5176.png,626,1622,38,Cấm còn lại
8064,0,5178,"[1318, 132, 96, 84]",5,3454,5178.png,626,1622,41,Cấm còn lại
837,0,5179,"[803, 216, 27, 31]",5,3456,5179.png,626,1622,40,Cấm còn lại
720,0,5179,"[471, 194, 30, 24]",5,3458,5179.png,626,1622,40,Cấm còn lại
30,0,5186,"[868, 362, 6, 5]",5,3468,5186.png,626,1622,38,Cấm còn lại
360,0,5189,"[369, 203, 20, 18]",5,3473,5189.png,626,1622,40,Cấm còn lại
5589,0,5189,"[773, 66, 69, 81]",5,3474,5189.png,626,1622,40,Cấm còn lại
1056,0,5204,"[891, 160, 32, 33]",5,3487,5204.png,626,1622,42,Cấm còn lại
100,0,5205,"[868, 342, 10, 10]",5,3489,5205.png,626,1622,38,Cấm còn lại
2856,0,5211,"[1327, 201, 56, 51]",5,3496,5211.png,626,1622,42,Cấm còn lại
361,0,5215,"[690, 442, 19, 19]",5,3499,5215.png,626,1622,38,Cấm còn lại
783,0,5240,"[858, 189, 27, 29]",5,3527,5240.png,626,1622,41,Cấm còn lại
30,0,5255,"[529, 314, 5, 6]",5,3542,5255.png,626,1622,41,Cấm còn lại
3721,0,5258,"[1508, 214, 61, 61]",5,3545,5258.png,626,1622,41,Cấm còn lại
10848,0,5259,"[1410, 0, 96, 113]",5,3549,5259.png,626,1622,39,Cấm còn lại
5840,0,5269,"[1216, 169, 80, 73]",5,3563,5269.png,626,1622,38,Cấm còn lại
42,0,5270,"[691, 374, 6, 7]",5,3564,5270.png,626,1622,41,Cấm còn lại
1482,0,5285,"[1060, 228, 38, 39]",5,3584,5285.png,626,1622,42,Cấm còn lại
110,0,5293,"[688, 419, 10, 11]",5,3602,5293.png,626,1622,38,Cấm còn lại
56,0,5294,"[624, 305, 7, 8]",5,3606,5294.png,626,1622,41,Cấm còn lại
156,0,5299,"[607, 457, 12, 13]",5,3612,5299.png,626,1622,38,Cấm còn lại
165,0,5302,"[455, 430, 11, 15]",5,3613,5302.png,626,1622,41,Cấm còn lại
1353,0,5302,"[1278, 452, 41, 33]",5,3614,5302.png,626,1622,41,Cấm còn lại
750,0,5304,"[883, 257, 25, 30]",5,3619,5304.png,626,1622,41,Cấm còn lại
380,0,5305,"[975, 279, 20, 19]",5,3621,5305.png,626,1622,42,Cấm còn lại
81,0,5306,"[604, 388, 9, 9]",5,3625,5306.png,626,1622,41,Cấm còn lại
361,0,5323,"[796, 278, 19, 19]",5,3642,5323.png,626,1622,41,Cấm còn lại
25,0,5323,"[719, 313, 5, 5]",5,3643,5323.png,626,1622,41,Cấm còn lại
425,0,5324,"[1042, 125, 17, 25]",5,3645,5324.png,626,1622,42,Cấm còn lại
1936,0,5328,"[1076, 199, 44, 44]",5,3649,5328.png,626,1622,41,Cấm còn lại
3604,0,5329,"[1294, 362, 68, 53]",5,3650,5329.png,626,1622,38,Cấm còn lại
1088,0,5329,"[451, 375, 34, 32]",5,3652,5329.png,626,1622,38,Cấm còn lại
3128,0,5332,"[1545, 222, 68, 46]",5,3655,5332.png,626,1622,44,Cấm còn lại
1292,0,5337,"[723, 348, 34, 38]",5,3661,5337.png,626,1622,38,Cấm còn lại
8544,0,5340,"[1331, 241, 96, 89]",5,3663,5340.png,626,1622,41,Cấm còn lại
900,0,5342,"[828, 194, 30, 30]",5,3665,5342.png,626,1622,41,Cấm còn lại
1480,0,5343,"[761, 296, 37, 40]",5,3666,5343.png,626,1622,41,Cấm còn lại
90,0,5349,"[689, 270, 9, 10]",5,3673,5349.png,626,1622,41,Cấm còn lại
361,0,5350,"[743, 399, 19, 19]",5,3674,5350.png,626,1622,38,Cấm còn lại
272,0,5358,"[796, 297, 16, 17]",5,3681,5358.png,626,1622,41,Cấm còn lại
1020,0,5363,"[657, 267, 30, 34]",5,3685,5363.png,626,1622,41,Cấm còn lại
323,0,5363,"[1117, 410, 19, 17]",5,3688,5363.png,626,1622,41,Cấm còn lại
306,0,5363,"[1137, 391, 18, 17]",5,3689,5363.png,626,1622,41,Cấm còn lại
272,0,5363,"[1116, 392, 17, 16]",5,3690,5363.png,626,1622,41,Cấm còn lại
1190,0,5366,"[681, 380, 35, 34]",5,3691,5366.png,626,1622,38,Cấm còn lại
624,0,5368,"[860, 186, 24, 26]",5,3693,5368.png,626,1622,42,Cấm còn lại
144,0,5368,"[840, 188, 12, 12]",5,3695,5368.png,626,1622,42,Cấm còn lại
546,0,5368,"[357, 201, 21, 26]",5,3697,5368.png,626,1622,42,Cấm còn lại
700,0,5372,"[908, 254, 25, 28]",5,3702,5372.png,626,1622,38,Cấm còn lại
1558,0,5381,"[54, 69, 38, 41]",5,3713,5381.png,626,1622,41,Cấm còn lại
1755,0,5385,"[69, 162, 45, 39]",5,3723,5385.png,626,1622,41,Cấm còn lại
756,0,5397,"[847, 195, 28, 27]",5,3732,5397.png,626,1622,41,Cấm còn lại
702,0,5397,"[846, 223, 26, 27]",5,3733,5397.png,626,1622,41,Cấm còn lại
575,0,5406,"[722, 374, 23, 25]",5,3742,5406.png,626,1622,41,Cấm còn lại
462,0,5413,"[617, 431, 22, 21]",5,3747,5413.png,626,1622,38,Cấm còn lại
325,0,5414,"[917, 237, 13, 25]",5,3750,5414.png,626,1622,42,Cấm còn lại
210,0,5414,"[707, 262, 14, 15]",5,3751,5414.png,626,1622,42,Cấm còn lại
176,0,5415,"[1099, 139, 16, 11]",5,3753,5415.png,626,1622,44,Cấm còn lại
56,0,5424,"[674, 428, 7, 8]",5,3766,5424.png,626,1622,38,Cấm còn lại
1599,0,5429,"[861, 350, 39, 41]",5,3770,5429.png,626,1622,41,Cấm còn lại
594,0,5431,"[900, 303, 18, 33]",5,3773,5431.png,626,1622,38,Cấm còn lại
171,0,5432,"[410, 339, 9, 19]",5,3775,5432.png,626,1622,38,Cấm còn lại
518,0,5432,"[899, 299, 14, 37]",5,3777,5432.png,626,1622,38,Cấm còn lại
1833,0,5434,"[1107, 216, 47, 39]",5,3781,5434.png,626,1622,42,Cấm còn lại
182,0,5443,"[777, 295, 13, 14]",5,3789,5443.png,626,1622,41,Cấm còn lại
2508,0,5450,"[1058, 297, 38, 66]",5,3796,5450.png,626,1622,41,Cấm còn lại
25,0,5450,"[765, 359, 5, 5]",5,3797,5450.png,626,1622,41,Cấm còn lại
1794,0,5453,"[1124, 232, 39, 46]",5,3802,5453.png,626,1622,42,Cấm còn lại
182,0,5454,"[647, 307, 14, 13]",5,3804,5454.png,626,1622,42,Cấm còn lại
3016,0,5457,"[1061, 298, 52, 58]",5,3812,5457.png,626,1622,38,Cấm còn lại
361,0,5461,"[982, 346, 19, 19]",5,3816,5461.png,626,1622,41,Cấm còn lại
754,0,5465,"[836, 546, 26, 29]",5,3819,5465.png,626,1622,38,Cấm còn lại
13736,0,5467,"[1142, 204, 101, 136]",5,3822,5467.png,626,1622,41,Cấm còn lại
1716,0,5468,"[890, 71, 39, 44]",5,3823,5468.png,626,1622,44,Cấm còn lại
130,0,5481,"[1064, 180, 10, 13]",5,3833,5481.png,626,1622,44,Cấm còn lại
56,0,5487,"[654, 323, 8, 7]",5,3840,5487.png,626,1622,42,Cấm còn lại
3078,0,5494,"[980, 129, 54, 57]",5,3853,5494.png,626,1622,41,Cấm còn lại
36,0,5494,"[623, 270, 6, 6]",5,3854,5494.png,626,1622,41,Cấm còn lại
1089,0,5498,"[513, 292, 33, 33]",5,3856,5498.png,626,1622,41,Cấm còn lại
210,0,5500,"[600, 429, 14, 15]",5,3860,5500.png,626,1622,38,Cấm còn lại
448,0,5502,"[1126, 322, 16, 28]",5,3864,5502.png,626,1622,41,Cấm còn lại
468,0,5502,"[1195, 342, 18, 26]",5,3865,5502.png,626,1622,41,Cấm còn lại
133,0,5506,"[718, 389, 7, 19]",5,3873,5506.png,626,1622,41,Cấm còn lại
49,0,5519,"[764, 406, 7, 7]",5,3887,5519.png,626,1622,41,Cấm còn lại
3942,0,5520,"[1160, 288, 54, 73]",5,3889,5520.png,626,1622,42,Cấm còn lại
288,0,5523,"[796, 150, 16, 18]",5,3895,5523.png,626,1622,44,Cấm còn lại
30,0,5525,"[618, 203, 6, 5]",5,3898,5525.png,626,1622,42,Cấm còn lại
25,0,5525,"[618, 196, 5, 5]",5,3899,5525.png,626,1622,42,Cấm còn lại
500,0,5528,"[1136, 375, 20, 25]",5,3903,5528.png,626,1622,41,Cấm còn lại
11610,0,5532,"[1221, 258, 90, 129]",5,3905,5532.png,626,1622,39,Cấm còn lại
14994,0,5534,"[0, 147, 119, 126]",5,3908,5534.png,626,1622,41,Cấm còn lại
3402,0,5535,"[1178, 265, 63, 54]",5,3909,5535.png,626,1622,41,Cấm còn lại
1360,0,5538,"[264, 274, 34, 40]",5,3911,5538.png,626,1622,42,Cấm còn lại
8190,0,5539,"[1442, 33, 105, 78]",5,3912,5539.png,626,1622,44,Cấm còn lại
30,0,5539,"[901, 183, 6, 5]",5,3914,5539.png,626,1622,44,Cấm còn lại
42,0,5540,"[836, 460, 6, 7]",5,3918,5540.png,626,1622,38,Cấm còn lại
49,0,5542,"[658, 308, 7, 7]",5,3920,5542.png,626,1622,41,Cấm còn lại
289,0,5545,"[661, 248, 17, 17]",5,3923,5545.png,626,1622,41,Cấm còn lại
900,0,5551,"[788, 363, 30, 30]",5,3927,5551.png,626,1622,41,Cấm còn lại
816,0,5556,"[1117, 293, 24, 34]",5,3933,5556.png,626,1622,42,Cấm còn lại
1216,0,5559,"[1063, 158, 38, 32]",5,3937,5559.png,626,1622,42,Cấm còn lại
1548,0,5561,"[1357, 219, 43, 36]",5,3940,5561.png,626,1622,38,Cấm còn lại
1935,0,5561,"[189, 220, 45, 43]",5,3942,5561.png,626,1622,38,Cấm còn lại
42,0,5562,"[812, 309, 7, 6]",5,3944,5562.png,626,1622,41,Cấm còn lại
288,0,5563,"[734, 280, 16, 18]",5,3946,5563.png,626,1622,41,Cấm còn lại
64,0,5563,"[616, 305, 8, 8]",5,3947,5563.png,626,1622,41,Cấm còn lại
225,0,5567,"[932, 315, 15, 15]",5,3955,5567.png,626,1622,44,Cấm còn lại
25,0,5572,"[741, 292, 5, 5]",5,3960,5572.png,626,1622,41,Cấm còn lại
49,0,5578,"[658, 293, 7, 7]",5,3973,5578.png,626,1622,44,Cấm còn lại
210,0,5583,"[1214, 229, 14, 15]",5,3978,5583.png,626,1622,41,Cấm còn lại
414,0,5588,"[202, 341, 18, 23]",5,3982,5588.png,626,1622,41,Cấm còn lại
529,0,5589,"[702, 421, 23, 23]",5,3985,5589.png,626,1622,38,Cấm còn lại
2250,0,5590,"[1197, 182, 50, 45]",5,3988,5590.png,626,1622,42,Cấm còn lại
1280,0,5598,"[76, 361, 40, 32]",5,4000,5598.png,626,1622,41,Cấm còn lại
625,0,5603,"[816, 209, 25, 25]",5,4006,5603.png,626,1622,38,Cấm còn lại
494,0,5603,"[146, 250, 26, 19]",5,4009,5603.png,626,1622,38,Cấm còn lại
2256,0,5607,"[999, 344, 47, 48]",5,4015,5607.png,626,1622,41,Cấm còn lại
841,0,5610,"[931, 274, 29, 29]",5,4020,5610.png,626,1622,41,Cấm còn lại
36,0,5610,"[836, 332, 6, 6]",5,4021,5610.png,626,1622,41,Cấm còn lại
288,0,5612,"[1110, 302, 16, 18]",5,4024,5612.png,626,1622,41,Cấm còn lại
700,0,5616,"[1035, 291, 28, 25]",5,4027,5616.png,626,1622,42,Cấm còn lại
132,0,5616,"[912, 302, 12, 11]",5,4028,5616.png,626,1622,42,Cấm còn lại
56,0,5619,"[625, 247, 7, 8]",5,4038,5619.png,626,1622,40,Cấm còn lại
14310,0,5620,"[1469, 79, 135, 106]",5,4041,5620.png,626,1622,44,Cấm còn lại
2499,0,5622,"[685, 59, 51, 49]",5,4044,5622.png,626,1622,41,Cấm còn lại
36,0,5632,"[866, 181, 6, 6]",5,4055,5632.png,626,1622,44,Cấm còn lại
288,0,5633,"[885, 278, 16, 18]",5,4057,5633.png,626,1622,41,Cấm còn lại
1520,0,5635,"[957, 284, 40, 38]",5,4059,5635.png,626,1622,42,Cấm còn lại
256,0,5635,"[869, 290, 16, 16]",5,4061,5635.png,626,1622,42,Cấm còn lại
3850,0,5635,"[3, 229, 70, 55]",5,4063,5635.png,626,1622,42,Cấm còn lại
437,0,5643,"[678, 545, 19, 23]",5,4079,5643.png,626,1622,38,Cấm còn lại
8217,0,5645,"[1428, 202, 99, 83]",5,4081,5645.png,626,1622,42,Cấm còn lại
342,0,5645,"[942, 288, 19, 18]",5,4082,5645.png,626,1622,42,Cấm còn lại
121,0,5650,"[742, 563, 11, 11]",5,4089,5650.png,626,1622,38,Cấm còn lại
420,0,5654,"[538, 214, 21, 20]",5,4098,5654.png,626,1622,44,Cấm còn lại
256,0,5657,"[741, 225, 16, 16]",5,4102,5657.png,626,1622,41,Cấm còn lại
81,0,5658,"[734, 279, 9, 9]",5,4105,5658.png,626,1622,41,Cấm còn lại
552,0,5667,"[874, 252, 24, 23]",5,4120,5667.png,626,1622,41,Cấm còn lại
36,0,5667,"[812, 298, 6, 6]",5,4122,5667.png,626,1622,41,Cấm còn lại
81,0,5676,"[727, 176, 9, 9]",5,4130,5676.png,626,1622,44,Cấm còn lại
1558,0,5677,"[1028, 45, 38, 41]",5,4132,5677.png,626,1622,42,Cấm còn lại
1224,0,5680,"[727, 168, 34, 36]",5,4135,5680.png,626,1622,41,Cấm còn lại
22348,0,5685,"[1337, 231, 151, 148]",5,4139,5685.png,626,1622,41,Cấm còn lại
30,0,5686,"[739, 576, 6, 5]",5,4141,5686.png,626,1622,38,Cấm còn lại
12584,0,5689,"[1173, 0, 104, 121]",5,4146,5689.png,626,1622,38,Cấm còn lại
460,0,5690,"[1061, 391, 23, 20]",5,4147,5690.png,626,1622,41,Cấm còn lại
378,0,5690,"[1061, 370, 21, 18]",5,4148,5690.png,626,1622,41,Cấm còn lại
360,0,5690,"[1059, 350, 20, 18]",5,4149,5690.png,626,1622,41,Cấm còn lại
225,0,5690,"[1026, 431, 15, 15]",5,4150,5690.png,626,1622,41,Cấm còn lại
8526,0,5692,"[942, 66, 87, 98]",5,4156,5692.png,626,1622,41,Cấm còn lại
1505,0,5705,"[413, 235, 35, 43]",5,4173,5705.png,626,1622,42,Cấm còn lại
20,0,5705,"[895, 332, 5, 4]",5,4176,5705.png,626,1622,42,Cấm còn lại
380,0,5707,"[1000, 419, 20, 19]",5,4179,5707.png,626,1622,38,Cấm còn lại
1156,0,5709,"[751, 219, 34, 34]",5,4186,5709.png,626,1622,41,Cấm còn lại
1190,0,5709,"[752, 257, 35, 34]",5,4187,5709.png,626,1622,41,Cấm còn lại
1122,0,5709,"[752, 296, 34, 33]",5,4188,5709.png,626,1622,41,Cấm còn lại
891,0,5709,"[1234, 321, 27, 33]",5,4189,5709.png,626,1622,41,Cấm còn lại
783,0,5709,"[1237, 361, 27, 29]",5,4190,5709.png,626,1622,41,Cấm còn lại
81,0,5712,"[846, 299, 9, 9]",5,4192,5712.png,626,1622,41,Cấm còn lại
81,0,5712,"[835, 310, 9, 9]",5,4193,5712.png,626,1622,41,Cấm còn lại
440,0,5715,"[907, 121, 20, 22]",5,4197,5715.png,626,1622,44,Cấm còn lại
1677,0,5716,"[1089, 92, 39, 43]",5,4198,5716.png,626,1622,44,Cấm còn lại
42,0,5716,"[774, 189, 6, 7]",5,4199,5716.png,626,1622,44,Cấm còn lại
625,0,5718,"[713, 303, 25, 25]",5,4201,5718.png,626,1622,44,Cấm còn lại
81,0,5725,"[796, 155, 9, 9]",5,4209,5725.png,626,1622,42,Cấm còn lại
420,0,5726,"[482, 334, 21, 20]",5,4210,5726.png,626,1622,41,Cấm còn lại
420,0,5728,"[779, 179, 21, 20]",5,4211,5728.png,626,1622,41,Cấm còn lại
90,0,5731,"[601, 424, 10, 9]",5,4214,5731.png,626,1622,41,Cấm còn lại
4422,0,5733,"[1173, 265, 66, 67]",5,4220,5733.png,626,1622,41,Cấm còn lại
169,0,5739,"[649, 239, 13, 13]",5,4227,5739.png,626,1622,41,Cấm còn lại
4216,0,5740,"[1184, 289, 62, 68]",5,4228,5740.png,626,1622,42,Cấm còn lại
144,0,5743,"[580, 457, 12, 12]",5,4235,5743.png,626,1622,38,Cấm còn lại
672,0,5748,"[1032, 241, 28, 24]",5,4239,5748.png,626,1622,41,Cấm còn lại
483,0,5748,"[980, 275, 23, 21]",5,4240,5748.png,626,1622,41,Cấm còn lại
225,0,5753,"[828, 215, 15, 15]",5,4250,5753.png,626,1622,42,Cấm còn lại
196,0,5755,"[559, 180, 14, 14]",5,4255,5755.png,626,1622,40,Cấm còn lại
224,0,5755,"[736, 203, 14, 16]",5,4258,5755.png,626,1622,40,Cấm còn lại
3472,0,5760,"[401, 171, 62, 56]",5,4266,5760.png,626,1622,41,Cấm còn lại
1782,0,5767,"[1114, 303, 33, 54]",5,4273,5767.png,626,1622,41,Cấm còn lại
324,0,5772,"[846, 222, 18, 18]",5,4280,5772.png,626,1622,40,Cấm còn lại
6156,0,5774,"[500, 50, 76, 81]",5,4285,5774.png,626,1622,42,Cấm còn lại
5810,0,5783,"[1104, 187, 70, 83]",5,4291,5783.png,626,1622,38,Cấm còn lại
990,0,5788,"[993, 241, 33, 30]",5,4296,5788.png,626,1622,42,Cấm còn lại
1258,0,5788,"[120, 264, 37, 34]",5,4297,5788.png,626,1622,42,Cấm còn lại
957,0,5795,"[1271, 104, 33, 29]",5,4302,5795.png,626,1622,44,Cấm còn lại
8500,0,5798,"[1553, 144, 68, 125]",5,4309,5798.png,626,1622,42,Cấm còn lại
529,0,5802,"[785, 188, 23, 23]",5,4317,5802.png,626,1622,41,Cấm còn lại
6084,0,5802,"[1543, 193, 78, 78]",5,4319,5802.png,626,1622,41,Cấm còn lại
4218,0,5806,"[1535, 82, 74, 57]",5,4327,5806.png,626,1622,39,Cấm còn lại
702,0,5812,"[1059, 330, 18, 39]",5,4331,5812.png,626,1622,41,Cấm còn lại
1190,0,5816,"[857, 177, 34, 35]",5,4338,5816.png,626,1622,41,Cấm còn lại
600,0,5826,"[871, 174, 25, 24]",5,4346,5826.png,626,1622,41,Cấm còn lại
1935,0,5834,"[1032, 221, 45, 43]",5,4360,5834.png,626,1622,42,Cấm còn lại
196,0,5835,"[710, 301, 14, 14]",5,4363,5835.png,626,1622,41,Cấm còn lại
2106,0,5842,"[1136, 225, 39, 54]",5,4370,5842.png,626,1622,41,Cấm còn lại
1190,0,5858,"[857, 138, 35, 34]",5,4380,5858.png,626,1622,44,Cấm còn lại
399,0,5866,"[556, 327, 21, 19]",5,4390,5866.png,626,1622,41,Cấm còn lại
676,0,5870,"[680, 240, 26, 26]",5,4396,5870.png,626,1622,41,Cấm còn lại
312,0,5873,"[103, 183, 12, 26]",5,4400,5873.png,626,1622,44,Cấm còn lại
55,0,5889,"[1114, 319, 5, 11]",5,4419,5889.png,626,1622,42,Cấm còn lại
4275,0,5895,"[1357, 221, 75, 57]",5,4425,5895.png,626,1622,41,Cấm còn lại
7644,0,5896,"[1412, 198, 91, 84]",5,4427,5896.png,626,1622,41,Cấm còn lại
169,0,5897,"[987, 376, 13, 13]",5,4430,5897.png,626,1622,41,Cấm còn lại
144,0,5897,"[990, 404, 12, 12]",5,4431,5897.png,626,1622,41,Cấm còn lại
168,0,5897,"[987, 391, 14, 12]",5,4432,5897.png,626,1622,41,Cấm còn lại
90,0,5897,"[973, 430, 10, 9]",5,4435,5897.png,626,1622,41,Cấm còn lại
2852,0,5900,"[1180, 267, 46, 62]",5,4439,5900.png,626,1622,41,Cấm còn lại
1248,0,5905,"[899, 3, 32, 39]",5,4444,5905.png,626,1622,44,Cấm còn lại
64,0,5905,"[858, 164, 8, 8]",5,4447,5905.png,626,1622,44,Cấm còn lại
4488,0,5906,"[1112, 99, 66, 68]",5,4448,5906.png,626,1622,41,Cấm còn lại
990,0,5910,"[1042, 305, 33, 30]",5,4451,5910.png,626,1622,44,Cấm còn lại
441,0,5911,"[596, 379, 21, 21]",5,4453,5911.png,626,1622,41,Cấm còn lại
120,0,5911,"[850, 483, 10, 12]",5,4455,5911.png,626,1622,41,Cấm còn lại
483,0,5913,"[1085, 242, 23, 21]",5,4460,5913.png,626,1622,44,Cấm còn lại
936,0,5913,"[1383, 231, 36, 26]",5,4462,5913.png,626,1622,44,Cấm còn lại
100,0,5913,"[345, 239, 10, 10]",5,4464,5913.png,626,1622,44,Cấm còn lại
1260,0,5915,"[171, 319, 36, 35]",5,4465,5915.png,626,1622,42,Cấm còn lại
1260,0,5929,"[233, 353, 35, 36]",5,4481,5929.png,626,1622,39,Cấm còn lại
1209,0,5931,"[1484, 305, 39, 31]",5,4482,5931.png,626,1622,41,Cấm còn lại
1260,0,5943,"[683, 103, 35, 36]",5,4501,5943.png,626,1622,42,Cấm còn lại
2000,0,5943,"[828, 80, 40, 50]",5,4502,5943.png,626,1622,42,Cấm còn lại
1054,0,5944,"[327, 264, 31, 34]",5,4504,5944.png,626,1622,38,Cấm còn lại
1806,0,5949,"[673, 158, 42, 43]",5,4509,5949.png,626,1622,41,Cấm còn lại
72,0,5950,"[885, 300, 8, 9]",5,4512,5950.png,626,1622,38,Cấm còn lại
364,0,5958,"[712, 255, 13, 28]",5,4521,5958.png,626,1622,38,Cấm còn lại
364,0,5958,"[712, 255, 13, 28]",5,4658,5958.png,626,1622,38,Cấm còn lại
1184,0,5964,"[970, 142, 32, 37]",5,4536,5964.png,626,1622,42,Cấm còn lại
1296,0,5964,"[968, 142, 36, 36]",5,4598,5964.png,626,1622,42,Cấm còn lại
324,0,5968,"[612, 377, 18, 18]",5,4544,5968.png,626,1622,41,Cấm còn lại
289,0,5968,"[613, 358, 17, 17]",5,4545,5968.png,626,1622,41,Cấm còn lại
342,0,5968,"[612, 357, 18, 19]",5,4620,5968.png,626,1622,41,Cấm còn lại
361,0,5968,"[611, 376, 19, 19]",5,4621,5968.png,626,1622,41,Cấm còn lại
6370,0,5979,"[1240, 263, 70, 91]",5,4557,5979.png,626,1622,41,Cấm còn lại
6887,0,5979,"[1239, 260, 71, 97]",5,4622,5979.png,626,1622,41,Cấm còn lại
169,0,5994,"[895, 256, 13, 13]",5,4575,5994.png,626,1622,41,Cấm còn lại
169,0,5994,"[895, 255, 13, 13]",5,4629,5994.png,626,1622,41,Cấm còn lại
2009,0,5997,"[223, 262, 49, 41]",5,4618,5997.png,626,1622,41,Cấm còn lại
119,0,6007,"[1033, 269, 7, 17]",5,4591,6007.png,626,1622,41,Cấm còn lại
90,0,6010,"[478, 304, 10, 9]",5,4613,6010.png,626,1622,42,Cấm còn lại
8188,0,6014,"[1223, 261, 89, 92]",5,4635,6014.png,626,1622,41,Cấm còn lại
8075,0,6014,"[1205, 160, 85, 95]",5,4636,6014.png,626,1622,41,Cấm còn lại
4828,0,6016,"[1553, 24, 68, 71]",5,4649,6016.png,626,1622,44,Cấm còn lại
110,0,6016,"[861, 184, 10, 11]",5,4651,6016.png,626,1622,44,Cấm còn lại
1209,0,6019,"[1229, 450, 31, 39]",5,4663,6019.png,626,1622,38,Cấm còn lại
238,0,6019,"[749, 548, 17, 14]",5,4665,6019.png,626,1622,38,Cấm còn lại
240,0,6019,"[750, 547, 15, 16]",5,4669,6019.png,626,1622,38,Cấm còn lại
1230,0,6019,"[1228, 450, 30, 41]",5,4671,6019.png,626,1622,38,Cấm còn lại
520,0,6038,"[1144, 276, 26, 20]",5,4684,6038.png,626,1622,30,Cấm còn lại
195,0,6069,"[928, 292, 15, 13]",5,4708,6069.png,626,1622,23,Cấm còn lại
196,0,6079,"[1178, 223, 14, 14]",5,4718,6079.png,626,1622,36,Cấm còn lại
121,0,6095,"[858, 313, 11, 11]",5,4734,6095.png,626,1622,22,Cấm còn lại
132,0,6095,"[871, 312, 12, 11]",5,4735,6095.png,626,1622,22,Cấm còn lại
600,0,6098,"[1527, 412, 25, 24]",5,4738,6098.png,626,1622,22,Cấm còn lại
49,0,6098,"[618, 340, 7, 7]",5,4741,6098.png,626,1622,22,Cấm còn lại
56,0,6098,"[581, 338, 8, 7]",5,4742,6098.png,626,1622,22,Cấm còn lại
272,0,6099,"[493, 511, 16, 17]",5,4743,6099.png,626,1622,36,Cấm còn lại
364,0,6101,"[1115, 345, 13, 28]",5,4747,6101.png,626,1622,3,Cấm còn lại
196,0,6101,"[906, 363, 14, 14]",5,4748,6101.png,626,1622,3,Cấm còn lại
78,0,6101,"[614, 349, 6, 13]",5,4751,6101.png,626,1622,3,Cấm còn lại
312,0,6108,"[1001, 339, 12, 26]",5,4756,6108.png,626,1622,19,Cấm còn lại
72,0,6108,"[630, 345, 9, 8]",5,4758,6108.png,626,1622,19,Cấm còn lại
210,0,6143,"[745, 480, 14, 15]",5,4784,6143.png,626,1622,29,Cấm còn lại
240,0,6150,"[929, 228, 16, 15]",5,4787,6150.png,626,1622,34,Cấm còn lại
156,0,6150,"[1136, 253, 13, 12]",5,4791,6150.png,626,1622,34,Cấm còn lại
42,0,6150,"[1113, 254, 6, 7]",5,4793,6150.png,626,1622,34,Cấm còn lại
806,0,6150,"[1442, 229, 26, 31]",5,4794,6150.png,626,1622,34,Cấm còn lại
120,0,6151,"[1477, 104, 12, 10]",5,4795,6151.png,626,1622,28,Cấm còn lại
132,0,6157,"[1168, 139, 12, 11]",5,4796,6157.png,626,1622,49,Cấm còn lại
240,0,6168,"[922, 228, 16, 15]",5,4805,6168.png,626,1622,33,Cấm còn lại
256,0,6178,"[828, 189, 16, 16]",5,4813,6178.png,626,1622,51,Cấm còn lại
361,0,6195,"[975, 345, 19, 19]",5,4821,6195.png,626,1622,53,Cấm còn lại
81,0,6222,"[802, 371, 9, 9]",5,4840,6222.png,626,1622,34,Cấm còn lại
56,0,6235,"[838, 250, 7, 8]",5,4851,6235.png,626,1622,33,Cấm còn lại
110,0,6238,"[943, 521, 10, 11]",5,4855,6238.png,626,1622,29,Cấm còn lại
168,0,6260,"[668, 440, 14, 12]",5,4880,6260.png,626,1622,19,Cấm còn lại
49,0,6260,"[630, 425, 7, 7]",5,4884,6260.png,626,1622,19,Cấm còn lại
3762,0,6293,"[1393, 460, 66, 57]",5,4910,6293.png,626,1622,28,Cấm còn lại
1190,0,6307,"[959, 282, 35, 34]",5,4917,6307.png,626,1622,36,Cấm còn lại
1443,0,6310,"[1354, 369, 37, 39]",5,4922,6310.png,626,1622,36,Cấm còn lại
56,0,6315,"[652, 334, 7, 8]",5,4924,6315.png,626,1622,34,Cấm còn lại
64,0,6315,"[611, 335, 8, 8]",5,4926,6315.png,626,1622,34,Cấm còn lại
80,0,6315,"[536, 335, 10, 8]",5,4927,6315.png,626,1622,34,Cấm còn lại
143,0,6315,"[495, 333, 13, 11]",5,4928,6315.png,626,1622,34,Cấm còn lại
110,0,6315,"[456, 333, 10, 11]",5,4929,6315.png,626,1622,34,Cấm còn lại
81,0,6319,"[509, 229, 9, 9]",5,4931,6319.png,626,1622,18,Cấm còn lại
7047,0,6323,"[1126, 272, 87, 81]",5,4935,6323.png,626,1622,36,Cấm còn lại
990,0,6323,"[633, 241, 33, 30]",5,4936,6323.png,626,1622,36,Cấm còn lại
88,0,6342,"[134, 402, 11, 8]",5,4951,6342.png,626,1622,12,Cấm còn lại
100,0,6347,"[995, 343, 10, 10]",5,4955,6347.png,626,1622,34,Cấm còn lại
100,0,6347,"[945, 348, 10, 10]",5,4957,6347.png,626,1622,34,Cấm còn lại
100,0,6347,"[861, 356, 10, 10]",5,4958,6347.png,626,1622,34,Cấm còn lại
90,0,6347,"[820, 360, 10, 9]",5,4960,6347.png,626,1622,34,Cấm còn lại
90,0,6347,"[781, 364, 9, 10]",5,4961,6347.png,626,1622,34,Cấm còn lại
1488,0,6436,"[1148, 112, 31, 48]",5,5005,6436.png,626,1622,37,Cấm còn lại
81,0,6441,"[932, 281, 9, 9]",5,5006,6441.png,626,1622,34,Cấm còn lại
6240,0,6495,"[810, 107, 78, 80]",5,5038,6495.png,626,1622,22,Cấm còn lại
780,0,6551,"[383, 171, 30, 26]",5,5076,6551.png,626,1622,36,Cấm còn lại
49,0,6559,"[508, 405, 7, 7]",5,5086,6559.png,626,1622,28,Cấm còn lại
36,0,6571,"[967, 133, 6, 6]",5,5095,6571.png,626,1622,28,Cấm còn lại
35784,0,6574,"[1366, 2, 252, 142]",5,5099,6574.png,626,1622,51,Cấm còn lại
288,0,6576,"[711, 432, 16, 18]",5,5102,6576.png,626,1622,28,Cấm còn lại
6970,0,6581,"[838, 252, 82, 85]",5,5108,6581.png,626,1622,47,Cấm còn lại
36,0,6584,"[692, 464, 6, 6]",5,5113,6584.png,626,1622,19,Cấm còn lại
121,0,6588,"[1171, 116, 11, 11]",5,5122,6588.png,626,1622,22,Cấm còn lại
323,0,6605,"[513, 74, 19, 17]",5,5140,6605.png,626,1622,22,Cấm còn lại
756,0,6613,"[638, 189, 28, 27]",5,5145,6613.png,626,1622,36,Cấm còn lại
42,0,6619,"[760, 463, 7, 6]",5,5149,6619.png,626,1622,36,Cấm còn lại
42,0,6619,"[760, 471, 7, 6]",5,5150,6619.png,626,1622,36,Cấm còn lại
240,0,6647,"[731, 222, 16, 15]",5,5172,6647.png,626,1622,51,Cấm còn lại
6768,0,6652,"[1357, 365, 94, 72]",5,5179,6652.png,626,1622,47,Cấm còn lại
224,0,6664,"[974, 293, 16, 14]",5,5191,6664.png,626,1622,13,Cấm còn lại
144,0,6674,"[682, 195, 12, 12]",5,5201,6674.png,626,1622,34,Cấm còn lại
64,0,6674,"[704, 180, 8, 8]",5,5203,6674.png,626,1622,34,Cấm còn lại
81,0,6674,"[702, 200, 9, 9]",5,5204,6674.png,626,1622,34,Cấm còn lại
90,0,6695,"[601, 237, 10, 9]",5,5219,6695.png,626,1622,18,Cấm còn lại
399,0,6707,"[457, 229, 21, 19]",5,5233,6707.png,626,1622,19,Cấm còn lại
90,0,6723,"[930, 443, 10, 9]",5,5253,6723.png,626,1622,20,Cấm còn lại
36,0,6723,"[1123, 474, 6, 6]",5,5256,6723.png,626,1622,20,Cấm còn lại
100,0,6723,"[1044, 452, 10, 10]",5,5258,6723.png,626,1622,20,Cấm còn lại
468,0,6767,"[1553, 25, 26, 18]",5,5291,6767.png,626,1622,28,Cấm còn lại
153,0,6767,"[1612, 23, 9, 17]",5,5292,6767.png,626,1622,28,Cấm còn lại
504,0,6767,"[1588, 1, 28, 18]",5,5293,6767.png,626,1622,28,Cấm còn lại
513,0,6767,"[1582, 23, 27, 19]",5,5294,6767.png,626,1622,28,Cấm còn lại
513,0,6767,"[1558, 3, 27, 19]",5,5295,6767.png,626,1622,28,Cấm còn lại
100,0,6806,"[782, 459, 10, 10]",5,5326,6806.png,626,1622,33,Cấm còn lại
49,0,6812,"[827, 474, 7, 7]",5,5330,6812.png,626,1622,33,Cấm còn lại
110,0,6855,"[1076, 459, 11, 10]",5,5348,6855.png,626,1622,19,Cấm còn lại
64,0,6866,"[906, 107, 8, 8]",5,5360,6866.png,626,1622,22,Cấm còn lại
63,0,6866,"[906, 115, 7, 9]",5,5361,6866.png,626,1622,22,Cấm còn lại
49,0,6872,"[913, 281, 7, 7]",5,5364,6872.png,626,1622,33,Cấm còn lại
36,0,6872,"[923, 281, 6, 6]",5,5365,6872.png,626,1622,33,Cấm còn lại
30,0,6872,"[932, 289, 5, 6]",5,5366,6872.png,626,1622,33,Cấm còn lại
117,0,6883,"[542, 407, 9, 13]",5,5376,6883.png,626,1622,12,Cấm còn lại
4092,0,6890,"[1125, 217, 66, 62]",5,5388,6890.png,626,1622,28,Cấm còn lại
702,0,6892,"[354, 22, 26, 27]",5,5391,6892.png,626,1622,49,Cấm còn lại
80,0,6922,"[545, 412, 8, 10]",5,5406,6922.png,626,1622,12,Cấm còn lại
475,0,6933,"[711, 251, 19, 25]",5,5412,6933.png,626,1622,28,Cấm còn lại
36,0,6948,"[648, 190, 6, 6]",5,5430,6948.png,626,1622,53,Cấm còn lại
231,0,6954,"[883, 342, 11, 21]",5,5435,6954.png,626,1622,19,Cấm còn lại
110,0,6955,"[759, 250, 11, 10]",5,5437,6955.png,626,1622,34,Cấm còn lại
30615,0,6960,"[1305, 187, 157, 195]",5,5440,6960.png,626,1622,5,Cấm còn lại
4896,0,7028,"[1369, 372, 72, 68]",5,5492,7028.png,626,1622,28,Cấm còn lại
576,0,7061,"[362, 5, 24, 24]",5,5519,7061.png,626,1622,49,Cấm còn lại
544,0,7065,"[728, 259, 16, 34]",5,5522,7065.png,626,1622,34,Cấm còn lại
64,0,7065,"[443, 282, 8, 8]",5,5524,7065.png,626,1622,34,Cấm còn lại
90,0,7065,"[452, 284, 9, 10]",5,5525,7065.png,626,1622,34,Cấm còn lại
240,0,7074,"[772, 373, 16, 15]",5,5530,7074.png,626,1622,36,Cấm còn lại
100,0,7074,"[700, 352, 10, 10]",5,5531,7074.png,626,1622,36,Cấm còn lại
132,0,7074,"[700, 340, 12, 11]",5,5532,7074.png,626,1622,36,Cấm còn lại
750,0,7082,"[1071, 200, 25, 30]",5,5537,7082.png,626,1622,51,Cấm còn lại
169,0,7102,"[674, 363, 13, 13]",5,5560,7102.png,626,1622,36,Cấm còn lại
600,0,7108,"[761, 419, 25, 24]",5,5566,7108.png,626,1622,28,Cấm còn lại
552,0,7109,"[835, 259, 23, 24]",5,5567,7109.png,626,1622,36,Cấm còn lại
168,0,7117,"[454, 220, 14, 12]",5,5575,7117.png,626,1622,33,Cấm còn lại
308,0,7119,"[357, 0, 28, 11]",5,5581,7119.png,626,1622,49,Cấm còn lại
418,0,7124,"[355, 37, 22, 19]",5,5585,7124.png,626,1622,49,Cấm còn lại
460,0,7124,"[330, 33, 23, 20]",5,5586,7124.png,626,1622,49,Cấm còn lại
504,0,7133,"[378, 437, 24, 21]",5,5596,7133.png,626,1622,28,Cấm còn lại
196,0,7143,"[707, 225, 14, 14]",5,5602,7143.png,626,1622,33,Cấm còn lại
81,0,7147,"[655, 398, 9, 9]",5,5608,7147.png,626,1622,33,Cấm còn lại
81,0,7147,"[675, 410, 9, 9]",5,5610,7147.png,626,1622,33,Cấm còn lại
4692,0,7153,"[551, 9, 69, 68]",5,5612,7153.png,626,1622,36,Cấm còn lại
4250,0,7153,"[253, 0, 85, 50]",5,5613,7153.png,626,1622,36,Cấm còn lại
256,0,7167,"[531, 300, 16, 16]",5,5620,7167.png,626,1622,19,Cấm còn lại
121,0,7171,"[690, 439, 11, 11]",5,5629,7171.png,626,1622,28,Cấm còn lại
36,0,7180,"[847, 259, 6, 6]",5,5640,7180.png,626,1622,33,Cấm còn lại
25,0,7180,"[849, 248, 5, 5]",5,5642,7180.png,626,1622,33,Cấm còn lại
1092,0,7184,"[701, 274, 28, 39]",5,5645,7184.png,626,1622,5,Cấm còn lại
1785,0,7190,"[146, 164, 35, 51]",5,5653,7190.png,626,1622,20,Cấm còn lại
286,0,7203,"[596, 223, 11, 26]",5,5660,7203.png,626,1622,45,Cấm còn lại
210,0,7288,"[917, 423, 15, 14]",5,5698,7288.png,626,1622,20,Cấm còn lại
169,0,7288,"[912, 409, 13, 13]",5,5700,7288.png,626,1622,20,Cấm còn lại
99,0,7315,"[702, 324, 9, 11]",5,5711,7315.png,626,1622,20,Cấm còn lại
1155,0,7327,"[1023, 292, 35, 33]",5,5718,7327.png,626,1622,47,Cấm còn lại
1036,0,7339,"[165, 9, 37, 28]",5,5729,7339.png,626,1622,49,Cấm còn lại
255,0,7350,"[410, 64, 17, 15]",5,5736,7350.png,626,1622,49,Cấm còn lại
99,0,7350,"[422, 115, 11, 9]",5,5738,7350.png,626,1622,49,Cấm còn lại
5166,0,7354,"[490, 2, 126, 41]",5,5746,7354.png,626,1622,36,Cấm còn lại
64,0,7381,"[1017, 398, 8, 8]",5,5771,7381.png,626,1622,47,Cấm còn lại
30,0,7385,"[686, 417, 6, 5]",5,5775,7385.png,626,1622,33,Cấm còn lại
960,0,7387,"[1162, 238, 32, 30]",5,5777,7387.png,626,1622,36,Cấm còn lại
56,0,7395,"[668, 325, 8, 7]",5,5781,7395.png,626,1622,1,Cấm còn lại
420,0,7408,"[371, 214, 21, 20]",5,5785,7408.png,626,1622,49,Cấm còn lại
418,0,7417,"[1185, 230, 22, 19]",5,5793,7417.png,626,1622,49,Cấm còn lại
195,0,7417,"[1291, 239, 15, 13]",5,5794,7417.png,626,1622,49,Cấm còn lại
2592,0,7425,"[861, 256, 48, 54]",5,5803,7425.png,626,1622,22,Cấm còn lại
323,0,7439,"[1025, 198, 19, 17]",5,5818,7439.png,626,1622,49,Cấm còn lại
324,0,7439,"[1037, 166, 18, 18]",5,5819,7439.png,626,1622,49,Cấm còn lại
289,0,7439,"[1026, 145, 17, 17]",5,5820,7439.png,626,1622,49,Cấm còn lại
360,0,7439,"[1013, 166, 20, 18]",5,5821,7439.png,626,1622,49,Cấm còn lại
289,0,7440,"[744, 482, 17, 17]",5,5823,7440.png,626,1622,29,Cấm còn lại
342,0,7450,"[765, 409, 18, 19]",5,5835,7450.png,626,1622,33,Cấm còn lại
169,0,7466,"[826, 198, 13, 13]",5,5850,7466.png,626,1622,33,Cấm còn lại
256,0,7466,"[820, 212, 16, 16]",5,5851,7466.png,626,1622,33,Cấm còn lại
484,0,7473,"[671, 421, 22, 22]",5,5857,7473.png,626,1622,28,Cấm còn lại
1156,0,7475,"[395, 334, 34, 34]",5,5861,7475.png,626,1622,45,Cấm còn lại
342,0,7500,"[968, 262, 18, 19]",5,5883,7500.png,626,1622,34,Cấm còn lại
225,0,7515,"[634, 225, 15, 15]",5,5888,7515.png,626,1622,45,Cấm còn lại
225,0,7518,"[605, 273, 15, 15]",5,5891,7518.png,626,1622,53,Cấm còn lại
812,0,7575,"[832, 235, 28, 29]",5,5929,7575.png,626,1622,36,Cấm còn lại
120,0,7581,"[563, 299, 12, 10]",5,5934,7581.png,626,1622,34,Cấm còn lại
272,0,7585,"[984, 212, 16, 17]",5,5936,7585.png,626,1622,33,Cấm còn lại
2900,0,7587,"[1167, 394, 50, 58]",5,5939,7587.png,626,1622,22,Cấm còn lại
63,0,7589,"[490, 423, 7, 9]",5,5946,7589.png,626,1622,12,Cấm còn lại
42,0,7589,"[1046, 418, 7, 6]",5,5948,7589.png,626,1622,12,Cấm còn lại
399,0,7595,"[1010, 268, 21, 19]",5,5959,7595.png,626,1622,34,Cấm còn lại
56,0,7596,"[825, 280, 7, 8]",5,5962,7596.png,626,1622,37,Cấm còn lại
240,0,7619,"[701, 295, 16, 15]",5,5981,7619.png,626,1622,36,Cấm còn lại
224,0,7629,"[956, 538, 16, 14]",5,5987,7629.png,626,1622,29,Cấm còn lại
380,0,7638,"[739, 285, 20, 19]",5,5995,7638.png,626,1622,30,Cấm còn lại
88,0,7641,"[619, 304, 8, 11]",5,6000,7641.png,626,1622,19,Cấm còn lại
176,0,7644,"[420, 224, 11, 16]",5,6003,7644.png,626,1622,8,Cấm còn lại
121,0,7676,"[726, 308, 11, 11]",5,6026,7676.png,626,1622,36,Cấm còn lại
5325,0,7713,"[1039, 157, 75, 71]",5,6048,7713.png,626,1622,36,Cấm còn lại
3127,0,7713,"[1096, 63, 59, 53]",5,6049,7713.png,626,1622,36,Cấm còn lại
5670,0,7713,"[151, 20, 81, 70]",5,6050,7713.png,626,1622,36,Cấm còn lại
255,0,7718,"[672, 249, 17, 15]",5,6056,7718.png,626,1622,33,Cấm còn lại
72,0,7718,"[830, 263, 8, 9]",5,6060,7718.png,626,1622,33,Cấm còn lại
168,0,7755,"[603, 275, 14, 12]",5,6086,7755.png,626,1622,34,Cấm còn lại
440,0,7775,"[617, 299, 22, 20]",5,6093,7775.png,626,1622,36,Cấm còn lại
56,0,7792,"[601, 279, 8, 7]",5,6107,7792.png,626,1622,19,Cấm còn lại
25,0,7792,"[641, 296, 5, 5]",5,6109,7792.png,626,1622,19,Cấm còn lại
25,0,7835,"[770, 197, 5, 5]",5,6145,7835.png,626,1622,36,Cấm còn lại
42,0,7835,"[778, 197, 7, 6]",5,6146,7835.png,626,1622,36,Cấm còn lại
110,0,7836,"[822, 460, 11, 10]",5,6147,7836.png,626,1622,33,Cấm còn lại
224,0,7864,"[562, 260, 16, 14]",5,6160,7864.png,626,1622,34,Cấm còn lại
957,0,7867,"[1524, 353, 29, 33]",5,6164,7867.png,626,1622,31,Cấm còn lại
143,0,7867,"[193, 357, 13, 11]",5,6167,7867.png,626,1622,31,Cấm còn lại
2200,0,7868,"[404, 178, 50, 44]",5,6169,7868.png,626,1622,45,Cấm còn lại
2250,0,7868,"[402, 134, 50, 45]",5,6170,7868.png,626,1622,45,Cấm còn lại
56,0,7875,"[983, 419, 8, 7]",5,6175,7875.png,626,1622,12,Cấm còn lại
330,0,7899,"[1473, 356, 22, 15]",5,6189,7899.png,626,1622,53,Cấm còn lại
285,0,7899,"[1473, 339, 19, 15]",5,6190,7899.png,626,1622,53,Cấm còn lại
506,0,7918,"[1268, 250, 23, 22]",5,6202,7918.png,626,1622,45,Cấm còn lại
990,0,7932,"[426, 415, 33, 30]",5,6210,7932.png,626,1622,28,Cấm còn lại
256,0,7961,"[776, 167, 16, 16]",5,6228,7961.png,626,1622,36,Cấm còn lại
120,0,7978,"[455, 439, 10, 12]",5,6237,7978.png,626,1622,12,Cấm còn lại
49,0,7978,"[1045, 420, 7, 7]",5,6239,7978.png,626,1622,12,Cấm còn lại
960,0,8027,"[877, 169, 30, 32]",5,6265,8027.png,626,1622,32,Cấm còn lại
25,0,8043,"[998, 395, 5, 5]",5,6276,8043.png,626,1622,47,Cấm còn lại
72,0,8046,"[757, 379, 8, 9]",5,6277,8046.png,626,1622,29,Cấm còn lại
529,0,8072,"[898, 243, 23, 23]",5,6287,8072.png,626,1622,45,Cấm còn lại
169,0,8072,"[602, 237, 13, 13]",5,6288,8072.png,626,1622,45,Cấm còn lại
143,0,8095,"[338, 426, 13, 11]",5,6302,8095.png,626,1622,28,Cấm còn lại
832,0,8111,"[303, 302, 32, 26]",5,6309,8111.png,626,1622,47,Cấm còn lại
110,0,8113,"[674, 525, 10, 11]",5,6310,8113.png,626,1622,29,Cấm còn lại
132,0,8122,"[766, 265, 11, 12]",5,6318,8122.png,626,1622,36,Cấm còn lại
100,0,8123,"[866, 260, 10, 10]",5,6321,8123.png,626,1622,33,Cấm còn lại
352,0,8130,"[1516, 103, 22, 16]",5,6325,8130.png,626,1622,28,Cấm còn lại
420,0,8133,"[1025, 296, 21, 20]",5,6327,8133.png,626,1622,34,Cấm còn lại
575,0,8146,"[705, 122, 23, 25]",5,6337,8146.png,626,1622,36,Cấm còn lại
272,0,8166,"[745, 194, 16, 17]",5,6352,8166.png,626,1622,33,Cấm còn lại
56,0,8184,"[587, 301, 7, 8]",5,6370,8184.png,626,1622,34,Cấm còn lại
117,0,8184,"[435, 312, 13, 9]",5,6372,8184.png,626,1622,34,Cấm còn lại
99,0,8184,"[435, 301, 11, 9]",5,6373,8184.png,626,1622,34,Cấm còn lại
120,0,8184,"[434, 289, 12, 10]",5,6374,8184.png,626,1622,34,Cấm còn lại
210,0,8189,"[779, 372, 14, 15]",5,6376,8189.png,626,1622,49,Cấm còn lại
1722,0,8215,"[696, 172, 41, 42]",5,6407,8215.png,626,1622,18,Cấm còn lại
196,0,8248,"[918, 423, 14, 14]",5,6425,8248.png,626,1622,20,Cấm còn lại
143,0,8248,"[1307, 481, 13, 11]",5,6428,8248.png,626,1622,20,Cấm còn lại
18963,0,8281,"[1311, 136, 147, 129]",5,6452,8281.png,626,1622,47,Cấm còn lại
612,0,8310,"[595, 211, 18, 34]",5,6465,8310.png,626,1622,36,Cấm còn lại
957,0,8317,"[442, 150, 33, 29]",5,6468,8317.png,626,1622,18,Cấm còn lại
1849,0,8323,"[885, 0, 43, 43]",5,6469,8323.png,626,1622,52,Cấm còn lại
726,0,8370,"[1282, 210, 22, 33]",5,6490,8370.png,626,1622,49,Cấm còn lại
1188,0,8407,"[1074, 383, 36, 33]",5,6505,8407.png,626,1622,5,Cấm còn lại
72,0,8428,"[671, 409, 9, 8]",5,6515,8428.png,626,1622,33,Cấm còn lại
625,0,8445,"[577, 212, 25, 25]",5,6524,8445.png,626,1622,53,Cấm còn lại
418,0,8457,"[1301, 264, 22, 19]",5,6529,8457.png,626,1622,36,Cấm còn lại
374,0,8457,"[1310, 218, 22, 17]",5,6530,8457.png,626,1622,36,Cấm còn lại
156,0,8499,"[696, 276, 12, 13]",5,6556,8499.png,626,1622,30,Cấm còn lại
54,0,8509,"[625, 406, 6, 9]",5,6570,8509.png,626,1622,12,Cấm còn lại
49,0,8520,"[853, 250, 7, 7]",5,6580,8520.png,626,1622,33,Cấm còn lại
270,0,8534,"[593, 340, 18, 15]",5,6590,8534.png,626,1622,37,Cấm còn lại
380,0,8534,"[522, 337, 20, 19]",5,6591,8534.png,626,1622,37,Cấm còn lại
270,0,8534,"[594, 341, 18, 15]",5,7668,8534.png,626,1622,37,Cấm còn lại
272,0,8534,"[523, 340, 17, 16]",5,7669,8534.png,626,1622,37,Cấm còn lại
2014,0,8563,"[1436, 97, 53, 38]",5,6604,8563.png,626,1622,49,Cấm còn lại
132,0,8563,"[434, 72, 12, 11]",5,6608,8563.png,626,1622,49,Cấm còn lại
156,0,8563,"[419, 70, 13, 12]",5,6609,8563.png,626,1622,49,Cấm còn lại
156,0,8563,"[419, 69, 13, 12]",5,8233,8563.png,626,1622,49,Cấm còn lại
182,0,8563,"[435, 71, 13, 14]",5,8234,8563.png,626,1622,49,Cấm còn lại
2160,0,8563,"[1436, 98, 54, 40]",5,8235,8563.png,626,1622,49,Cấm còn lại
195,0,8573,"[331, 310, 15, 13]",5,6611,8573.png,626,1622,47,Cấm còn lại
156,0,8574,"[578, 304, 13, 12]",5,6612,8574.png,626,1622,22,Cấm còn lại
144,0,8574,"[578, 304, 12, 12]",5,8788,8574.png,626,1622,22,Cấm còn lại
144,0,8574,"[579, 304, 12, 12]",5,8844,8574.png,626,1622,22,Cấm còn lại
110,0,8574,"[579, 305, 11, 10]",5,10511,8574.png,626,1622,22,Cấm còn lại
132,0,8575,"[619, 431, 11, 12]",5,6614,8575.png,626,1622,28,Cấm còn lại
2650,0,8584,"[517, 393, 53, 50]",5,6618,8584.png,626,1622,28,Cấm còn lại
2400,0,8584,"[519, 395, 50, 48]",5,9703,8584.png,626,1622,28,Cấm còn lại
121,0,8619,"[791, 289, 11, 11]",5,6634,8619.png,626,1622,30,Cấm còn lại
110,0,8619,"[791, 289, 10, 11]",5,10071,8619.png,626,1622,30,Cấm còn lại
110,0,8619,"[792, 289, 10, 11]",5,10222,8619.png,626,1622,30,Cấm còn lại
121,0,8619,"[792, 289, 11, 11]",5,10441,8619.png,626,1622,30,Cấm còn lại
638,0,8622,"[1325, 428, 29, 22]",5,6635,8622.png,626,1622,28,Cấm còn lại
132,0,8632,"[869, 267, 11, 12]",5,6641,8632.png,626,1622,34,Cấm còn lại
132,0,8632,"[869, 267, 11, 12]",5,6949,8632.png,626,1622,34,Cấm còn lại
110,0,8632,"[869, 268, 10, 11]",5,7235,8632.png,626,1622,34,Cấm còn lại
169,0,8635,"[954, 297, 13, 13]",5,6643,8635.png,626,1622,34,Cấm còn lại
182,0,8635,"[1257, 319, 13, 14]",5,6644,8635.png,626,1622,34,Cấm còn lại
168,0,8635,"[954, 298, 14, 12]",5,7149,8635.png,626,1622,34,Cấm còn lại
182,0,8635,"[1256, 318, 13, 14]",5,7150,8635.png,626,1622,34,Cấm còn lại
1292,0,8643,"[499, 46, 34, 38]",5,6650,8643.png,626,1622,33,Cấm còn lại
1292,0,8643,"[498, 45, 34, 38]",5,8402,8643.png,626,1622,33,Cấm còn lại
25,0,8721,"[969, 132, 5, 5]",5,6697,8721.png,626,1622,28,Cấm còn lại
25,0,8721,"[968, 132, 5, 5]",5,8285,8721.png,626,1622,28,Cấm còn lại
156,0,8739,"[903, 408, 12, 13]",5,6705,8739.png,626,1622,5,Cấm còn lại
156,0,8739,"[902, 408, 12, 13]",5,8413,8739.png,626,1622,5,Cấm còn lại
182,0,8739,"[902, 408, 13, 14]",5,8975,8739.png,626,1622,5,Cấm còn lại
121,0,8745,"[645, 287, 11, 11]",5,6708,8745.png,626,1622,30,Cấm còn lại
100,0,8745,"[646, 287, 10, 10]",5,10066,8745.png,626,1622,30,Cấm còn lại
98,0,8754,"[891, 469, 7, 14]",5,6711,8754.png,626,1622,19,Cấm còn lại
12825,0,8773,"[1032, 1, 135, 95]",5,6727,8773.png,626,1622,18,Cấm còn lại
42,0,8773,"[519, 238, 7, 6]",5,6728,8773.png,626,1622,18,Cấm còn lại
12771,0,8773,"[1036, 0, 129, 99]",5,7128,8773.png,626,1622,18,Cấm còn lại
42,0,8773,"[519, 237, 7, 6]",5,7129,8773.png,626,1622,18,Cấm còn lại
13200,0,8773,"[1035, 0, 132, 100]",5,9077,8773.png,626,1622,18,Cấm còn lại
675,0,8801,"[801, 237, 25, 27]",5,6741,8801.png,626,1622,30,Cấm còn lại
600,0,8801,"[801, 239, 24, 25]",5,8123,8801.png,626,1622,30,Cấm còn lại
378,0,8812,"[281, 348, 21, 18]",5,6750,8812.png,626,1622,37,Cấm còn lại
400,0,8812,"[303, 348, 20, 20]",5,6751,8812.png,626,1622,37,Cấm còn lại
342,0,8812,"[304, 349, 19, 18]",5,6873,8812.png,626,1622,37,Cấm còn lại
380,0,8812,"[281, 349, 20, 19]",5,6874,8812.png,626,1622,37,Cấm còn lại
272,0,8814,"[609, 205, 17, 16]",5,6752,8814.png,626,1622,5,Cấm còn lại
272,0,8814,"[611, 205, 16, 17]",5,6889,8814.png,626,1622,5,Cấm còn lại
441,0,8874,"[954, 241, 21, 21]",5,6774,8874.png,626,1622,34,Cấm còn lại
400,0,8874,"[954, 219, 20, 20]",5,6775,8874.png,626,1622,34,Cấm còn lại
64,0,8874,"[872, 287, 8, 8]",5,6776,8874.png,626,1622,34,Cấm còn lại
72,0,8874,"[871, 276, 9, 8]",5,6777,8874.png,626,1622,34,Cấm còn lại
918,0,8883,"[964, 112, 17, 54]",5,6779,8883.png,626,1622,51,Cấm còn lại
36,0,8887,"[668, 536, 6, 6]",5,6791,8887.png,626,1622,29,Cấm còn lại
1848,0,8891,"[782, 154, 42, 44]",5,6796,8891.png,626,1622,5,Cấm còn lại
840,0,8906,"[953, 237, 30, 28]",5,6799,8906.png,626,1622,28,Cấm còn lại
729,0,8906,"[833, 246, 27, 27]",5,6800,8906.png,626,1622,28,Cấm còn lại
156,0,8916,"[846, 248, 12, 13]",5,6810,8916.png,626,1622,33,Cấm còn lại
121,0,8916,"[846, 249, 11, 11]",5,7387,8916.png,626,1622,33,Cấm còn lại
144,0,8916,"[846, 248, 12, 12]",5,9382,8916.png,626,1622,33,Cấm còn lại
156,0,8916,"[846, 248, 13, 12]",5,10037,8916.png,626,1622,33,Cấm còn lại
54,0,8917,"[679, 224, 6, 9]",5,6811,8917.png,626,1622,47,Cấm còn lại
169,0,8929,"[835, 322, 13, 13]",5,6824,8929.png,626,1622,34,Cấm còn lại
144,0,8929,"[836, 323, 12, 12]",5,10246,8929.png,626,1622,34,Cấm còn lại
56,0,8953,"[580, 243, 8, 7]",5,6828,8953.png,626,1622,18,Cấm còn lại
56,0,8953,"[581, 243, 8, 7]",5,7702,8953.png,626,1622,18,Cấm còn lại
56,0,8953,"[581, 243, 8, 7]",5,9377,8953.png,626,1622,18,Cấm còn lại
306,0,8988,"[755, 289, 17, 18]",5,6844,8988.png,626,1622,51,Cấm còn lại
3741,0,8992,"[31, 1, 129, 29]",5,6848,8992.png,626,1622,36,Cấm còn lại
144,0,8994,"[739, 271, 12, 12]",5,6850,8994.png,626,1622,32,Cấm còn lại
143,0,8994,"[739, 272, 13, 11]",5,10286,8994.png,626,1622,32,Cấm còn lại
144,0,8994,"[739, 272, 12, 12]",5,10622,8994.png,626,1622,32,Cấm còn lại
270,0,9063,"[665, 297, 15, 18]",5,6880,9063.png,626,1622,20,Cấm còn lại
49,0,9063,"[985, 366, 7, 7]",5,6883,9063.png,626,1622,20,Cấm còn lại
208,0,9071,"[1325, 319, 16, 13]",5,6888,9071.png,626,1622,37,Cấm còn lại
350,0,9115,"[402, 186, 14, 25]",5,8220,9115.png,626,1622,51,Cấm còn lại
276,0,9115,"[402, 187, 12, 23]",5,9818,9115.png,626,1622,51,Cấm còn lại
276,0,9115,"[402, 187, 12, 23]",5,10472,9115.png,626,1622,51,Cấm còn lại
81,0,9116,"[703, 239, 9, 9]",5,6924,9116.png,626,1622,33,Cấm còn lại
90,0,9116,"[703, 240, 10, 9]",5,9358,9116.png,626,1622,33,Cấm còn lại
81,0,9119,"[667, 335, 9, 9]",5,6927,9119.png,626,1622,36,Cấm còn lại
100,0,9119,"[667, 324, 10, 10]",5,6928,9119.png,626,1622,36,Cấm còn lại
81,0,9119,"[668, 335, 9, 9]",5,7206,9119.png,626,1622,36,Cấm còn lại
100,0,9119,"[668, 324, 10, 10]",5,7207,9119.png,626,1622,36,Cấm còn lại
5518,0,9125,"[1461, 382, 89, 62]",5,6932,9125.png,626,1622,28,Cấm còn lại
5270,0,9125,"[1462, 381, 85, 62]",5,10186,9125.png,626,1622,28,Cấm còn lại
5355,0,9125,"[1462, 381, 85, 63]",5,10500,9125.png,626,1622,28,Cấm còn lại
81,0,9131,"[639, 305, 9, 9]",5,6944,9131.png,626,1622,19,Cấm còn lại
72,0,9131,"[639, 306, 9, 8]",5,8044,9131.png,626,1622,19,Cấm còn lại
72,0,9131,"[639, 306, 9, 8]",5,8776,9131.png,626,1622,19,Cấm còn lại
754,0,9152,"[130, 406, 29, 26]",5,6960,9152.png,626,1622,12,Cấm còn lại
644,0,9152,"[132, 408, 28, 23]",5,8105,9152.png,626,1622,12,Cấm còn lại
132,0,9152,"[1190, 391, 12, 11]",5,9088,9152.png,626,1622,12,Cấm còn lại
690,0,9152,"[130, 407, 30, 23]",5,9089,9152.png,626,1622,12,Cấm còn lại
572,0,9152,"[132, 408, 26, 22]",5,9894,9152.png,626,1622,12,Cấm còn lại
306,0,9178,"[673, 309, 18, 17]",5,6967,9178.png,626,1622,36,Cấm còn lại
361,0,9178,"[672, 308, 19, 19]",5,7429,9178.png,626,1622,36,Cấm còn lại
306,0,9178,"[673, 309, 18, 17]",5,8161,9178.png,626,1622,36,Cấm còn lại
324,0,9178,"[673, 309, 18, 18]",5,9349,9178.png,626,1622,36,Cấm còn lại
289,0,9178,"[673, 310, 17, 17]",5,9974,9178.png,626,1622,36,Cấm còn lại
169,0,9179,"[577, 353, 13, 13]",5,6970,9179.png,626,1622,23,Cấm còn lại
121,0,9179,"[577, 354, 11, 11]",5,9201,9179.png,626,1622,23,Cấm còn lại
100,0,9179,"[578, 355, 10, 10]",5,9760,9179.png,626,1622,23,Cấm còn lại
132,0,9179,"[578, 353, 11, 12]",5,9901,9179.png,626,1622,23,Cấm còn lại
4896,0,9182,"[731, 63, 72, 68]",5,6972,9182.png,626,1622,18,Cấm còn lại
4284,0,9182,"[733, 62, 68, 63]",5,9098,9182.png,626,1622,18,Cấm còn lại
3481,0,9182,"[737, 66, 59, 59]",5,10142,9182.png,626,1622,18,Cấm còn lại
196,0,9187,"[643, 229, 14, 14]",5,9005,9187.png,626,1622,18,Cấm còn lại
240,0,9192,"[491, 485, 16, 15]",5,6980,9192.png,626,1622,29,Cấm còn lại
272,0,9192,"[490, 484, 17, 16]",5,9539,9192.png,626,1622,29,Cấm còn lại
99,0,9239,"[597, 399, 9, 11]",5,7003,9239.png,626,1622,12,Cấm còn lại
54,0,9239,"[608, 401, 6, 9]",5,7004,9239.png,626,1622,12,Cấm còn lại
64,0,9239,"[1109, 404, 8, 8]",5,7006,9239.png,626,1622,12,Cấm còn lại
56,0,9239,"[1119, 404, 7, 8]",5,7007,9239.png,626,1622,12,Cấm còn lại
64,0,9239,"[1109, 405, 8, 8]",5,7727,9239.png,626,1622,12,Cấm còn lại
63,0,9239,"[598, 400, 7, 9]",5,7729,9239.png,626,1622,12,Cấm còn lại
72,0,9239,"[597, 400, 8, 9]",5,8288,9239.png,626,1622,12,Cấm còn lại
45,0,9239,"[608, 402, 5, 9]",5,8289,9239.png,626,1622,12,Cấm còn lại
64,0,9239,"[1109, 404, 8, 8]",5,8291,9239.png,626,1622,12,Cấm còn lại
56,0,9239,"[1119, 404, 7, 8]",5,8292,9239.png,626,1622,12,Cấm còn lại
64,0,9239,"[1109, 404, 8, 8]",5,8962,9239.png,626,1622,12,Cấm còn lại
64,0,9239,"[1119, 404, 8, 8]",5,8963,9239.png,626,1622,12,Cấm còn lại
88,0,9239,"[598, 399, 8, 11]",5,8964,9239.png,626,1622,12,Cấm còn lại
45,0,9239,"[609, 402, 5, 9]",5,8965,9239.png,626,1622,12,Cấm còn lại
81,0,9254,"[801, 190, 9, 9]",5,7015,9254.png,626,1622,7,Cấm còn lại
81,0,9254,"[802, 190, 9, 9]",5,9426,9254.png,626,1622,7,Cấm còn lại
2208,0,9305,"[136, 102, 48, 46]",5,7049,9305.png,626,1622,36,Cấm còn lại
624,0,9333,"[0, 410, 26, 24]",5,7072,9333.png,626,1622,12,Cấm còn lại
529,0,9333,"[0, 411, 23, 23]",5,10486,9333.png,626,1622,12,Cấm còn lại
783,0,9340,"[1226, 273, 29, 27]",5,7078,9340.png,626,1622,45,Cấm còn lại
728,0,9340,"[1226, 274, 28, 26]",5,9198,9340.png,626,1622,45,Cấm còn lại
650,0,9340,"[1227, 274, 26, 25]",5,9877,9340.png,626,1622,45,Cấm còn lại
121,0,9380,"[1117, 272, 11, 11]",5,7100,9380.png,626,1622,33,Cấm còn lại
14850,0,9391,"[1078, 278, 135, 110]",5,7104,9391.png,626,1622,36,Cấm còn lại
121,0,9391,"[707, 457, 11, 11]",5,7111,9391.png,626,1622,36,Cấm còn lại
324,0,9391,"[803, 464, 18, 18]",5,7112,9391.png,626,1622,36,Cấm còn lại
272,0,9391,"[802, 445, 16, 17]",5,7113,9391.png,626,1622,36,Cấm còn lại
14577,0,9391,"[1081, 279, 129, 113]",5,9727,9391.png,626,1622,36,Cấm còn lại
289,0,9391,"[803, 465, 17, 17]",5,9728,9391.png,626,1622,36,Cấm còn lại
289,0,9391,"[802, 445, 17, 17]",5,9729,9391.png,626,1622,36,Cấm còn lại
121,0,9391,"[707, 457, 11, 11]",5,9731,9391.png,626,1622,36,Cấm còn lại
784,0,9395,"[691, 177, 28, 28]",5,7119,9395.png,626,1622,33,Cấm còn lại
756,0,9395,"[692, 177, 28, 27]",5,9771,9395.png,626,1622,33,Cấm còn lại
72,0,9399,"[597, 238, 9, 8]",5,7123,9399.png,626,1622,18,Cấm còn lại
72,0,9399,"[597, 238, 9, 8]",5,8022,9399.png,626,1622,18,Cấm còn lại
56,0,9444,"[528, 283, 8, 7]",5,7158,9444.png,626,1622,34,Cấm còn lại
64,0,9444,"[527, 283, 8, 8]",5,7506,9444.png,626,1622,34,Cấm còn lại
3021,0,9448,"[948, 259, 57, 53]",5,7162,9448.png,626,1622,45,Cấm còn lại
2912,0,9448,"[947, 260, 56, 52]",5,7751,9448.png,626,1622,45,Cấm còn lại
3248,0,9448,"[948, 258, 58, 56]",5,8190,9448.png,626,1622,45,Cấm còn lại
2703,0,9448,"[947, 260, 53, 51]",5,10593,9448.png,626,1622,45,Cấm còn lại
1380,0,9453,"[441, 174, 30, 46]",5,7168,9453.png,626,1622,45,Cấm còn lại
5530,0,9475,"[1000, 481, 70, 79]",5,7182,9475.png,626,1622,47,Cấm còn lại
5313,0,9475,"[1000, 485, 69, 77]",5,8317,9475.png,626,1622,47,Cấm còn lại
676,0,9481,"[623, 335, 26, 26]",5,7186,9481.png,626,1622,23,Cấm còn lại
240,0,9486,"[993, 521, 15, 16]",5,7187,9486.png,626,1622,29,Cấm còn lại
224,0,9486,"[993, 522, 14, 16]",5,10410,9486.png,626,1622,29,Cấm còn lại
210,0,9508,"[680, 486, 15, 14]",5,7201,9508.png,626,1622,29,Cấm còn lại
225,0,9508,"[680, 486, 15, 15]",5,7709,9508.png,626,1622,29,Cấm còn lại
132,0,9516,"[1384, 325, 11, 12]",5,7205,9516.png,626,1622,45,Cấm còn lại
256,0,9535,"[295, 405, 16, 16]",5,7217,9535.png,626,1622,12,Cấm còn lại
21,0,9555,"[580, 415, 3, 7]",5,7231,9555.png,626,1622,12,Cấm còn lại
96,0,9559,"[582, 407, 8, 12]",5,7237,9559.png,626,1622,12,Cấm còn lại
96,0,9559,"[582, 407, 8, 12]",5,9928,9559.png,626,1622,12,Cấm còn lại
324,0,9563,"[913, 283, 18, 18]",5,7240,9563.png,626,1622,34,Cấm còn lại
323,0,9563,"[913, 283, 19, 17]",5,8548,9563.png,626,1622,34,Cấm còn lại
306,0,9563,"[912, 282, 18, 17]",5,9631,9563.png,626,1622,34,Cấm còn lại
1023,0,9568,"[666, 181, 31, 33]",5,7244,9568.png,626,1622,5,Cấm còn lại
240,0,9569,"[278, 413, 15, 16]",5,7246,9569.png,626,1622,12,Cấm còn lại
441,0,9575,"[770, 191, 21, 21]",5,7255,9575.png,626,1622,18,Cấm còn lại
400,0,9575,"[769, 191, 20, 20]",5,7697,9575.png,626,1622,18,Cấm còn lại
400,0,9592,"[351, 45, 20, 20]",5,7267,9592.png,626,1622,49,Cấm còn lại
208,0,9592,"[379, 100, 16, 13]",5,7268,9592.png,626,1622,49,Cấm còn lại
208,0,9592,"[379, 99, 16, 13]",5,9139,9592.png,626,1622,49,Cấm còn lại
342,0,9592,"[352, 46, 19, 18]",5,9141,9592.png,626,1622,49,Cấm còn lại
841,0,9595,"[1095, 386, 29, 29]",5,7272,9595.png,626,1622,47,Cấm còn lại
870,0,9595,"[1096, 386, 29, 30]",5,9104,9595.png,626,1622,47,Cấm còn lại
868,0,9595,"[1095, 386, 31, 28]",5,9599,9595.png,626,1622,47,Cấm còn lại
2805,0,9599,"[1443, 343, 55, 51]",5,7273,9599.png,626,1622,34,Cấm còn lại
3009,0,9599,"[1444, 341, 59, 51]",5,8257,9599.png,626,1622,34,Cấm còn lại
1155,0,9604,"[1216, 101, 33, 35]",5,7280,9604.png,626,1622,22,Cấm còn lại
121,0,9607,"[567, 270, 11, 11]",5,7283,9607.png,626,1622,19,Cấm còn lại
36,0,9607,"[629, 296, 6, 6]",5,7286,9607.png,626,1622,19,Cấm còn lại
100,0,9607,"[568, 271, 10, 10]",5,9528,9607.png,626,1622,19,Cấm còn lại
30,0,9607,"[629, 296, 5, 6]",5,9531,9607.png,626,1622,19,Cấm còn lại
100,0,9607,"[567, 271, 10, 10]",5,10223,9607.png,626,1622,19,Cấm còn lại
36,0,9607,"[629, 295, 6, 6]",5,10226,9607.png,626,1622,19,Cấm còn lại
25,0,9618,"[848, 262, 5, 5]",5,7290,9618.png,626,1622,33,Cấm còn lại
16,0,9618,"[848, 263, 4, 4]",5,7877,9618.png,626,1622,33,Cấm còn lại
81,0,9643,"[754, 414, 9, 9]",5,7310,9643.png,626,1622,12,Cấm còn lại
100,0,9643,"[754, 413, 10, 10]",5,7823,9643.png,626,1622,12,Cấm còn lại
90,0,9643,"[753, 414, 10, 9]",5,9406,9643.png,626,1622,12,Cấm còn lại
81,0,9643,"[754, 414, 9, 9]",5,9990,9643.png,626,1622,12,Cấm còn lại
960,0,9644,"[1508, 316, 30, 32]",5,7312,9644.png,626,1622,22,Cấm còn lại
182,0,9648,"[678, 331, 14, 13]",5,7318,9648.png,626,1622,19,Cấm còn lại
650,0,9654,"[826, 226, 26, 25]",5,7320,9654.png,626,1622,33,Cấm còn lại
552,0,9654,"[827, 227, 23, 24]",5,9012,9654.png,626,1622,33,Cấm còn lại
600,0,9654,"[826, 226, 25, 24]",5,10268,9654.png,626,1622,33,Cấm còn lại
240,0,9685,"[651, 280, 16, 15]",5,7336,9685.png,626,1622,34,Cấm còn lại
256,0,9685,"[651, 280, 16, 16]",5,7648,9685.png,626,1622,34,Cấm còn lại
81,0,9685,"[584, 287, 9, 9]",5,7649,9685.png,626,1622,34,Cấm còn lại
225,0,9685,"[652, 280, 15, 15]",5,9913,9685.png,626,1622,34,Cấm còn lại
1368,0,9705,"[1154, 279, 38, 36]",5,7344,9705.png,626,1622,19,Cấm còn lại
1365,0,9705,"[1101, 288, 39, 35]",5,7345,9705.png,626,1622,19,Cấm còn lại
64,0,9738,"[533, 428, 8, 8]",5,9103,9738.png,626,1622,28,Cấm còn lại
72,0,9744,"[675, 351, 9, 8]",5,7376,9744.png,626,1622,36,Cấm còn lại
1680,0,9750,"[849, 88, 40, 42]",5,7381,9750.png,626,1622,51,Cấm còn lại
1720,0,9750,"[849, 86, 40, 43]",5,8800,9750.png,626,1622,51,Cấm còn lại
1980,0,9750,"[848, 85, 44, 45]",5,9608,9750.png,626,1622,51,Cấm còn lại
64,0,9769,"[760, 273, 8, 8]",5,7389,9769.png,626,1622,32,Cấm còn lại
132,0,9775,"[975, 162, 11, 12]",5,7391,9775.png,626,1622,49,Cấm còn lại
132,0,9775,"[983, 145, 11, 12]",5,7392,9775.png,626,1622,49,Cấm còn lại
132,0,9775,"[976, 134, 12, 11]",5,7393,9775.png,626,1622,49,Cấm còn lại
156,0,9775,"[969, 145, 12, 13]",5,7394,9775.png,626,1622,49,Cấm còn lại
40,0,9775,"[761, 190, 5, 8]",5,7396,9775.png,626,1622,49,Cấm còn lại
48,0,9775,"[761, 189, 6, 8]",5,10385,9775.png,626,1622,49,Cấm còn lại
144,0,9775,"[975, 162, 12, 12]",5,10387,9775.png,626,1622,49,Cấm còn lại
121,0,9775,"[983, 145, 11, 11]",5,10388,9775.png,626,1622,49,Cấm còn lại
144,0,9775,"[968, 146, 12, 12]",5,10389,9775.png,626,1622,49,Cấm còn lại
132,0,9775,"[977, 134, 11, 12]",5,10390,9775.png,626,1622,49,Cấm còn lại
754,0,9807,"[1177, 195, 29, 26]",5,7413,9807.png,626,1622,45,Cấm còn lại
783,0,9807,"[1177, 195, 29, 27]",5,8322,9807.png,626,1622,45,Cấm còn lại
575,0,9807,"[1179, 198, 25, 23]",5,9976,9807.png,626,1622,45,Cấm còn lại
64,0,9836,"[725, 314, 8, 8]",5,7435,9836.png,626,1622,22,Cấm còn lại
90,0,9836,"[724, 313, 10, 9]",5,9551,9836.png,626,1622,22,Cấm còn lại
56,0,9836,"[726, 314, 7, 8]",5,10174,9836.png,626,1622,22,Cấm còn lại
100,0,9868,"[1056, 241, 10, 10]",5,7454,9868.png,626,1622,33,Cấm còn lại
100,0,9868,"[1055, 241, 10, 10]",5,8113,9868.png,626,1622,33,Cấm còn lại
80,0,9868,"[1056, 242, 10, 8]",5,8672,9868.png,626,1622,33,Cấm còn lại
2438,0,9877,"[519, 241, 53, 46]",5,7464,9877.png,626,1622,36,Cấm còn lại
64,0,9877,"[620, 423, 8, 8]",5,7466,9877.png,626,1622,36,Cấm còn lại
2392,0,9877,"[520, 240, 52, 46]",5,9920,9877.png,626,1622,36,Cấm còn lại
56,0,9877,"[620, 423, 8, 7]",5,9921,9877.png,626,1622,36,Cấm còn lại
2491,0,9877,"[520, 239, 53, 47]",5,10376,9877.png,626,1622,36,Cấm còn lại
64,0,9877,"[620, 423, 8, 8]",5,10378,9877.png,626,1622,36,Cấm còn lại
12528,0,9877,"[1274, 3, 232, 54]",5,10379,9877.png,626,1622,36,Cấm còn lại
156,0,9884,"[830, 209, 13, 12]",5,7473,9884.png,626,1622,32,Cấm còn lại
156,0,9884,"[830, 210, 13, 12]",5,9073,9884.png,626,1622,32,Cấm còn lại
132,0,9884,"[831, 210, 11, 12]",5,10015,9884.png,626,1622,32,Cấm còn lại
380,0,9890,"[1115, 274, 20, 19]",5,7476,9890.png,626,1622,30,Cấm còn lại
380,0,9924,"[820, 330, 20, 19]",5,7495,9924.png,626,1622,5,Cấm còn lại
624,0,9954,"[966, 310, 16, 39]",5,7520,9954.png,626,1622,51,Cấm còn lại
624,0,9954,"[966, 310, 16, 39]",5,9084,9954.png,626,1622,51,Cấm còn lại
196,0,9955,"[1030, 393, 14, 14]",5,7521,9955.png,626,1622,47,Cấm còn lại
182,0,9955,"[1030, 393, 14, 13]",5,7818,9955.png,626,1622,47,Cấm còn lại
144,0,9955,"[1031, 394, 12, 12]",5,8302,9955.png,626,1622,47,Cấm còn lại
594,0,9960,"[287, 219, 27, 22]",5,7526,9960.png,626,1622,36,Cấm còn lại
572,0,9960,"[288, 218, 26, 22]",5,9737,9960.png,626,1622,36,Cấm còn lại
616,0,9984,"[204, 399, 28, 22]",5,7542,9984.png,626,1622,12,Cấm còn lại
546,0,9984,"[205, 400, 26, 21]",5,9643,9984.png,626,1622,12,Cấm còn lại
182,0,9986,"[755, 352, 14, 13]",5,7549,9986.png,626,1622,22,Cấm còn lại
42,0,10014,"[789, 208, 7, 6]",5,7579,10014.png,626,1622,7,Cấm còn lại
42,0,10014,"[789, 207, 6, 7]",5,10237,10014.png,626,1622,7,Cấm còn lại
130,0,10029,"[500, 435, 10, 13]",5,7592,10029.png,626,1622,12,Cấm còn lại
108,0,10029,"[500, 436, 9, 12]",5,8057,10029.png,626,1622,12,Cấm còn lại
108,0,10029,"[501, 436, 9, 12]",5,8692,10029.png,626,1622,12,Cấm còn lại
306,0,10035,"[778, 416, 17, 18]",5,7600,10035.png,626,1622,47,Cấm còn lại
361,0,10035,"[777, 415, 19, 19]",5,8354,10035.png,626,1622,47,Cấm còn lại
272,0,10035,"[778, 417, 16, 17]",5,10100,10035.png,626,1622,47,Cấm còn lại
272,0,10035,"[778, 417, 16, 17]",5,10283,10035.png,626,1622,47,Cấm còn lại
360,0,10039,"[838, 258, 20, 18]",5,7603,10039.png,626,1622,32,Cấm còn lại
360,0,10039,"[839, 258, 20, 18]",5,9353,10039.png,626,1622,32,Cấm còn lại
324,0,10039,"[839, 258, 18, 18]",5,9785,10039.png,626,1622,32,Cấm còn lại
1368,0,10040,"[696, 182, 36, 38]",5,7605,10040.png,626,1622,18,Cấm còn lại
225,0,10057,"[932, 299, 15, 15]",5,7621,10057.png,626,1622,30,Cấm còn lại
289,0,10058,"[970, 272, 17, 17]",5,7622,10058.png,626,1622,37,Cấm còn lại
480,0,10068,"[738, 9, 16, 30]",5,7634,10068.png,626,1622,49,Cấm còn lại
42,0,10068,"[508, 160, 6, 7]",5,7635,10068.png,626,1622,49,Cấm còn lại
25,0,10068,"[1021, 199, 5, 5]",5,7637,10068.png,626,1622,49,Cấm còn lại
20,0,10068,"[1021, 199, 4, 5]",5,8048,10068.png,626,1622,49,Cấm còn lại
49,0,10068,"[507, 160, 7, 7]",5,8050,10068.png,626,1622,49,Cấm còn lại
480,0,10068,"[738, 10, 16, 30]",5,8051,10068.png,626,1622,49,Cấm còn lại
81,0,10076,"[962, 385, 9, 9]",5,7650,10076.png,626,1622,28,Cấm còn lại
81,0,10076,"[1000, 384, 9, 9]",5,7651,10076.png,626,1622,28,Cấm còn lại
81,0,10076,"[962, 385, 9, 9]",5,10542,10076.png,626,1622,28,Cấm còn lại
81,0,10076,"[1000, 384, 9, 9]",5,10543,10076.png,626,1622,28,Cấm còn lại
112,0,10127,"[1086, 312, 8, 14]",5,7695,10127.png,626,1622,33,Cấm còn lại
112,0,10127,"[1087, 312, 8, 14]",5,10248,10127.png,626,1622,33,Cấm còn lại
90,0,10144,"[602, 278, 9, 10]",5,9823,10144.png,626,1622,1,Cấm còn lại
100,0,10144,"[621, 279, 10, 10]",5,9824,10144.png,626,1622,1,Cấm còn lại
1085,0,10146,"[486, 399, 35, 31]",5,7717,10146.png,626,1622,19,Cấm còn lại
1638,0,10154,"[605, 0, 42, 39]",5,7725,10154.png,626,1622,36,Cấm còn lại
432,0,10160,"[1558, 337, 24, 18]",5,7732,10160.png,626,1622,23,Cấm còn lại
850,0,10164,"[174, 525, 34, 25]",5,7735,10164.png,626,1622,28,Cấm còn lại
792,0,10164,"[174, 525, 33, 24]",5,9554,10164.png,626,1622,28,Cấm còn lại
63,0,10181,"[239, 396, 9, 7]",5,7765,10181.png,626,1622,12,Cấm còn lại
2842,0,10183,"[572, 176, 49, 58]",5,7770,10183.png,626,1622,22,Cấm còn lại
2679,0,10183,"[574, 177, 47, 57]",5,9759,10183.png,626,1622,22,Cấm còn lại
2800,0,10183,"[572, 178, 50, 56]",5,10295,10183.png,626,1622,22,Cấm còn lại
240,0,10196,"[684, 280, 15, 16]",5,7787,10196.png,626,1622,34,Cấm còn lại
240,0,10196,"[683, 280, 15, 16]",5,8967,10196.png,626,1622,34,Cấm còn lại
225,0,10219,"[605, 210, 15, 15]",5,7812,10219.png,626,1622,5,Cấm còn lại
289,0,10219,"[604, 209, 17, 17]",5,7985,10219.png,626,1622,5,Cấm còn lại
132,0,10242,"[720, 436, 11, 12]",5,7833,10242.png,626,1622,28,Cấm còn lại
468,0,10273,"[1521, 372, 26, 18]",5,7857,10273.png,626,1622,19,Cấm còn lại
504,0,10273,"[1554, 369, 28, 18]",5,7858,10273.png,626,1622,19,Cấm còn lại
540,0,10273,"[1521, 370, 27, 20]",5,9592,10273.png,626,1622,19,Cấm còn lại
567,0,10273,"[1555, 367, 27, 21]",5,9593,10273.png,626,1622,19,Cấm còn lại
600,0,10278,"[860, 140, 24, 25]",5,7869,10278.png,626,1622,7,Cấm còn lại
650,0,10278,"[860, 139, 25, 26]",5,10176,10278.png,626,1622,7,Cấm còn lại
399,0,10292,"[741, 284, 19, 21]",5,7890,10292.png,626,1622,30,Cấm còn lại
399,0,10292,"[740, 283, 19, 21]",5,8500,10292.png,626,1622,30,Cấm còn lại
399,0,10292,"[740, 284, 19, 21]",5,8578,10292.png,626,1622,30,Cấm còn lại
1980,0,10296,"[942, 223, 44, 45]",5,7895,10296.png,626,1622,30,Cấm còn lại
1681,0,10296,"[943, 225, 41, 41]",5,8660,10296.png,626,1622,30,Cấm còn lại
195,0,10298,"[606, 229, 15, 13]",5,7896,10298.png,626,1622,18,Cấm còn lại
195,0,10298,"[606, 229, 15, 13]",5,10181,10298.png,626,1622,18,Cấm còn lại
100,0,10362,"[561, 285, 10, 10]",5,7946,10362.png,626,1622,34,Cấm còn lại
100,0,10362,"[561, 285, 10, 10]",5,10514,10362.png,626,1622,34,Cấm còn lại
255,0,10376,"[572, 320, 17, 15]",5,10604,10376.png,626,1622,34,Cấm còn lại
154,0,10406,"[425, 433, 11, 14]",5,8003,10406.png,626,1622,12,Cấm còn lại
140,0,10406,"[425, 433, 10, 14]",5,8848,10406.png,626,1622,12,Cấm còn lại
400,0,10407,"[704, 170, 20, 20]",5,8004,10407.png,626,1622,52,Cấm còn lại
1190,0,10407,"[349, 182, 35, 34]",5,8005,10407.png,626,1622,52,Cấm còn lại
121,0,10409,"[626, 320, 11, 11]",5,8008,10409.png,626,1622,19,Cấm còn lại
728,0,10424,"[699, 117, 26, 28]",5,8017,10424.png,626,1622,33,Cấm còn lại
702,0,10424,"[699, 118, 26, 27]",5,9231,10424.png,626,1622,33,Cấm còn lại
702,0,10424,"[699, 118, 26, 27]",5,9636,10424.png,626,1622,33,Cấm còn lại
728,0,10424,"[699, 117, 26, 28]",5,10554,10424.png,626,1622,33,Cấm còn lại
64,0,10460,"[493, 358, 8, 8]",5,8062,10460.png,626,1622,53,Cấm còn lại
30,0,10460,"[693, 343, 6, 5]",5,8066,10460.png,626,1622,53,Cấm còn lại
36,0,10460,"[702, 342, 6, 6]",5,8067,10460.png,626,1622,53,Cấm còn lại
36,0,10460,"[710, 342, 6, 6]",5,8068,10460.png,626,1622,53,Cấm còn lại
42,0,10487,"[676, 419, 7, 6]",5,8096,10487.png,626,1622,33,Cấm còn lại
49,0,10487,"[676, 419, 7, 7]",5,8870,10487.png,626,1622,33,Cấm còn lại
36,0,10487,"[677, 419, 6, 6]",5,9068,10487.png,626,1622,33,Cấm còn lại
42,0,10487,"[677, 419, 6, 7]",5,10004,10487.png,626,1622,33,Cấm còn lại
256,0,10503,"[552, 277, 16, 16]",5,8112,10503.png,626,1622,22,Cấm còn lại
216,0,10519,"[1517, 39, 18, 12]",5,8135,10519.png,626,1622,28,Cấm còn lại
216,0,10519,"[1512, 53, 18, 12]",5,8136,10519.png,626,1622,28,Cấm còn lại
198,0,10519,"[1533, 52, 18, 11]",5,8137,10519.png,626,1622,28,Cấm còn lại
228,0,10519,"[1537, 37, 19, 12]",5,8138,10519.png,626,1622,28,Cấm còn lại
209,0,10519,"[1557, 37, 19, 11]",5,8139,10519.png,626,1622,28,Cấm còn lại
228,0,10519,"[1580, 35, 19, 12]",5,8140,10519.png,626,1622,28,Cấm còn lại
216,0,10519,"[1575, 50, 18, 12]",5,8141,10519.png,626,1622,28,Cấm còn lại
216,0,10519,"[1553, 51, 18, 12]",5,8142,10519.png,626,1622,28,Cấm còn lại
216,0,10519,"[1574, 50, 18, 12]",5,8757,10519.png,626,1622,28,Cấm còn lại
216,0,10519,"[1579, 35, 18, 12]",5,8758,10519.png,626,1622,28,Cấm còn lại
228,0,10519,"[1557, 36, 19, 12]",5,8759,10519.png,626,1622,28,Cấm còn lại
204,0,10519,"[1538, 37, 17, 12]",5,8760,10519.png,626,1622,28,Cấm còn lại
204,0,10519,"[1517, 39, 17, 12]",5,8761,10519.png,626,1622,28,Cấm còn lại
187,0,10519,"[1513, 53, 17, 11]",5,8762,10519.png,626,1622,28,Cấm còn lại
204,0,10519,"[1533, 52, 17, 12]",5,8763,10519.png,626,1622,28,Cấm còn lại
228,0,10519,"[1553, 51, 19, 12]",5,8764,10519.png,626,1622,28,Cấm còn lại
56,0,10523,"[673, 411, 8, 7]",5,8150,10523.png,626,1622,33,Cấm còn lại
81,0,10529,"[666, 546, 9, 9]",5,8159,10529.png,626,1622,29,Cấm còn lại
90,0,10529,"[666, 546, 10, 9]",5,9130,10529.png,626,1622,29,Cấm còn lại
924,0,10538,"[668, 123, 28, 33]",5,8169,10538.png,626,1622,36,Cấm còn lại
837,0,10538,"[669, 124, 27, 31]",5,9769,10538.png,626,1622,36,Cấm còn lại
525,0,10541,"[437, 191, 21, 25]",5,8170,10541.png,626,1622,51,Cấm còn lại
224,0,10550,"[478, 209, 16, 14]",5,8182,10550.png,626,1622,18,Cấm còn lại
272,0,10550,"[478, 207, 17, 16]",5,9891,10550.png,626,1622,18,Cấm còn lại
49,0,10584,"[718, 491, 7, 7]",5,8217,10584.png,626,1622,29,Cấm còn lại
64,0,10584,"[717, 491, 8, 8]",5,8278,10584.png,626,1622,29,Cấm còn lại
1131,0,10675,"[1399, 329, 39, 29]",5,8325,10675.png,626,1622,19,Cấm còn lại
1518,0,10675,"[1444, 319, 46, 33]",5,8326,10675.png,626,1622,19,Cấm còn lại
1200,0,10675,"[1399, 329, 40, 30]",5,8912,10675.png,626,1622,19,Cấm còn lại
1364,0,10675,"[1446, 322, 44, 31]",5,8913,10675.png,626,1622,19,Cấm còn lại
169,0,10718,"[919, 423, 13, 13]",5,8368,10718.png,626,1622,20,Cấm còn lại
144,0,10718,"[913, 409, 12, 12]",5,8369,10718.png,626,1622,20,Cấm còn lại
156,0,10718,"[919, 423, 12, 13]",5,10097,10718.png,626,1622,20,Cấm còn lại
36,0,10721,"[664, 246, 6, 6]",5,8374,10721.png,626,1622,34,Cấm còn lại
20,0,10721,"[680, 257, 5, 4]",5,8375,10721.png,626,1622,34,Cấm còn lại
256,0,10728,"[1177, 394, 16, 16]",5,8388,10728.png,626,1622,12,Cấm còn lại
81,0,10730,"[868, 218, 9, 9]",5,8391,10730.png,626,1622,32,Cấm còn lại
81,0,10730,"[868, 219, 9, 9]",5,10257,10730.png,626,1622,32,Cấm còn lại
182,0,10736,"[545, 250, 13, 14]",5,8396,10736.png,626,1622,20,Cấm còn lại
64,0,10736,"[700, 271, 8, 8]",5,8399,10736.png,626,1622,20,Cấm còn lại
182,0,10736,"[544, 250, 14, 13]",5,10042,10736.png,626,1622,20,Cấm còn lại
64,0,10736,"[700, 271, 8, 8]",5,10046,10736.png,626,1622,20,Cấm còn lại
1404,0,10741,"[333, 111, 36, 39]",5,8410,10741.png,626,1622,36,Cấm còn lại
1295,0,10741,"[478, 121, 35, 37]",5,8411,10741.png,626,1622,36,Cấm còn lại
1080,0,10741,"[610, 129, 30, 36]",5,8412,10741.png,626,1622,36,Cấm còn lại
930,0,10741,"[610, 132, 30, 31]",5,9251,10741.png,626,1622,36,Cấm còn lại
1056,0,10741,"[479, 124, 32, 33]",5,9252,10741.png,626,1622,36,Cấm còn lại
1258,0,10741,"[333, 114, 37, 34]",5,9253,10741.png,626,1622,36,Cấm còn lại
90,0,10751,"[586, 314, 10, 9]",5,8425,10751.png,626,1622,22,Cấm còn lại
5772,0,10794,"[241, 41, 74, 78]",5,8476,10794.png,626,1622,36,Cấm còn lại
6006,0,10794,"[239, 44, 78, 77]",5,8922,10794.png,626,1622,36,Cấm còn lại
756,0,10799,"[636, 281, 27, 28]",5,9172,10799.png,626,1622,22,Cấm còn lại
870,0,10799,"[598, 276, 30, 29]",5,9173,10799.png,626,1622,22,Cấm còn lại
960,0,10799,"[558, 272, 32, 30]",5,9174,10799.png,626,1622,22,Cấm còn lại
20,0,10807,"[687, 424, 4, 5]",5,8497,10807.png,626,1622,33,Cấm còn lại
25,0,10807,"[680, 417, 5, 5]",5,8498,10807.png,626,1622,33,Cấm còn lại
25,0,10807,"[674, 417, 5, 5]",5,8499,10807.png,626,1622,33,Cấm còn lại
252,0,10813,"[183, 442, 18, 14]",5,8582,10813.png,626,1622,12,Cấm còn lại
88,0,10816,"[376, 361, 11, 8]",5,8514,10816.png,626,1622,19,Cấm còn lại
529,0,10821,"[645, 211, 23, 23]",5,8523,10821.png,626,1622,18,Cấm còn lại
576,0,10856,"[777, 238, 24, 24]",5,8552,10856.png,626,1622,30,Cấm còn lại
144,0,10868,"[1068, 408, 12, 12]",5,8564,10868.png,626,1622,36,Cấm còn lại
156,0,10868,"[1049, 408, 13, 12]",5,8565,10868.png,626,1622,36,Cấm còn lại
169,0,10868,"[1050, 408, 13, 13]",5,8794,10868.png,626,1622,36,Cấm còn lại
210,0,10868,"[1068, 407, 14, 15]",5,8795,10868.png,626,1622,36,Cấm còn lại
156,0,10868,"[1049, 408, 13, 12]",5,9546,10868.png,626,1622,36,Cấm còn lại
169,0,10868,"[1068, 407, 13, 13]",5,9547,10868.png,626,1622,36,Cấm còn lại
156,0,10868,"[1050, 409, 13, 12]",5,10342,10868.png,626,1622,36,Cấm còn lại
169,0,10868,"[1068, 407, 13, 13]",5,10343,10868.png,626,1622,36,Cấm còn lại
133,0,10869,"[1078, 260, 7, 19]",5,8566,10869.png,626,1622,28,Cấm còn lại
400,0,10870,"[226, 411, 20, 20]",5,8571,10870.png,626,1622,12,Cấm còn lại
484,0,10870,"[225, 410, 22, 22]",5,9047,10870.png,626,1622,12,Cấm còn lại
182,0,10899,"[651, 233, 14, 13]",5,8609,10899.png,626,1622,36,Cấm còn lại
182,0,10899,"[592, 230, 13, 14]",5,8610,10899.png,626,1622,36,Cấm còn lại
210,0,10899,"[528, 228, 15, 14]",5,8611,10899.png,626,1622,36,Cấm còn lại
256,0,10899,"[528, 227, 16, 16]",5,9435,10899.png,626,1622,36,Cấm còn lại
210,0,10899,"[591, 230, 14, 15]",5,9436,10899.png,626,1622,36,Cấm còn lại
182,0,10899,"[652, 232, 13, 14]",5,9437,10899.png,626,1622,36,Cấm còn lại
210,0,10927,"[471, 225, 15, 14]",5,8642,10927.png,626,1622,34,Cấm còn lại
102,0,10927,"[694, 240, 6, 17]",5,8643,10927.png,626,1622,34,Cấm còn lại
102,0,10927,"[695, 241, 6, 17]",5,10147,10927.png,626,1622,34,Cấm còn lại
210,0,10927,"[471, 225, 15, 14]",5,10149,10927.png,626,1622,34,Cấm còn lại
156,0,10961,"[768, 157, 12, 13]",5,8674,10961.png,626,1622,51,Cấm còn lại
306,0,10962,"[360, 427, 18, 17]",5,8676,10962.png,626,1622,28,Cấm còn lại
342,0,10962,"[360, 426, 19, 18]",5,9112,10962.png,626,1622,28,Cấm còn lại
1650,0,10977,"[1588, 463, 33, 50]",5,8695,10977.png,626,1622,12,Cấm còn lại
182,0,10978,"[693, 297, 14, 13]",5,8697,10978.png,626,1622,34,Cấm còn lại
182,0,10978,"[693, 298, 14, 13]",5,9694,10978.png,626,1622,34,Cấm còn lại
196,0,10978,"[693, 296, 14, 14]",5,10231,10978.png,626,1622,34,Cấm còn lại
550,0,11012,"[512, 231, 25, 22]",5,8733,11012.png,626,1622,22,Cấm còn lại
529,0,11024,"[1169, 417, 23, 23]",5,8749,11024.png,626,1622,28,Cấm còn lại
2106,0,11035,"[101, 265, 54, 39]",5,8767,11035.png,626,1622,52,Cấm còn lại
90,0,11043,"[658, 488, 10, 9]",5,8773,11043.png,626,1622,29,Cấm còn lại
108,0,11058,"[98, 285, 9, 12]",5,8809,11058.png,626,1622,8,Cấm còn lại
104,0,11058,"[99, 284, 8, 13]",5,10310,11058.png,626,1622,8,Cấm còn lại
13020,0,11075,"[293, 1, 105, 124]",5,8827,11075.png,626,1622,22,Cấm còn lại
13020,0,11075,"[293, 1, 105, 124]",5,10164,11075.png,626,1622,22,Cấm còn lại
1353,0,11080,"[1267, 59, 41, 33]",5,8838,11080.png,626,1622,22,Cấm còn lại
1419,0,11080,"[1266, 59, 43, 33]",5,10492,11080.png,626,1622,22,Cấm còn lại
270,0,11088,"[479, 349, 18, 15]",5,8841,11088.png,626,1622,34,Cấm còn lại
270,0,11088,"[480, 349, 18, 15]",5,9309,11088.png,626,1622,34,Cấm còn lại
255,0,11088,"[480, 349, 17, 15]",5,9881,11088.png,626,1622,34,Cấm còn lại
210,0,11096,"[793, 375, 14, 15]",5,8846,11096.png,626,1622,29,Cấm còn lại
462,0,11106,"[464, 187, 22, 21]",5,8859,11106.png,626,1622,18,Cấm còn lại
460,0,11106,"[464, 188, 23, 20]",5,10159,11106.png,626,1622,18,Cấm còn lại
144,0,11120,"[906, 326, 12, 12]",5,8881,11120.png,626,1622,23,Cấm còn lại
648,0,11155,"[551, 377, 24, 27]",5,8933,11155.png,626,1622,36,Cấm còn lại
756,0,11155,"[545, 404, 27, 28]",5,8934,11155.png,626,1622,36,Cấm còn lại
1178,0,11155,"[1216, 393, 38, 31]",5,8936,11155.png,626,1622,36,Cấm còn lại
1147,0,11155,"[1214, 364, 37, 31]",5,8937,11155.png,626,1622,36,Cấm còn lại
1080,0,11155,"[1217, 395, 36, 30]",5,9151,11155.png,626,1622,36,Cấm còn lại
980,0,11155,"[1214, 365, 35, 28]",5,9152,11155.png,626,1622,36,Cấm còn lại
624,0,11155,"[547, 405, 24, 26]",5,9153,11155.png,626,1622,36,Cấm còn lại
550,0,11155,"[551, 378, 22, 25]",5,9154,11155.png,626,1622,36,Cấm còn lại
3600,0,11178,"[622, 100, 60, 60]",5,8969,11178.png,626,1622,22,Cấm còn lại
3844,0,11178,"[690, 94, 62, 62]",5,8970,11178.png,626,1622,22,Cấm còn lại
3720,0,11178,"[691, 94, 60, 62]",5,9780,11178.png,626,1622,22,Cấm còn lại
3596,0,11178,"[622, 100, 58, 62]",5,9781,11178.png,626,1622,22,Cấm còn lại
3480,0,11178,"[623, 102, 58, 60]",5,9856,11178.png,626,1622,22,Cấm còn lại
4030,0,11178,"[690, 92, 62, 65]",5,9857,11178.png,626,1622,22,Cấm còn lại
3660,0,11178,"[689, 94, 60, 61]",5,10538,11178.png,626,1622,22,Cấm còn lại
3363,0,11178,"[623, 102, 57, 59]",5,10539,11178.png,626,1622,22,Cấm còn lại
132,0,11180,"[736, 314, 11, 12]",5,8977,11180.png,626,1622,51,Cấm còn lại
144,0,11230,"[881, 252, 12, 12]",5,9050,11230.png,626,1622,29,Cấm còn lại
132,0,11230,"[882, 252, 11, 12]",5,9685,11230.png,626,1622,29,Cấm còn lại
784,0,11234,"[1011, 190, 28, 28]",5,9059,11234.png,626,1622,34,Cấm còn lại
240,0,11245,"[419, 398, 15, 16]",5,9086,11245.png,626,1622,12,Cấm còn lại
270,0,11285,"[311, 310, 18, 15]",5,9159,11285.png,626,1622,47,Cấm còn lại
238,0,11285,"[311, 310, 17, 14]",5,10317,11285.png,626,1622,47,Cấm còn lại
3933,0,11318,"[209, 373, 69, 57]",5,9196,11318.png,626,1622,53,Cấm còn lại
100,0,11325,"[863, 294, 10, 10]",5,9203,11325.png,626,1622,36,Cấm còn lại
90,0,11325,"[863, 294, 10, 9]",5,9556,11325.png,626,1622,36,Cấm còn lại
702,0,11326,"[1060, 220, 26, 27]",5,9208,11326.png,626,1622,33,Cấm còn lại
182,0,11332,"[650, 316, 13, 14]",5,9211,11332.png,626,1622,36,Cấm còn lại
418,0,11379,"[710, 325, 11, 38]",5,9284,11379.png,626,1622,22,Cấm còn lại
555,0,11379,"[710, 325, 15, 37]",5,10027,11379.png,626,1622,22,Cấm còn lại
2860,0,11419,"[852, 419, 52, 55]",5,9341,11419.png,626,1622,28,Cấm còn lại
256,0,11425,"[1262, 238, 16, 16]",5,9369,11425.png,626,1622,36,Cấm còn lại
90,0,11425,"[1038, 251, 9, 10]",5,9371,11425.png,626,1622,36,Cấm còn lại
100,0,11425,"[1037, 240, 10, 10]",5,9372,11425.png,626,1622,36,Cấm còn lại
121,0,11427,"[478, 476, 11, 11]",5,9375,11427.png,626,1622,29,Cấm còn lại
49,0,11441,"[803, 474, 7, 7]",5,9405,11441.png,626,1622,33,Cấm còn lại
42,0,11441,"[804, 474, 6, 7]",5,9908,11441.png,626,1622,33,Cấm còn lại
380,0,11463,"[808, 278, 19, 20]",5,9440,11463.png,626,1622,22,Cấm còn lại
361,0,11463,"[831, 277, 19, 19]",5,9441,11463.png,626,1622,22,Cấm còn lại
361,0,11463,"[808, 278, 19, 19]",5,10411,11463.png,626,1622,22,Cấm còn lại
380,0,11463,"[830, 277, 20, 19]",5,10412,11463.png,626,1622,22,Cấm còn lại
121,0,11465,"[620, 426, 11, 11]",5,9452,11465.png,626,1622,28,Cấm còn lại
121,0,11470,"[846, 364, 11, 11]",5,9467,11470.png,626,1622,53,Cấm còn lại
240,0,11472,"[618, 225, 16, 15]",5,9479,11472.png,626,1622,18,Cấm còn lại
270,0,11483,"[338, 436, 18, 15]",5,9488,11483.png,626,1622,28,Cấm còn lại
221,0,11483,"[339, 438, 17, 13]",5,10638,11483.png,626,1622,28,Cấm còn lại
45024,0,11491,"[227, 120, 224, 201]",5,9505,11491.png,626,1622,36,Cấm còn lại
819,0,11572,"[980, 299, 21, 39]",5,9640,11572.png,626,1622,15,Cấm còn lại
210,0,11582,"[615, 443, 15, 14]",5,9661,11582.png,626,1622,19,Cấm còn lại
210,0,11582,"[615, 443, 15, 14]",5,10118,11582.png,626,1622,19,Cấm còn lại
147,0,11582,"[894, 450, 7, 21]",5,10119,11582.png,626,1622,19,Cấm còn lại
437,0,11661,"[94, 413, 23, 19]",5,9802,11661.png,626,1622,12,Cấm còn lại
144,0,11711,"[904, 326, 12, 12]",5,9888,11711.png,626,1622,36,Cấm còn lại
132,0,11711,"[905, 327, 11, 12]",5,10240,11711.png,626,1622,36,Cấm còn lại
3528,0,11757,"[486, 163, 56, 63]",5,10001,11757.png,626,1622,22,Cấm còn lại
156,0,11758,"[855, 242, 12, 13]",5,10007,11758.png,626,1622,33,Cấm còn lại
1650,0,11758,"[1292, 189, 30, 55]",5,10008,11758.png,626,1622,33,Cấm còn lại
240,0,11768,"[619, 268, 12, 20]",5,10017,11768.png,626,1622,22,Cấm còn lại
220,0,11768,"[619, 269, 11, 20]",5,10318,11768.png,626,1622,22,Cấm còn lại
336,0,11768,"[618, 265, 14, 24]",5,10555,11768.png,626,1622,22,Cấm còn lại
504,0,11769,"[1199, 88, 24, 21]",5,10020,11769.png,626,1622,22,Cấm còn lại
650,0,11790,"[582, 297, 26, 25]",5,10074,11790.png,626,1622,22,Cấm còn lại
144,0,11791,"[523, 289, 12, 12]",5,10079,11791.png,626,1622,34,Cấm còn lại
112,0,11791,"[681, 268, 7, 16]",5,10080,11791.png,626,1622,34,Cấm còn lại
140,0,11829,"[688, 236, 10, 14]",5,10162,11829.png,626,1622,52,Cấm còn lại
210,0,11841,"[827, 50, 14, 15]",5,10197,11841.png,626,1622,22,Cấm còn lại
100,0,11881,"[595, 236, 10, 10]",5,10306,11881.png,626,1622,18,Cấm còn lại
24,0,11886,"[677, 220, 4, 6]",5,10325,11886.png,626,1622,47,Cấm còn lại
350,0,11889,"[1294, 197, 14, 25]",5,10331,11889.png,626,1622,49,Cấm còn lại
729,0,11908,"[767, 63, 27, 27]",5,10356,11908.png,626,1622,22,Cấm còn lại
81,0,11908,"[816, 82, 9, 9]",5,10357,11908.png,626,1622,22,Cấm còn lại
576,0,11918,"[763, 229, 24, 24]",5,10380,11918.png,626,1622,45,Cấm còn lại
3306,0,11920,"[927, 408, 57, 58]",5,10395,11920.png,626,1622,28,Cấm còn lại
169,0,11928,"[990, 359, 13, 13]",5,10418,11928.png,626,1622,28,Cấm còn lại
144,0,11928,"[933, 361, 12, 12]",5,10419,11928.png,626,1622,28,Cấm còn lại
1292,0,11931,"[808, 414, 34, 38]",5,10429,11931.png,626,1622,28,Cấm còn lại
144,0,11955,"[1033, 258, 12, 12]",5,10494,11955.png,626,1622,29,Cấm còn lại
483,0,12018,"[535, 274, 23, 21]",5,10627,12018.png,626,1622,34,Cấm còn lại
182,0,12019,"[528, 257, 14, 13]",5,10629,12019.png,626,1622,19,Cấm còn lại
42,0,12019,"[623, 295, 6, 7]",5,10632,12019.png,626,1622,19,Cấm còn lại
1155,0,12025,"[1252, 146, 35, 33]",5,10649,12025.png,626,1622,49,Cấm còn lại
2695,0,12028,"[60, 96, 49, 55]",5,10651,12028.png,626,1622,51,Cấm còn lại
342,0,12036,"[1159, 287, 19, 18]",5,10662,12036.png,626,1622,45,Cấm còn lại
440,0,12043,"[744, 284, 20, 22]",5,10670,12043.png,626,1622,49,Cấm còn lại
325,0,12047,"[1050, 223, 13, 25]",5,10673,12047.png,626,1622,51,Cấm còn lại
1248,0,12053,"[1169, 151, 39, 32]",5,10675,12053.png,626,1622,45,Cấm còn lại
529,0,12063,"[1279, 338, 23, 23]",5,10678,12063.png,626,1622,53,Cấm còn lại
2025,0,12077,"[731, 177, 45, 45]",5,10691,12077.png,626,1622,49,Cấm còn lại
1786,0,12090,"[184, 292, 47, 38]",5,10698,12090.png,626,1622,45,Cấm còn lại
180,0,12141,"[242, 273, 15, 12]",5,10717,12141.png,626,1622,49,Cấm còn lại
396,0,12149,"[831, 291, 18, 22]",5,10719,12149.png,626,1622,45,Cấm còn lại
462,0,12154,"[1088, 600, 22, 21]",5,10728,12154.png,626,1622,53,Cấm còn lại
225,0,12174,"[817, 261, 15, 15]",5,10739,12174.png,626,1622,51,Cấm còn lại
144,0,12180,"[625, 289, 12, 12]",5,10743,12180.png,626,1622,53,Cấm còn lại
169,0,12199,"[812, 325, 13, 13]",5,10754,12199.png,626,1622,49,Cấm còn lại
156,0,12199,"[828, 326, 12, 13]",5,10755,12199.png,626,1622,49,Cấm còn lại
81,0,12199,"[817, 371, 9, 9]",5,10756,12199.png,626,1622,49,Cấm còn lại
169,0,12214,"[947, 295, 13, 13]",5,10779,12214.png,626,1622,45,Cấm còn lại
783,0,12232,"[984, 284, 29, 27]",5,10792,12232.png,626,1622,45,Cấm còn lại
1080,0,12246,"[1043, 272, 24, 45]",5,10794,12246.png,626,1622,51,Cấm còn lại
1122,0,12261,"[889, 79, 33, 34]",5,10802,12261.png,626,1622,49,Cấm còn lại
1224,0,12261,"[871, 35, 34, 36]",5,10803,12261.png,626,1622,49,Cấm còn lại
1295,0,12261,"[908, 32, 37, 35]",5,10804,12261.png,626,1622,49,Cấm còn lại
1295,0,12261,"[889, 0, 37, 35]",5,10805,12261.png,626,1622,49,Cấm còn lại
224,0,12261,"[533, 168, 14, 16]",5,10806,12261.png,626,1622,49,Cấm còn lại
100,0,12262,"[777, 185, 10, 10]",5,10808,12262.png,626,1622,51,Cấm còn lại
9184,0,12267,"[1445, 0, 164, 56]",5,10817,12267.png,626,1622,51,Cấm còn lại
4032,0,12267,"[943, 61, 63, 64]",5,10818,12267.png,626,1622,51,Cấm còn lại
324,0,12293,"[817, 299, 18, 18]",5,10838,12293.png,626,1622,49,Cấm còn lại
120,0,12310,"[629, 251, 12, 10]",5,10849,12310.png,626,1622,45,Cấm còn lại
14148,0,12332,"[1391, 1, 108, 131]",5,10866,12332.png,626,1622,49,Cấm còn lại
56,0,12332,"[676, 286, 8, 7]",5,10867,12332.png,626,1622,49,Cấm còn lại
1225,0,12337,"[818, 235, 35, 35]",5,10870,12337.png,626,1622,51,Cấm còn lại
396,0,12342,"[321, 196, 22, 18]",5,10873,12342.png,626,1622,49,Cấm còn lại
702,0,12372,"[773, 246, 27, 26]",5,10879,12372.png,626,1622,49,Cấm còn lại
868,0,12387,"[644, 241, 28, 31]",5,10885,12387.png,626,1622,49,Cấm còn lại
3162,0,12389,"[1491, 318, 62, 51]",5,10898,12389.png,626,1622,53,Cấm còn lại
2478,0,12393,"[124, 182, 59, 42]",5,10900,12393.png,626,1622,45,Cấm còn lại
432,0,12400,"[438, 178, 16, 27]",5,10902,12400.png,626,1622,51,Cấm còn lại
4680,0,12405,"[1166, 134, 72, 65]",5,10906,12405.png,626,1622,45,Cấm còn lại
180,0,12412,"[854, 212, 12, 15]",5,10909,12412.png,626,1622,45,Cấm còn lại
81,0,12434,"[524, 310, 9, 9]",5,10944,12434.png,626,1622,53,Cấm còn lại
780,0,12442,"[1213, 340, 26, 30]",5,10961,12442.png,626,1622,53,Cấm còn lại
144,0,12444,"[1079, 184, 12, 12]",5,10963,12444.png,626,1622,49,Cấm còn lại
2958,0,12474,"[425, 110, 51, 58]",5,10979,12474.png,626,1622,49,Cấm còn lại
190,0,12476,"[942, 218, 10, 19]",5,10982,12476.png,626,1622,51,Cấm còn lại
200,0,12476,"[942, 217, 10, 20]",5,10993,12476.png,626,1622,51,Cấm còn lại
3481,0,33,"[400, 361, 59, 59]",4,20,33.png,626,1622,12,Giới hạn tốc độ
90,0,40,"[1094, 415, 10, 9]",4,25,40.png,626,1622,12,Giới hạn tốc độ
575,0,59,"[1338, 391, 25, 23]",4,34,59.png,626,1622,12,Giới hạn tốc độ
304,0,98,"[1115, 392, 19, 16]",4,50,98.png,626,1622,12,Giới hạn tốc độ
252,0,107,"[1214, 392, 18, 14]",4,52,107.png,626,1622,12,Giới hạn tốc độ
1287,0,182,"[678, 165, 39, 33]",4,89,182.png,626,1622,13,Giới hạn tốc độ
1073,0,289,"[1229, 389, 37, 29]",4,133,289.png,626,1622,12,Giới hạn tốc độ
1258,0,457,"[826, 131, 37, 34]",4,215,457.png,626,1622,13,Giới hạn tốc độ
1369,0,457,"[865, 125, 37, 37]",4,216,457.png,626,1622,13,Giới hạn tốc độ
784,0,515,"[745, 389, 28, 28]",4,242,515.png,626,1622,12,Giới hạn tốc độ
600,0,517,"[1256, 386, 30, 20]",4,245,517.png,626,1622,12,Giới hạn tốc độ
315,0,529,"[970, 390, 21, 15]",4,254,529.png,626,1622,12,Giới hạn tốc độ
700,0,547,"[1247, 398, 28, 25]",4,256,547.png,626,1622,12,Giới hạn tốc độ
3348,0,553,"[1417, 378, 62, 54]",4,258,553.png,626,1622,12,Giới hạn tốc độ
1064,0,568,"[1328, 378, 38, 28]",4,268,568.png,626,1622,12,Giới hạn tốc độ
380,0,598,"[613, 255, 20, 19]",4,282,598.png,626,1622,1,Giới hạn tốc độ
121,0,598,"[678, 322, 11, 11]",4,283,598.png,626,1622,1,Giới hạn tốc độ
1131,0,627,"[54, 399, 39, 29]",4,298,627.png,626,1622,12,Giới hạn tốc độ
1369,0,634,"[735, 269, 37, 37]",4,304,634.png,626,1622,1,Giới hạn tốc độ
775,0,693,"[1310, 371, 31, 25]",4,319,693.png,626,1622,12,Giới hạn tốc độ
529,0,707,"[1207, 387, 23, 23]",4,327,707.png,626,1622,12,Giới hạn tốc độ
156,0,738,"[691, 395, 12, 13]",4,343,738.png,626,1622,12,Giới hạn tốc độ
3300,0,753,"[483, 66, 60, 55]",4,349,753.png,626,1622,1,Giới hạn tốc độ
3498,0,800,"[529, 93, 66, 53]",4,370,800.png,626,1622,1,Giới hạn tốc độ
224,0,800,"[690, 313, 14, 16]",4,371,800.png,626,1622,1,Giới hạn tốc độ
1833,0,804,"[1321, 387, 47, 39]",4,373,804.png,626,1622,12,Giới hạn tốc độ
441,0,811,"[1167, 402, 21, 21]",4,381,811.png,626,1622,12,Giới hạn tốc độ
1872,0,836,"[1436, 369, 48, 39]",4,395,836.png,626,1622,12,Giới hạn tốc độ
1365,0,912,"[1181, 371, 39, 35]",4,430,912.png,626,1622,12,Giới hạn tốc độ
2538,0,930,"[1487, 364, 54, 47]",4,442,930.png,626,1622,12,Giới hạn tốc độ
270,0,932,"[1080, 409, 18, 15]",4,444,932.png,626,1622,12,Giới hạn tốc độ
1080,0,996,"[1289, 389, 36, 30]",4,468,996.png,626,1622,12,Giới hạn tốc độ
5548,0,1031,"[606, 31, 76, 73]",4,490,1031.png,626,1622,19,Giới hạn tốc độ
5494,0,1031,"[995, 21, 82, 67]",4,491,1031.png,626,1622,19,Giới hạn tốc độ
625,0,1042,"[554, 408, 25, 25]",4,506,1042.png,626,1622,19,Giới hạn tốc độ
1760,0,1094,"[287, 248, 44, 40]",4,533,1094.png,626,1622,19,Giới hạn tốc độ
1722,0,1094,"[440, 254, 41, 42]",4,534,1094.png,626,1622,19,Giới hạn tốc độ
1521,0,1094,"[489, 255, 39, 39]",4,535,1094.png,626,1622,19,Giới hạn tốc độ
2112,0,1094,"[352, 347, 44, 48]",4,536,1094.png,626,1622,19,Giới hạn tốc độ
506,0,1113,"[913, 380, 22, 23]",4,543,1113.png,626,1622,20,Giới hạn tốc độ
272,0,1167,"[654, 456, 17, 16]",4,581,1167.png,626,1622,19,Giới hạn tốc độ
132,0,1167,"[635, 427, 12, 11]",4,582,1167.png,626,1622,19,Giới hạn tốc độ
110,0,1167,"[680, 427, 11, 10]",4,583,1167.png,626,1622,19,Giới hạn tốc độ
132,0,1167,"[694, 426, 11, 12]",4,584,1167.png,626,1622,19,Giới hạn tốc độ
11554,0,1193,"[1145, 229, 106, 109]",4,597,1193.png,626,1622,20,Giới hạn tốc độ
64,0,1204,"[450, 373, 8, 8]",4,601,1204.png,626,1622,19,Giới hạn tốc độ
80,0,1204,"[438, 374, 10, 8]",4,602,1204.png,626,1622,19,Giới hạn tốc độ
323,0,1204,"[388, 379, 19, 17]",4,603,1204.png,626,1622,19,Giới hạn tốc độ
64,0,1204,"[404, 374, 8, 8]",4,604,1204.png,626,1622,19,Giới hạn tốc độ
120,0,1204,"[419, 395, 12, 10]",4,605,1204.png,626,1622,19,Giới hạn tốc độ
399,0,1232,"[758, 284, 21, 19]",4,610,1232.png,626,1622,20,Giới hạn tốc độ
288,0,1250,"[541, 291, 18, 16]",4,618,1250.png,626,1622,22,Giới hạn tốc độ
272,0,1250,"[624, 295, 16, 17]",4,619,1250.png,626,1622,22,Giới hạn tốc độ
90,0,1250,"[726, 293, 9, 10]",4,620,1250.png,626,1622,22,Giới hạn tốc độ
196,0,1290,"[1166, 202, 14, 14]",4,633,1290.png,626,1622,19,Giới hạn tốc độ
169,0,1290,"[1185, 202, 13, 13]",4,634,1290.png,626,1622,19,Giới hạn tốc độ
156,0,1290,"[1205, 201, 12, 13]",4,635,1290.png,626,1622,19,Giới hạn tốc độ
780,0,1294,"[1271, 277, 30, 26]",4,637,1294.png,626,1622,23,Giới hạn tốc độ
484,0,1308,"[734, 359, 22, 22]",4,652,1308.png,626,1622,19,Giới hạn tốc độ
552,0,1308,"[845, 357, 23, 24]",4,653,1308.png,626,1622,19,Giới hạn tốc độ
272,0,1308,"[981, 341, 17, 16]",4,654,1308.png,626,1622,19,Giới hạn tốc độ
304,0,1308,"[1113, 337, 19, 16]",4,655,1308.png,626,1622,19,Giới hạn tốc độ
342,0,1308,"[1183, 336, 19, 18]",4,656,1308.png,626,1622,19,Giới hạn tốc độ
1645,0,1343,"[285, 305, 47, 35]",4,668,1343.png,626,1622,19,Giới hạn tốc độ
221,0,1343,"[371, 319, 17, 13]",4,669,1343.png,626,1622,19,Giới hạn tốc độ
156,0,1343,"[428, 319, 13, 12]",4,670,1343.png,626,1622,19,Giới hạn tốc độ
156,0,1343,"[445, 318, 13, 12]",4,671,1343.png,626,1622,19,Giới hạn tốc độ
306,0,1343,"[398, 352, 18, 17]",4,672,1343.png,626,1622,19,Giới hạn tốc độ
204,0,1398,"[526, 260, 17, 12]",4,684,1398.png,626,1622,20,Giới hạn tốc độ
360,0,1398,"[535, 214, 18, 20]",4,685,1398.png,626,1622,20,Giới hạn tốc độ
210,0,1457,"[761, 251, 14, 15]",4,712,1457.png,626,1622,22,Giới hạn tốc độ
441,0,1457,"[613, 257, 21, 21]",4,713,1457.png,626,1622,22,Giới hạn tốc độ
621,0,1457,"[486, 246, 27, 23]",4,714,1457.png,626,1622,22,Giới hạn tốc độ
100,0,1471,"[724, 296, 10, 10]",4,717,1471.png,626,1622,20,Giới hạn tốc độ
132,0,1494,"[704, 419, 11, 12]",4,731,1494.png,626,1622,19,Giới hạn tốc độ
144,0,1494,"[767, 419, 12, 12]",4,732,1494.png,626,1622,19,Giới hạn tốc độ
81,0,1494,"[841, 436, 9, 9]",4,733,1494.png,626,1622,19,Giới hạn tốc độ
72,0,1494,"[949, 437, 9, 8]",4,736,1494.png,626,1622,19,Giới hạn tốc độ
1280,0,1523,"[1275, 411, 40, 32]",4,749,1523.png,626,1622,20,Giới hạn tốc độ
378,0,1523,"[1041, 403, 21, 18]",4,751,1523.png,626,1622,20,Giới hạn tốc độ
252,0,1528,"[1185, 463, 18, 14]",4,755,1528.png,626,1622,20,Giới hạn tốc độ
208,0,1528,"[1160, 422, 16, 13]",4,758,1528.png,626,1622,20,Giới hạn tốc độ
99,0,1528,"[1271, 479, 11, 9]",4,759,1528.png,626,1622,20,Giới hạn tốc độ
272,0,1528,"[1016, 448, 17, 16]",4,760,1528.png,626,1622,20,Giới hạn tốc độ
272,0,1528,"[1007, 406, 17, 16]",4,762,1528.png,626,1622,20,Giới hạn tốc độ
121,0,1578,"[394, 278, 11, 11]",4,783,1578.png,626,1622,19,Giới hạn tốc độ
100,0,1578,"[409, 279, 10, 10]",4,784,1578.png,626,1622,19,Giới hạn tốc độ
100,0,1578,"[424, 280, 10, 10]",4,785,1578.png,626,1622,19,Giới hạn tốc độ
3024,0,1625,"[140, 4, 63, 48]",4,808,1625.png,626,1622,20,Giới hạn tốc độ
1564,0,1627,"[1518, 399, 46, 34]",4,813,1627.png,626,1622,20,Giới hạn tốc độ
360,0,1627,"[1171, 412, 20, 18]",4,816,1627.png,626,1622,20,Giới hạn tốc độ
1330,0,1627,"[1128, 416, 38, 35]",4,817,1627.png,626,1622,20,Giới hạn tốc độ
378,0,1627,"[960, 403, 21, 18]",4,819,1627.png,626,1622,20,Giới hạn tốc độ
168,0,1643,"[417, 335, 14, 12]",4,832,1643.png,626,1622,19,Giới hạn tốc độ
64,0,1643,"[440, 348, 8, 8]",4,833,1643.png,626,1622,19,Giới hạn tốc độ
42,0,1643,"[458, 329, 7, 6]",4,834,1643.png,626,1622,19,Giới hạn tốc độ
42,0,1643,"[467, 329, 7, 6]",4,835,1643.png,626,1622,19,Giới hạn tốc độ
144,0,1661,"[736, 291, 12, 12]",4,844,1661.png,626,1622,20,Giới hạn tốc độ
270,0,1673,"[924, 375, 18, 15]",4,852,1673.png,626,1622,20,Giới hạn tốc độ
2115,0,1673,"[381, 297, 47, 45]",4,853,1673.png,626,1622,20,Giới hạn tốc độ
1258,0,1673,"[468, 243, 37, 34]",4,855,1673.png,626,1622,20,Giới hạn tốc độ
182,0,1725,"[650, 259, 13, 14]",4,876,1725.png,626,1622,19,Giới hạn tốc độ
156,0,1725,"[667, 260, 12, 13]",4,877,1725.png,626,1622,19,Giới hạn tốc độ
169,0,1725,"[682, 261, 13, 13]",4,878,1725.png,626,1622,19,Giới hạn tốc độ
169,0,1735,"[634, 410, 13, 13]",4,886,1735.png,626,1622,20,Giới hạn tốc độ
208,0,1735,"[643, 380, 16, 13]",4,888,1735.png,626,1622,20,Giới hạn tốc độ
72,0,1735,"[846, 419, 9, 8]",4,890,1735.png,626,1622,20,Giới hạn tốc độ
3528,0,1756,"[1277, 333, 63, 56]",4,899,1756.png,626,1622,20,Giới hạn tốc độ
418,0,1782,"[357, 305, 22, 19]",4,908,1782.png,626,1622,19,Giới hạn tốc độ
80,0,1782,"[378, 301, 10, 8]",4,909,1782.png,626,1622,19,Giới hạn tốc độ
72,0,1782,"[417, 301, 8, 9]",4,910,1782.png,626,1622,19,Giới hạn tốc độ
64,0,1782,"[430, 302, 8, 8]",4,911,1782.png,626,1622,19,Giới hạn tốc độ
154,0,1782,"[397, 326, 14, 11]",4,912,1782.png,626,1622,19,Giới hạn tốc độ
210,0,1817,"[683, 222, 15, 14]",4,940,1817.png,626,1622,19,Giới hạn tốc độ
156,0,1817,"[777, 228, 13, 12]",4,941,1817.png,626,1622,19,Giới hạn tốc độ
462,0,1817,"[501, 213, 22, 21]",4,942,1817.png,626,1622,19,Giới hạn tốc độ
504,0,1817,"[391, 207, 24, 21]",4,943,1817.png,626,1622,19,Giới hạn tốc độ
16,0,1846,"[429, 356, 4, 4]",4,961,1846.png,626,1622,19,Giới hạn tốc độ
110,0,1846,"[428, 362, 11, 10]",4,962,1846.png,626,1622,19,Giới hạn tốc độ
48,0,1846,"[439, 371, 8, 6]",4,963,1846.png,626,1622,19,Giới hạn tốc độ
25,0,1846,"[454, 356, 5, 5]",4,964,1846.png,626,1622,19,Giới hạn tốc độ
30,0,1846,"[462, 355, 6, 5]",4,965,1846.png,626,1622,19,Giới hạn tốc độ
644,0,1853,"[1150, 371, 28, 23]",4,969,1853.png,626,1622,20,Giới hạn tốc độ
750,0,1853,"[1188, 436, 30, 25]",4,970,1853.png,626,1622,20,Giới hạn tốc độ
270,0,1853,"[1306, 407, 18, 15]",4,973,1853.png,626,1622,20,Giới hạn tốc độ
208,0,1853,"[1571, 509, 16, 13]",4,976,1853.png,626,1622,20,Giới hạn tốc độ
4818,0,1861,"[1221, 306, 73, 66]",4,981,1861.png,626,1622,20,Giới hạn tốc độ
399,0,1874,"[1061, 349, 21, 19]",4,988,1874.png,626,1622,20,Giới hạn tốc độ
224,0,1874,"[981, 367, 16, 14]",4,989,1874.png,626,1622,20,Giới hạn tốc độ
841,0,1878,"[807, 277, 29, 29]",4,992,1878.png,626,1622,20,Giới hạn tốc độ
5904,0,1883,"[225, 227, 82, 72]",4,996,1883.png,626,1622,19,Giới hạn tốc độ
9,0,1941,"[601, 333, 3, 3]",4,1015,1941.png,626,1622,19,Giới hạn tốc độ
16,0,1941,"[606, 332, 4, 4]",4,1016,1941.png,626,1622,19,Giới hạn tốc độ
12,0,1941,"[612, 332, 4, 3]",4,1017,1941.png,626,1622,19,Giới hạn tốc độ
25,0,1961,"[594, 84, 5, 5]",4,1031,1961.png,626,1622,22,Giới hạn tốc độ
30,0,1961,"[602, 84, 5, 6]",4,1032,1961.png,626,1622,22,Giới hạn tốc độ
36,0,1961,"[610, 84, 6, 6]",4,1033,1961.png,626,1622,22,Giới hạn tốc độ
2530,0,1995,"[1487, 423, 55, 46]",4,1042,1995.png,626,1622,20,Giới hạn tốc độ
1755,0,1995,"[1399, 314, 45, 39]",4,1044,1995.png,626,1622,20,Giới hạn tốc độ
1120,0,3055,"[262, 271, 32, 35]",4,1076,3055.png,626,1622,30,Giới hạn tốc độ
30,0,3299,"[716, 495, 5, 6]",4,1181,3299.png,626,1622,29,Giới hạn tốc độ
90,0,3845,"[979, 122, 9, 10]",4,1464,3845.png,626,1622,28,Giới hạn tốc độ
475,0,3928,"[823, 310, 19, 25]",4,1506,3928.png,626,1622,30,Giới hạn tốc độ
196,0,4004,"[1109, 225, 14, 14]",4,1566,4004.png,626,1622,34,Giới hạn tốc độ
81,0,4014,"[914, 291, 9, 9]",4,1588,4014.png,626,1622,34,Giới hạn tốc độ
756,0,4021,"[667, 189, 28, 27]",4,1593,4021.png,626,1622,34,Giới hạn tốc độ
9523,0,4023,"[1392, 36, 107, 89]",4,1598,4023.png,626,1622,34,Giới hạn tốc độ
675,0,4023,"[320, 261, 25, 27]",4,1603,4023.png,626,1622,34,Giới hạn tốc độ
64,0,4027,"[1029, 295, 8, 8]",4,1608,4027.png,626,1622,34,Giới hạn tốc độ
156,0,4030,"[899, 268, 12, 13]",4,1617,4030.png,626,1622,36,Giới hạn tốc độ
121,0,4034,"[720, 320, 11, 11]",4,1631,4034.png,626,1622,34,Giới hạn tốc độ
1968,0,4037,"[1174, 111, 48, 41]",4,1636,4037.png,626,1622,34,Giới hạn tốc độ
1640,0,4039,"[953, 221, 40, 41]",4,1644,4039.png,626,1622,34,Giới hạn tốc độ
342,0,4039,"[433, 283, 19, 18]",4,1647,4039.png,626,1622,34,Giới hạn tốc độ
1332,0,4050,"[416, 154, 36, 37]",4,1661,4050.png,626,1622,34,Giới hạn tốc độ
1023,0,4050,"[834, 179, 31, 33]",4,1665,4050.png,626,1622,34,Giới hạn tốc độ
144,0,4051,"[786, 284, 12, 12]",4,1668,4051.png,626,1622,34,Giới hạn tốc độ
342,0,4060,"[912, 238, 19, 18]",4,1678,4060.png,626,1622,34,Giới hạn tốc độ
380,0,4061,"[990, 264, 20, 19]",4,1679,4061.png,626,1622,34,Giới hạn tốc độ
144,0,4066,"[937, 222, 12, 12]",4,1688,4066.png,626,1622,34,Giới hạn tốc độ
702,0,4069,"[814, 413, 26, 27]",4,1694,4069.png,626,1622,33,Giới hạn tốc độ
210,0,4069,"[613, 359, 15, 14]",4,1695,4069.png,626,1622,33,Giới hạn tốc độ
196,0,4069,"[630, 359, 14, 14]",4,1696,4069.png,626,1622,33,Giới hạn tốc độ
600,0,4074,"[762, 227, 25, 24]",4,1699,4074.png,626,1622,34,Giới hạn tốc độ
899,0,4082,"[851, 49, 29, 31]",4,1710,4082.png,626,1622,33,Giới hạn tốc độ
930,0,4082,"[727, 44, 30, 31]",4,1711,4082.png,626,1622,33,Giới hạn tốc độ
1056,0,4082,"[538, 35, 33, 32]",4,1712,4082.png,626,1622,33,Giới hạn tốc độ
1764,0,4082,"[382, 33, 42, 42]",4,1713,4082.png,626,1622,33,Giới hạn tốc độ
1936,0,4082,"[298, 28, 44, 44]",4,1714,4082.png,626,1622,33,Giới hạn tốc độ
49,0,4097,"[637, 290, 7, 7]",4,1756,4097.png,626,1622,34,Giới hạn tốc độ
420,0,4101,"[530, 268, 21, 20]",4,1769,4101.png,626,1622,34,Giới hạn tốc độ
2346,0,4101,"[696, 134, 46, 51]",4,1770,4101.png,626,1622,34,Giới hạn tốc độ
1444,0,4101,"[1179, 196, 38, 38]",4,1773,4101.png,626,1622,34,Giới hạn tốc độ
900,0,4109,"[626, 249, 30, 30]",4,1777,4109.png,626,1622,34,Giới hạn tốc độ
810,0,4109,"[632, 189, 27, 30]",4,1778,4109.png,626,1622,34,Giới hạn tốc độ
306,0,4112,"[737, 198, 18, 17]",4,1782,4112.png,626,1622,33,Giới hạn tốc độ
90,0,4112,"[617, 162, 9, 10]",4,1783,4112.png,626,1622,33,Giới hạn tốc độ
99,0,4112,"[629, 162, 9, 11]",4,1784,4112.png,626,1622,33,Giới hạn tốc độ
2548,0,4117,"[1184, 70, 52, 49]",4,1803,4117.png,626,1622,34,Giới hạn tốc độ
90,0,4118,"[822, 219, 9, 10]",4,1808,4118.png,626,1622,34,Giới hạn tốc độ
140,0,4121,"[916, 299, 14, 10]",4,1811,4121.png,626,1622,36,Giới hạn tốc độ
3120,0,4135,"[1154, 171, 60, 52]",4,1824,4135.png,626,1622,34,Giới hạn tốc độ
441,0,4138,"[790, 237, 21, 21]",4,1828,4138.png,626,1622,34,Giới hạn tốc độ
49,0,4138,"[1004, 236, 7, 7]",4,1829,4138.png,626,1622,34,Giới hạn tốc độ
784,0,4151,"[1093, 210, 28, 28]",4,1842,4151.png,626,1622,34,Giới hạn tốc độ
30,0,4151,"[994, 245, 6, 5]",4,1844,4151.png,626,1622,34,Giới hạn tốc độ
648,0,4167,"[960, 196, 24, 27]",4,1862,4167.png,626,1622,36,Giới hạn tốc độ
756,0,4175,"[649, 254, 28, 27]",4,1877,4175.png,626,1622,36,Giới hạn tốc độ
225,0,4190,"[996, 238, 15, 15]",4,1898,4190.png,626,1622,34,Giới hạn tốc độ
2420,0,4203,"[1182, 82, 55, 44]",4,1910,4203.png,626,1622,34,Giới hạn tốc độ
928,0,4220,"[1195, 376, 32, 29]",4,1928,4220.png,626,1622,36,Giới hạn tốc độ
840,0,4221,"[579, 150, 28, 30]",4,1932,4221.png,626,1622,34,Giới hạn tốc độ
961,0,4221,"[582, 86, 31, 31]",4,1933,4221.png,626,1622,34,Giới hạn tốc độ
700,0,4225,"[697, 202, 28, 25]",4,1941,4225.png,626,1622,34,Giới hạn tốc độ
7728,0,4229,"[23, 205, 84, 92]",4,1952,4229.png,626,1622,36,Giới hạn tốc độ
8148,0,4229,"[101, 43, 97, 84]",4,1953,4229.png,626,1622,36,Giới hạn tốc độ
399,0,4229,"[869, 318, 19, 21]",4,1954,4229.png,626,1622,36,Giới hạn tốc độ
3420,0,4231,"[347, 136, 60, 57]",4,1957,4231.png,626,1622,34,Giới hạn tốc độ
483,0,4235,"[314, 282, 23, 21]",4,1969,4235.png,626,1622,34,Giới hạn tốc độ
4104,0,4244,"[1334, 97, 76, 54]",4,1975,4244.png,626,1622,34,Giới hạn tốc độ
144,0,4252,"[1151, 198, 12, 12]",4,1988,4252.png,626,1622,34,Giới hạn tốc độ
840,0,4253,"[816, 224, 28, 30]",4,1993,4253.png,626,1622,33,Giới hạn tốc độ
2646,0,4262,"[1348, 167, 54, 49]",4,2005,4262.png,626,1622,34,Giới hạn tốc độ
1517,0,4262,"[1196, 236, 41, 37]",4,2006,4262.png,626,1622,34,Giới hạn tốc độ
930,0,4263,"[792, 193, 31, 30]",4,2009,4263.png,626,1622,34,Giới hạn tốc độ
420,0,4278,"[952, 237, 20, 21]",4,2029,4278.png,626,1622,34,Giới hạn tốc độ
576,0,4280,"[867, 240, 24, 24]",4,2033,4280.png,626,1622,34,Giới hạn tốc độ
156,0,4294,"[573, 259, 13, 12]",4,2049,4294.png,626,1622,34,Giới hạn tốc độ
121,0,4294,"[931, 263, 11, 11]",4,2056,4294.png,626,1622,34,Giới hạn tốc độ
255,0,4305,"[974, 191, 17, 15]",4,2070,4305.png,626,1622,34,Giới hạn tốc độ
1044,0,4305,"[1292, 149, 36, 29]",4,2072,4305.png,626,1622,34,Giới hạn tốc độ
224,0,4323,"[778, 229, 14, 16]",4,2095,4323.png,626,1622,34,Giới hạn tốc độ
224,0,4323,"[580, 228, 16, 14]",4,2098,4323.png,626,1622,34,Giới hạn tốc độ
81,0,4324,"[959, 305, 9, 9]",4,2109,4324.png,626,1622,33,Giới hạn tốc độ
240,0,4325,"[915, 485, 15, 16]",4,2111,4325.png,626,1622,33,Giới hạn tốc độ
120,0,4325,"[799, 440, 10, 12]",4,2112,4325.png,626,1622,33,Giới hạn tốc độ
110,0,4325,"[787, 440, 10, 11]",4,2114,4325.png,626,1622,33,Giới hạn tốc độ
210,0,4326,"[696, 343, 14, 15]",4,2118,4326.png,626,1622,34,Giới hạn tốc độ
25,0,4327,"[883, 266, 5, 5]",4,2123,4327.png,626,1622,33,Giới hạn tốc độ
2162,0,4337,"[1231, 220, 47, 46]",4,2133,4337.png,626,1622,33,Giới hạn tốc độ
6890,0,4339,"[121, 2, 106, 65]",4,2135,4339.png,626,1622,34,Giới hạn tốc độ
2596,0,4343,"[1243, 103, 59, 44]",4,2143,4343.png,626,1622,34,Giới hạn tốc độ
1722,0,4346,"[906, 349, 42, 41]",4,2151,4346.png,626,1622,34,Giới hạn tốc độ
240,0,4348,"[628, 256, 16, 15]",4,2155,4348.png,626,1622,34,Giới hạn tốc độ
1054,0,4351,"[943, 266, 34, 31]",4,2159,4351.png,626,1622,34,Giới hạn tốc độ
255,0,4354,"[811, 237, 15, 17]",4,2167,4354.png,626,1622,34,Giới hạn tốc độ
528,0,4355,"[1190, 255, 24, 22]",4,2179,4355.png,626,1622,36,Giới hạn tốc độ
1050,0,4361,"[1232, 181, 35, 30]",4,2188,4361.png,626,1622,34,Giới hạn tốc độ
2650,0,4364,"[1086, 226, 50, 53]",4,2190,4364.png,626,1622,36,Giới hạn tốc độ
2444,0,4374,"[671, 212, 47, 52]",4,2202,4374.png,626,1622,34,Giới hạn tốc độ
110,0,4374,"[1223, 223, 11, 10]",4,2209,4374.png,626,1622,34,Giới hạn tốc độ
1610,0,4379,"[988, 123, 35, 46]",4,2217,4379.png,626,1622,36,Giới hạn tốc độ
195,0,4382,"[1288, 198, 15, 13]",4,2230,4382.png,626,1622,34,Giới hạn tốc độ
930,0,4392,"[845, 189, 30, 31]",4,2245,4392.png,626,1622,34,Giới hạn tốc độ
441,0,4399,"[923, 193, 21, 21]",4,2259,4399.png,626,1622,34,Giới hạn tốc độ
3224,0,4399,"[1413, 160, 62, 52]",4,2261,4399.png,626,1622,34,Giới hạn tốc độ
399,0,4404,"[476, 343, 21, 19]",4,2272,4404.png,626,1622,34,Giới hạn tốc độ
240,0,4404,"[723, 378, 15, 16]",4,2274,4404.png,626,1622,34,Giới hạn tốc độ
3186,0,4405,"[643, 142, 54, 59]",4,2275,4405.png,626,1622,33,Giới hạn tốc độ
90,0,4418,"[1022, 225, 10, 9]",4,2295,4418.png,626,1622,34,Giới hạn tốc độ
64,0,4420,"[743, 434, 8, 8]",4,2301,4420.png,626,1622,33,Giới hạn tốc độ
49,0,4420,"[664, 405, 7, 7]",4,2303,4420.png,626,1622,33,Giới hạn tốc độ
48,0,4420,"[672, 404, 6, 8]",4,2304,4420.png,626,1622,33,Giới hạn tốc độ
702,0,4432,"[751, 210, 26, 27]",4,2313,4432.png,626,1622,33,Giới hạn tốc độ
1365,0,4432,"[344, 209, 39, 35]",4,2315,4432.png,626,1622,33,Giới hạn tốc độ
648,0,4432,"[395, 186, 27, 24]",4,2316,4432.png,626,1622,33,Giới hạn tốc độ
441,0,4443,"[694, 246, 21, 21]",4,2332,4443.png,626,1622,34,Giới hạn tốc độ
9116,0,4444,"[516, 63, 86, 106]",4,2334,4444.png,626,1622,33,Giới hạn tốc độ
42,0,4449,"[757, 240, 7, 6]",4,2336,4449.png,626,1622,34,Giới hạn tốc độ
168,0,4450,"[1059, 281, 12, 14]",4,2345,4450.png,626,1622,34,Giới hạn tốc độ
1085,0,4453,"[698, 242, 31, 35]",4,2355,4453.png,626,1622,34,Giới hạn tốc độ
4158,0,4463,"[902, 145, 63, 66]",4,2363,4463.png,626,1622,33,Giới hạn tốc độ
361,0,4463,"[574, 117, 19, 19]",4,2364,4463.png,626,1622,33,Giới hạn tốc độ
342,0,4463,"[596, 118, 18, 19]",4,2365,4463.png,626,1622,33,Giới hạn tốc độ
90,0,4468,"[690, 277, 10, 9]",4,2370,4468.png,626,1622,36,Giới hạn tốc độ
182,0,4478,"[293, 255, 14, 13]",4,2386,4478.png,626,1622,34,Giới hạn tốc độ
324,0,4481,"[661, 269, 18, 18]",4,2391,4481.png,626,1622,36,Giới hạn tốc độ
49,0,4487,"[813, 459, 7, 7]",4,2408,4487.png,626,1622,33,Giới hạn tốc độ
49,0,4487,"[805, 460, 7, 7]",4,2409,4487.png,626,1622,33,Giới hạn tốc độ
225,0,4490,"[689, 315, 15, 15]",4,2417,4490.png,626,1622,36,Giới hạn tốc độ
754,0,4495,"[588, 227, 29, 26]",4,2424,4495.png,626,1622,34,Giới hạn tốc độ
783,0,4503,"[900, 304, 27, 29]",4,2434,4503.png,626,1622,36,Giới hạn tốc độ
100,0,4505,"[938, 299, 10, 10]",4,2438,4505.png,626,1622,34,Giới hạn tốc độ
130,0,4517,"[1149, 220, 13, 10]",4,2449,4517.png,626,1622,34,Giới hạn tốc độ
100,0,4518,"[616, 218, 10, 10]",4,2459,4518.png,626,1622,33,Giới hạn tốc độ
132,0,4518,"[638, 217, 12, 11]",4,2460,4518.png,626,1622,33,Giới hạn tốc độ
72,0,4518,"[684, 214, 9, 8]",4,2461,4518.png,626,1622,33,Giới hạn tốc độ
72,0,4518,"[740, 213, 9, 8]",4,2462,4518.png,626,1622,33,Giới hạn tốc độ
72,0,4518,"[779, 212, 8, 9]",4,2463,4518.png,626,1622,33,Giới hạn tốc độ
64,0,4522,"[928, 244, 8, 8]",4,2478,4522.png,626,1622,34,Giới hạn tốc độ
1190,0,4523,"[554, 320, 34, 35]",4,2483,4523.png,626,1622,34,Giới hạn tốc độ
1190,0,4527,"[877, 143, 34, 35]",4,2491,4527.png,626,1622,34,Giới hạn tốc độ
7200,0,4536,"[904, 86, 80, 90]",4,2505,4536.png,626,1622,34,Giới hạn tốc độ
572,0,4550,"[755, 212, 22, 26]",4,2515,4550.png,626,1622,33,Giới hạn tốc độ
340,0,4550,"[787, 216, 20, 17]",4,2516,4550.png,626,1622,33,Giới hạn tốc độ
342,0,4550,"[1007, 238, 18, 19]",4,2518,4550.png,626,1622,33,Giới hạn tốc độ
484,0,4556,"[643, 226, 22, 22]",4,2525,4556.png,626,1622,36,Giới hạn tốc độ
3886,0,4556,"[1394, 143, 67, 58]",4,2527,4556.png,626,1622,36,Giới hạn tốc độ
168,0,4566,"[834, 242, 12, 14]",4,2539,4566.png,626,1622,33,Giới hạn tốc độ
108,0,4566,"[842, 238, 9, 12]",4,2540,4566.png,626,1622,33,Giới hạn tốc độ
144,0,4566,"[985, 253, 12, 12]",4,2542,4566.png,626,1622,33,Giới hạn tốc độ
210,0,4570,"[1010, 188, 15, 14]",4,2550,4570.png,626,1622,34,Giới hạn tốc độ
1248,0,4570,"[1551, 116, 39, 32]",4,2555,4570.png,626,1622,34,Giới hạn tốc độ
1088,0,4574,"[629, 284, 34, 32]",4,2561,4574.png,626,1622,36,Giới hạn tốc độ
1386,0,4581,"[295, 140, 42, 33]",4,2567,4581.png,626,1622,34,Giới hạn tốc độ
930,0,4581,"[664, 198, 30, 31]",4,2570,4581.png,626,1622,34,Giới hạn tốc độ
9737,0,4590,"[281, 0, 91, 107]",4,2578,4590.png,626,1622,33,Giới hạn tốc độ
1480,0,4590,"[655, 138, 37, 40]",4,2579,4590.png,626,1622,33,Giới hạn tốc độ
1760,0,4590,"[1146, 185, 44, 40]",4,2583,4590.png,626,1622,33,Giới hạn tốc độ
504,0,4596,"[688, 305, 24, 21]",4,2590,4596.png,626,1622,34,Giới hạn tốc độ
255,0,4596,"[1194, 330, 17, 15]",4,2592,4596.png,626,1622,34,Giới hạn tốc độ
100,0,4600,"[817, 187, 10, 10]",4,2599,4600.png,626,1622,36,Giới hạn tốc độ
64,0,4612,"[957, 245, 8, 8]",4,2615,4612.png,626,1622,34,Giới hạn tốc độ
121,0,4616,"[991, 197, 11, 11]",4,2619,4616.png,626,1622,34,Giới hạn tốc độ
224,0,4616,"[1174, 188, 16, 14]",4,2620,4616.png,626,1622,34,Giới hạn tốc độ
36,0,4623,"[907, 246, 6, 6]",4,2634,4623.png,626,1622,34,Giới hạn tốc độ
304,0,4630,"[1122, 207, 19, 16]",4,2673,4630.png,626,1622,34,Giới hạn tốc độ
132,0,4630,"[915, 204, 12, 11]",4,2676,4630.png,626,1622,34,Giới hạn tốc độ
42,0,4660,"[617, 391, 6, 7]",4,2714,4660.png,626,1622,36,Giới hạn tốc độ
361,0,4661,"[792, 259, 19, 19]",4,2716,4661.png,626,1622,36,Giới hạn tốc độ
992,0,4662,"[334, 92, 31, 32]",4,2719,4662.png,626,1622,36,Giới hạn tốc độ
896,0,4663,"[530, 265, 32, 28]",4,2721,4663.png,626,1622,33,Giới hạn tốc độ
990,0,4663,"[494, 263, 33, 30]",4,2722,4663.png,626,1622,33,Giới hạn tốc độ
650,0,4666,"[810, 244, 25, 26]",4,2728,4666.png,626,1622,33,Giới hạn tốc độ
1558,0,4668,"[928, 171, 41, 38]",4,2732,4668.png,626,1622,34,Giới hạn tốc độ
256,0,4670,"[695, 266, 16, 16]",4,2735,4670.png,626,1622,34,Giới hạn tốc độ
624,0,4672,"[1110, 255, 26, 24]",4,2740,4672.png,626,1622,36,Giới hạn tốc độ
144,0,4672,"[754, 256, 12, 12]",4,2741,4672.png,626,1622,36,Giới hạn tốc độ
255,0,4676,"[843, 330, 15, 17]",4,2748,4676.png,626,1622,36,Giới hạn tốc độ
1845,0,4676,"[364, 289, 41, 45]",4,2750,4676.png,626,1622,36,Giới hạn tốc độ
2160,0,4676,"[386, 195, 48, 45]",4,2751,4676.png,626,1622,36,Giới hạn tốc độ
1332,0,4691,"[1097, 208, 37, 36]",4,2770,4691.png,626,1622,34,Giới hạn tốc độ
11600,0,4692,"[1335, 194, 116, 100]",4,2774,4692.png,626,1622,36,Giới hạn tốc độ
100,0,4695,"[758, 251, 10, 10]",4,2785,4695.png,626,1622,34,Giới hạn tốc độ
81,0,4695,"[629, 248, 9, 9]",4,2786,4695.png,626,1622,34,Giới hạn tốc độ
168,0,4696,"[839, 179, 12, 14]",4,2790,4696.png,626,1622,34,Giới hạn tốc độ
1036,0,4708,"[268, 225, 28, 37]",4,2806,4708.png,626,1622,34,Giới hạn tốc độ
121,0,4710,"[938, 288, 11, 11]",4,2810,4710.png,626,1622,34,Giới hạn tốc độ
1584,0,4715,"[480, 5, 33, 48]",4,2817,4715.png,626,1622,34,Giới hạn tốc độ
380,0,4717,"[755, 392, 20, 19]",4,2820,4717.png,626,1622,34,Giới hạn tốc độ
1394,0,4722,"[644, 39, 34, 41]",4,2827,4722.png,626,1622,33,Giới hạn tốc độ
1833,0,4722,"[594, 43, 39, 47]",4,2828,4722.png,626,1622,33,Giới hạn tốc độ
1596,0,4734,"[578, 139, 38, 42]",4,2838,4734.png,626,1622,36,Giới hạn tốc độ
3132,0,4737,"[655, 164, 54, 58]",4,2842,4737.png,626,1622,34,Giới hạn tốc độ
1482,0,4747,"[993, 81, 38, 39]",4,2855,4747.png,626,1622,34,Giới hạn tốc độ
156,0,4752,"[686, 343, 12, 13]",4,2860,4752.png,626,1622,34,Giới hạn tốc độ
930,0,4764,"[889, 106, 30, 31]",4,2871,4764.png,626,1622,34,Giới hạn tốc độ
169,0,4764,"[842, 210, 13, 13]",4,2873,4764.png,626,1622,34,Giới hạn tốc độ
3024,0,4783,"[1219, 7, 56, 54]",4,2895,4783.png,626,1622,34,Giới hạn tốc độ
1440,0,4786,"[631, 157, 40, 36]",4,2907,4786.png,626,1622,36,Giới hạn tốc độ
960,0,4787,"[494, 254, 32, 30]",4,2909,4787.png,626,1622,36,Giới hạn tốc độ
1023,0,4787,"[480, 317, 31, 33]",4,2910,4787.png,626,1622,36,Giới hạn tốc độ
225,0,4787,"[825, 337, 15, 15]",4,2913,4787.png,626,1622,36,Giới hạn tốc độ
600,0,4790,"[630, 231, 25, 24]",4,2916,4790.png,626,1622,36,Giới hạn tốc độ
182,0,4795,"[643, 331, 14, 13]",4,2925,4795.png,626,1622,36,Giới hạn tốc độ
72,0,4798,"[617, 216, 9, 8]",4,2929,4798.png,626,1622,33,Giới hạn tốc độ
81,0,4798,"[635, 216, 9, 9]",4,2930,4798.png,626,1622,33,Giới hạn tốc độ
42,0,4798,"[671, 214, 6, 7]",4,2931,4798.png,626,1622,33,Giới hạn tốc độ
48,0,4798,"[715, 214, 8, 6]",4,2932,4798.png,626,1622,33,Giới hạn tốc độ
30,0,4798,"[745, 214, 6, 5]",4,2933,4798.png,626,1622,33,Giới hạn tốc độ
110,0,4802,"[883, 274, 11, 10]",4,2936,4802.png,626,1622,34,Giới hạn tốc độ
90,0,4802,"[1018, 287, 9, 10]",4,2938,4802.png,626,1622,34,Giới hạn tốc độ
56,0,4802,"[765, 293, 7, 8]",4,2941,4802.png,626,1622,34,Giới hạn tốc độ
304,0,4807,"[1235, 204, 19, 16]",4,2950,4807.png,626,1622,34,Giới hạn tốc độ
900,0,4812,"[806, 298, 30, 30]",4,2954,4812.png,626,1622,34,Giới hạn tốc độ
3944,0,4816,"[1009, 127, 58, 68]",4,2959,4816.png,626,1622,33,Giới hạn tốc độ
2585,0,4816,"[245, 108, 55, 47]",4,2961,4816.png,626,1622,33,Giới hạn tốc độ
1476,0,4826,"[751, 159, 36, 41]",4,2979,4826.png,626,1622,33,Giới hạn tốc độ
702,0,4826,"[781, 173, 27, 26]",4,2980,4826.png,626,1622,33,Giới hạn tốc độ
361,0,4826,"[1052, 254, 19, 19]",4,2983,4826.png,626,1622,33,Giới hạn tốc độ
272,0,4827,"[1014, 304, 17, 16]",4,2986,4827.png,626,1622,36,Giới hạn tốc độ
90,0,4827,"[781, 286, 9, 10]",4,2987,4827.png,626,1622,36,Giới hạn tốc độ
3416,0,4836,"[1183, 216, 61, 56]",4,2997,4836.png,626,1622,33,Giới hạn tốc độ
784,0,4857,"[976, 228, 28, 28]",4,3011,4857.png,626,1622,34,Giới hạn tốc độ
240,0,4862,"[1050, 266, 16, 15]",4,3020,4862.png,626,1622,34,Giới hạn tốc độ
342,0,4862,"[851, 253, 18, 19]",4,3022,4862.png,626,1622,34,Giới hạn tốc độ
576,0,4882,"[1136, 256, 24, 24]",4,3058,4882.png,626,1622,34,Giới hạn tốc độ
255,0,4886,"[545, 262, 17, 15]",4,3066,4886.png,626,1622,34,Giới hạn tốc độ
340,0,4886,"[365, 236, 20, 17]",4,3069,4886.png,626,1622,34,Giới hạn tốc độ
1296,0,4902,"[887, 134, 36, 36]",4,3082,4902.png,626,1622,34,Giới hạn tốc độ
992,0,4916,"[248, 191, 31, 32]",4,3102,4916.png,626,1622,34,Giới hạn tốc độ
462,0,4916,"[993, 235, 21, 22]",4,3111,4916.png,626,1622,34,Giới hạn tốc độ
36,0,4922,"[979, 248, 6, 6]",4,3118,4922.png,626,1622,34,Giới hạn tốc độ
930,0,4923,"[851, 235, 30, 31]",4,3120,4923.png,626,1622,34,Giới hạn tốc độ
72,0,4923,"[1194, 237, 9, 8]",4,3123,4923.png,626,1622,34,Giới hạn tốc độ
121,0,4937,"[891, 250, 11, 11]",4,3140,4937.png,626,1622,34,Giới hạn tốc độ
2067,0,4940,"[531, 0, 53, 39]",4,3146,4940.png,626,1622,34,Giới hạn tốc độ
240,0,4940,"[678, 220, 16, 15]",4,3147,4940.png,626,1622,34,Giới hạn tốc độ
5984,0,4943,"[1497, 101, 88, 68]",4,3150,4943.png,626,1622,34,Giới hạn tốc độ
1638,0,4945,"[717, 317, 42, 39]",4,3156,4945.png,626,1622,33,Giới hạn tốc độ
1088,0,4953,"[733, 233, 32, 34]",4,3162,4953.png,626,1622,33,Giới hạn tốc độ
380,0,4953,"[796, 237, 19, 20]",4,3163,4953.png,626,1622,33,Giới hạn tốc độ
928,0,4953,"[1094, 240, 32, 29]",4,3165,4953.png,626,1622,33,Giới hạn tốc độ
80,0,4963,"[774, 207, 10, 8]",4,3168,4963.png,626,1622,36,Giới hạn tốc độ
288,0,4981,"[411, 195, 18, 16]",4,3189,4981.png,626,1622,36,Giới hạn tốc độ
196,0,4994,"[947, 256, 14, 14]",4,3209,4994.png,626,1622,34,Giới hạn tốc độ
266,0,5026,"[217, 326, 14, 19]",4,3251,5026.png,626,1622,41,Giới hạn tốc độ
624,0,5031,"[516, 106, 26, 24]",4,3254,5031.png,626,1622,40,Giới hạn tốc độ
1221,0,5031,"[1012, 201, 33, 37]",4,3257,5031.png,626,1622,40,Giới hạn tốc độ
1704,0,5046,"[383, 0, 71, 24]",4,3280,5046.png,626,1622,40,Giới hạn tốc độ
600,0,5086,"[902, 228, 24, 25]",4,3340,5086.png,626,1622,44,Giới hạn tốc độ
1332,0,5179,"[466, 122, 37, 36]",4,3459,5179.png,626,1622,40,Giới hạn tốc độ
144,0,5351,"[474, 377, 12, 12]",4,3677,5351.png,626,1622,41,Giới hạn tốc độ
4736,0,5395,"[374, 63, 74, 64]",4,3730,5395.png,626,1622,44,Giới hạn tốc độ
1156,0,5409,"[976, 386, 34, 34]",4,3745,5409.png,626,1622,40,Giới hạn tốc độ
868,0,5625,"[934, 220, 28, 31]",4,4046,5625.png,626,1622,40,Giới hạn tốc độ
552,0,5654,"[805, 231, 23, 24]",4,4096,5654.png,626,1622,44,Giới hạn tốc độ
650,0,5709,"[491, 343, 26, 25]",4,4185,5709.png,626,1622,41,Giới hạn tốc độ
360,0,5755,"[899, 218, 18, 20]",4,4251,5755.png,626,1622,40,Giới hạn tốc độ
1296,0,5838,"[911, 308, 36, 36]",4,4365,5838.png,626,1622,40,Giới hạn tốc độ
868,0,5898,"[778, 240, 28, 31]",4,4436,5898.png,626,1622,40,Giới hạn tốc độ
483,0,5913,"[1083, 265, 23, 21]",4,4459,5913.png,626,1622,44,Giới hạn tốc độ
3800,0,5913,"[1523, 221, 76, 50]",4,4461,5913.png,626,1622,44,Giới hạn tốc độ
484,0,5951,"[691, 271, 22, 22]",4,4514,5951.png,626,1622,40,Giới hạn tốc độ
182,0,6121,"[716, 190, 13, 14]",4,4766,6121.png,626,1622,47,Giới hạn tốc độ
182,0,6121,"[734, 190, 13, 14]",4,4767,6121.png,626,1622,47,Giới hạn tốc độ
169,0,6121,"[752, 189, 13, 13]",4,4768,6121.png,626,1622,47,Giới hạn tốc độ
288,0,6150,"[927, 260, 18, 16]",4,4788,6150.png,626,1622,34,Giới hạn tốc độ
81,0,6195,"[755, 316, 9, 9]",4,4824,6195.png,626,1622,53,Giới hạn tốc độ
81,0,6195,"[768, 316, 9, 9]",4,4825,6195.png,626,1622,53,Giới hạn tốc độ
72,0,6260,"[685, 448, 9, 8]",4,4881,6260.png,626,1622,19,Giới hạn tốc độ
42,0,6260,"[701, 430, 6, 7]",4,4882,6260.png,626,1622,19,Giới hạn tốc độ
49,0,6260,"[710, 430, 7, 7]",4,4883,6260.png,626,1622,19,Giới hạn tốc độ
121,0,6277,"[706, 226, 11, 11]",4,4894,6277.png,626,1622,47,Giới hạn tốc độ
110,0,6277,"[721, 227, 10, 11]",4,4895,6277.png,626,1622,47,Giới hạn tốc độ
110,0,6277,"[736, 229, 11, 10]",4,4896,6277.png,626,1622,47,Giới hạn tốc độ
1584,0,6291,"[1184, 84, 36, 44]",4,4905,6291.png,626,1622,47,Giới hạn tốc độ
1665,0,6291,"[1135, 79, 37, 45]",4,4906,6291.png,626,1622,47,Giới hạn tốc độ
1702,0,6291,"[1085, 75, 37, 46]",4,4907,6291.png,626,1622,47,Giới hạn tốc độ
36,0,6320,"[816, 397, 6, 6]",4,4933,6320.png,626,1622,12,Giới hạn tốc độ
960,0,6323,"[635, 207, 32, 30]",4,4937,6323.png,626,1622,36,Giới hạn tốc độ
72,0,6342,"[1135, 397, 9, 8]",4,4950,6342.png,626,1622,12,Giới hạn tốc độ
900,0,6344,"[1175, 356, 30, 30]",4,4952,6344.png,626,1622,53,Giới hạn tốc độ
600,0,6353,"[575, 202, 25, 24]",4,4962,6353.png,626,1622,1,Giới hạn tốc độ
650,0,6353,"[528, 198, 26, 25]",4,4963,6353.png,626,1622,1,Giới hạn tốc độ
169,0,6424,"[616, 425, 13, 13]",4,4997,6424.png,626,1622,19,Giới hạn tốc độ
420,0,6435,"[382, 76, 20, 21]",4,5002,6435.png,626,1622,49,Giới hạn tốc độ
1326,0,6495,"[251, 153, 39, 34]",4,5033,6495.png,626,1622,22,Giới hạn tốc độ
1224,0,6495,"[424, 163, 36, 34]",4,5034,6495.png,626,1622,22,Giới hạn tốc độ
400,0,6495,"[630, 179, 20, 20]",4,5035,6495.png,626,1622,22,Giới hạn tốc độ
361,0,6495,"[764, 186, 19, 19]",4,5036,6495.png,626,1622,22,Giới hạn tốc độ
323,0,6495,"[934, 196, 17, 19]",4,5037,6495.png,626,1622,22,Giới hạn tốc độ
30,0,6500,"[762, 229, 6, 5]",4,5040,6500.png,626,1622,33,Giới hạn tốc độ
20,0,6500,"[735, 230, 5, 4]",4,5041,6500.png,626,1622,33,Giới hạn tốc độ
16,0,6500,"[698, 230, 4, 4]",4,5042,6500.png,626,1622,33,Giới hạn tốc độ
42,0,6500,"[666, 232, 7, 6]",4,5043,6500.png,626,1622,33,Giới hạn tốc độ
49,0,6500,"[650, 232, 7, 7]",4,5044,6500.png,626,1622,33,Giới hạn tốc độ
725,0,6551,"[381, 145, 29, 25]",4,5077,6551.png,626,1622,36,Giới hạn tốc độ
216,0,6587,"[1404, 170, 18, 12]",4,5120,6587.png,626,1622,20,Giới hạn tốc độ
90,0,6601,"[619, 39, 9, 10]",4,5135,6601.png,626,1622,22,Giới hạn tốc độ
110,0,6601,"[631, 39, 11, 10]",4,5136,6601.png,626,1622,22,Giới hạn tốc độ
121,0,6601,"[645, 38, 11, 11]",4,5137,6601.png,626,1622,22,Giới hạn tốc độ
81,0,6605,"[532, 92, 9, 9]",4,5142,6605.png,626,1622,22,Giới hạn tốc độ
49,0,6605,"[544, 48, 7, 7]",4,5143,6605.png,626,1622,22,Giới hạn tốc độ
42,0,6605,"[555, 48, 6, 7]",4,5144,6605.png,626,1622,22,Giới hạn tốc độ
2805,0,6619,"[87, 233, 55, 51]",4,5147,6619.png,626,1622,36,Giới hạn tốc độ
1344,0,6664,"[1390, 245, 42, 32]",4,5187,6664.png,626,1622,13,Giới hạn tốc độ
360,0,6664,"[963, 216, 20, 18]",4,5188,6664.png,626,1622,13,Giới hạn tốc độ
342,0,6664,"[942, 217, 19, 18]",4,5189,6664.png,626,1622,13,Giới hạn tốc độ
552,0,6674,"[961, 139, 23, 24]",4,5199,6674.png,626,1622,34,Giới hạn tốc độ
3072,0,6681,"[1406, 29, 48, 64]",4,5211,6681.png,626,1622,47,Giới hạn tốc độ
3243,0,6681,"[1345, 18, 47, 69]",4,5212,6681.png,626,1622,47,Giới hạn tốc độ
3900,0,6681,"[1278, 6, 52, 75]",4,5213,6681.png,626,1622,47,Giới hạn tốc độ
121,0,6712,"[973, 400, 11, 11]",4,5240,6712.png,626,1622,12,Giới hạn tốc độ
156,0,6717,"[899, 370, 12, 13]",4,5242,6717.png,626,1622,36,Giới hạn tốc độ
20,0,6720,"[763, 331, 5, 4]",4,5246,6720.png,626,1622,53,Giới hạn tốc độ
20,0,6720,"[757, 331, 4, 5]",4,5247,6720.png,626,1622,53,Giới hạn tốc độ
25,0,6720,"[751, 330, 5, 5]",4,5248,6720.png,626,1622,53,Giới hạn tốc độ
90,0,6723,"[927, 426, 10, 9]",4,5252,6723.png,626,1622,20,Giới hạn tốc độ
100,0,6723,"[930, 453, 10, 10]",4,5254,6723.png,626,1622,20,Giới hạn tốc độ
80,0,6723,"[1044, 463, 10, 8]",4,5257,6723.png,626,1622,20,Giới hạn tốc độ
64,0,6723,"[1034, 436, 8, 8]",4,5260,6723.png,626,1622,20,Giới hạn tốc độ
42,0,6785,"[1105, 245, 7, 6]",4,5316,6785.png,626,1622,47,Giới hạn tốc độ
49,0,6785,"[1084, 244, 7, 7]",4,5317,6785.png,626,1622,47,Giới hạn tốc độ
728,0,6821,"[841, 280, 28, 26]",4,5335,6821.png,626,1622,53,Giới hạn tốc độ
256,0,6872,"[1083, 309, 16, 16]",4,5362,6872.png,626,1622,33,Giới hạn tốc độ
289,0,6892,"[628, 125, 17, 17]",4,5389,6892.png,626,1622,49,Giới hạn tốc độ
729,0,6892,"[382, 23, 27, 27]",4,5390,6892.png,626,1622,49,Giới hạn tốc độ
418,0,6892,"[386, 95, 22, 19]",4,5392,6892.png,626,1622,49,Giới hạn tốc độ
2091,0,6924,"[1106, 45, 41, 51]",4,5408,6924.png,626,1622,47,Giới hạn tốc độ
2016,0,6924,"[1158, 50, 42, 48]",4,5409,6924.png,626,1622,47,Giới hạn tốc độ
2028,0,6924,"[1214, 53, 39, 52]",4,5410,6924.png,626,1622,47,Giới hạn tốc độ
36,0,6948,"[540, 166, 6, 6]",4,5426,6948.png,626,1622,53,Giới hạn tốc độ
30,0,6948,"[549, 166, 6, 5]",4,5427,6948.png,626,1622,53,Giới hạn tốc độ
30,0,6948,"[557, 166, 6, 5]",4,5428,6948.png,626,1622,53,Giới hạn tốc độ
323,0,6968,"[1181, 272, 19, 17]",4,5446,6968.png,626,1622,47,Giới hạn tốc độ
360,0,6968,"[1206, 273, 20, 18]",4,5447,6968.png,626,1622,47,Giới hạn tốc độ
323,0,6968,"[1233, 274, 19, 17]",4,5448,6968.png,626,1622,47,Giới hạn tốc độ
81,0,6981,"[980, 126, 9, 9]",4,5457,6981.png,626,1622,28,Giới hạn tốc độ
56,0,6984,"[1016, 415, 7, 8]",4,5463,6984.png,626,1622,12,Giới hạn tốc độ
272,0,7061,"[392, 87, 17, 16]",4,5517,7061.png,626,1622,49,Giới hạn tốc độ
552,0,7061,"[389, 7, 24, 23]",4,5518,7061.png,626,1622,49,Giới hạn tốc độ
132,0,7112,"[297, 410, 12, 11]",4,5568,7112.png,626,1622,12,Giới hạn tốc độ
306,0,7117,"[669, 222, 17, 18]",4,5571,7117.png,626,1622,33,Giới hạn tốc độ
520,0,7117,"[410, 222, 26, 20]",4,5573,7117.png,626,1622,33,Giới hạn tốc độ
270,0,7117,"[427, 201, 18, 15]",4,5574,7117.png,626,1622,33,Giới hạn tốc độ
380,0,7119,"[646, 86, 19, 20]",4,5578,7119.png,626,1622,49,Giới hạn tốc độ
484,0,7119,"[372, 69, 22, 22]",4,5579,7119.png,626,1622,49,Giới hạn tốc độ
522,0,7119,"[389, 0, 29, 18]",4,5580,7119.png,626,1622,49,Giới hạn tốc độ
210,0,7124,"[349, 101, 15, 14]",4,5587,7124.png,626,1622,49,Giới hạn tốc độ
182,0,7124,"[561, 96, 14, 13]",4,5589,7124.png,626,1622,49,Giới hạn tốc độ
144,0,7147,"[765, 436, 12, 12]",4,5606,7147.png,626,1622,33,Giới hạn tốc độ
64,0,7147,"[666, 399, 8, 8]",4,5607,7147.png,626,1622,33,Giới hạn tốc độ
462,0,7170,"[820, 123, 21, 22]",4,5624,7170.png,626,1622,47,Giới hạn tốc độ
441,0,7170,"[846, 123, 21, 21]",4,5625,7170.png,626,1622,47,Giới hạn tốc độ
441,0,7170,"[874, 122, 21, 21]",4,5626,7170.png,626,1622,47,Giới hạn tốc độ
1426,0,7190,"[83, 126, 31, 46]",4,5650,7190.png,626,1622,20,Giới hạn tốc độ
1750,0,7190,"[115, 116, 35, 50]",4,5651,7190.png,626,1622,20,Giới hạn tốc độ
156,0,7190,"[1015, 366, 13, 12]",4,5654,7190.png,626,1622,20,Giới hạn tốc độ
121,0,7190,"[964, 378, 11, 11]",4,5655,7190.png,626,1622,20,Giới hạn tốc độ
3053,0,7272,"[1433, 13, 43, 71]",4,5682,7272.png,626,1622,47,Giới hạn tốc độ
3750,0,7272,"[1369, 1, 50, 75]",4,5683,7272.png,626,1622,47,Giới hạn tốc độ
3498,0,7272,"[1303, 0, 53, 66]",4,5684,7272.png,626,1622,47,Giới hạn tốc độ
182,0,7288,"[918, 437, 14, 13]",4,5699,7288.png,626,1622,20,Giới hạn tốc độ
90,0,7315,"[682, 312, 9, 10]",4,5708,7315.png,626,1622,20,Giới hạn tốc độ
90,0,7315,"[693, 312, 9, 10]",4,5709,7315.png,626,1622,20,Giới hạn tốc độ
462,0,7339,"[223, 87, 22, 21]",4,5727,7339.png,626,1622,49,Giới hạn tốc độ
850,0,7339,"[205, 8, 34, 25]",4,5728,7339.png,626,1622,49,Giới hạn tốc độ
144,0,7339,"[451, 70, 12, 12]",4,5730,7339.png,626,1622,49,Giới hạn tốc độ
240,0,7350,"[428, 67, 16, 15]",4,5737,7350.png,626,1622,49,Giới hạn tốc độ
100,0,7350,"[580, 110, 10, 10]",4,5739,7350.png,626,1622,49,Giới hạn tốc độ
1638,0,7381,"[1104, 348, 42, 39]",4,5770,7381.png,626,1622,47,Giới hạn tốc độ
132,0,7395,"[627, 289, 12, 11]",4,5780,7395.png,626,1622,1,Giới hạn tốc độ
289,0,7425,"[704, 343, 17, 17]",4,5805,7425.png,626,1622,22,Giới hạn tốc độ
182,0,7425,"[684, 310, 13, 14]",4,5806,7425.png,626,1622,22,Giới hạn tốc độ
294,0,7425,"[1386, 391, 14, 21]",4,5807,7425.png,626,1622,22,Giới hạn tốc độ
340,0,7425,"[1403, 391, 17, 20]",4,5808,7425.png,626,1622,22,Giới hạn tốc độ
992,0,7426,"[558, 272, 32, 31]",4,5809,7426.png,626,1622,22,Giới hạn tốc độ
870,0,7426,"[598, 277, 30, 29]",4,5810,7426.png,626,1622,22,Giới hạn tốc độ
841,0,7426,"[635, 280, 29, 29]",4,5811,7426.png,626,1622,22,Giới hạn tốc độ
360,0,7448,"[1349, 162, 20, 18]",4,5827,7448.png,626,1622,47,Giới hạn tốc độ
342,0,7450,"[723, 391, 18, 19]",4,5832,7450.png,626,1622,33,Giới hạn tốc độ
342,0,7450,"[744, 391, 18, 19]",4,5833,7450.png,626,1622,33,Giới hạn tốc độ
992,0,7450,"[970, 463, 31, 32]",4,5836,7450.png,626,1622,33,Giới hạn tốc độ
168,0,7466,"[1007, 260, 14, 12]",4,5847,7466.png,626,1622,33,Giới hạn tốc độ
460,0,7466,"[807, 212, 23, 20]",4,5848,7466.png,626,1622,33,Giới hạn tốc độ
1023,0,7482,"[465, 28, 33, 31]",4,5875,7482.png,626,1622,22,Giới hạn tốc độ
1715,0,7482,"[415, 0, 49, 35]",4,5876,7482.png,626,1622,22,Giới hạn tốc độ
306,0,7500,"[967, 242, 17, 18]",4,5882,7500.png,626,1622,34,Giới hạn tốc độ
840,0,7575,"[833, 204, 28, 30]",4,5928,7575.png,626,1622,36,Giới hạn tốc độ
210,0,7578,"[748, 167, 15, 14]",4,5931,7578.png,626,1622,47,Giới hạn tốc độ
182,0,7578,"[767, 168, 13, 14]",4,5932,7578.png,626,1622,47,Giới hạn tốc độ
196,0,7578,"[785, 169, 14, 14]",4,5933,7578.png,626,1622,47,Giới hạn tốc độ
196,0,7587,"[516, 364, 14, 14]",4,5941,7587.png,626,1622,22,Giới hạn tốc độ
156,0,7587,"[534, 366, 13, 12]",4,5942,7587.png,626,1622,22,Giới hạn tốc độ
169,0,7587,"[551, 368, 13, 13]",4,5943,7587.png,626,1622,22,Giới hạn tốc độ
210,0,7595,"[961, 265, 15, 14]",4,5957,7595.png,626,1622,34,Giới hạn tốc độ
240,0,7619,"[702, 276, 15, 16]",4,5980,7619.png,626,1622,36,Giới hạn tốc độ
483,0,7661,"[860, 120, 21, 23]",4,6011,7661.png,626,1622,47,Giới hạn tốc độ
437,0,7661,"[889, 119, 19, 23]",4,6012,7661.png,626,1622,47,Giới hạn tốc độ
480,0,7661,"[916, 119, 20, 24]",4,6013,7661.png,626,1622,47,Giới hạn tốc độ
56,0,7663,"[387, 298, 8, 7]",4,6014,7663.png,626,1622,47,Giới hạn tốc độ
56,0,7663,"[398, 299, 8, 7]",4,6015,7663.png,626,1622,47,Giới hạn tốc độ
70,0,7663,"[410, 299, 10, 7]",4,6016,7663.png,626,1622,47,Giới hạn tốc độ
169,0,7676,"[725, 294, 13, 13]",4,6025,7676.png,626,1622,36,Giới hạn tốc độ
306,0,7718,"[721, 157, 17, 18]",4,6051,7718.png,626,1622,33,Giới hạn tốc độ
324,0,7718,"[793, 157, 18, 18]",4,6052,7718.png,626,1622,33,Giới hạn tốc độ
399,0,7718,"[612, 155, 21, 19]",4,6053,7718.png,626,1622,33,Giới hạn tốc độ
529,0,7718,"[526, 158, 23, 23]",4,6054,7718.png,626,1622,33,Giới hạn tốc độ
648,0,7718,"[479, 157, 27, 24]",4,6055,7718.png,626,1622,33,Giới hạn tốc độ
324,0,7944,"[1038, 269, 18, 18]",4,6213,7944.png,626,1622,47,Giới hạn tốc độ
361,0,7944,"[1062, 272, 19, 19]",4,6214,7944.png,626,1622,47,Giới hạn tốc độ
380,0,7944,"[1090, 274, 19, 20]",4,6215,7944.png,626,1622,47,Giới hạn tốc độ
5040,0,7956,"[1513, 23, 70, 72]",4,6223,7956.png,626,1622,47,Giới hạn tốc độ
272,0,7961,"[777, 150, 16, 17]",4,6229,7961.png,626,1622,36,Giới hạn tốc độ
90,0,8043,"[1007, 383, 9, 10]",4,6275,8043.png,626,1622,47,Giới hạn tốc độ
484,0,8120,"[865, 245, 22, 22]",4,6314,8120.png,626,1622,53,Giới hạn tốc độ
484,0,8120,"[892, 245, 22, 22]",4,6315,8120.png,626,1622,53,Giới hạn tốc độ
462,0,8120,"[918, 246, 22, 21]",4,6316,8120.png,626,1622,53,Giới hạn tốc độ
100,0,8123,"[851, 245, 10, 10]",4,6319,8123.png,626,1622,33,Giới hạn tốc độ
144,0,8123,"[835, 244, 12, 12]",4,6320,8123.png,626,1622,33,Giới hạn tốc độ
528,0,8146,"[706, 96, 22, 24]",4,6338,8146.png,626,1622,36,Giới hạn tốc độ
306,0,8166,"[769, 194, 18, 17]",4,6353,8166.png,626,1622,33,Giới hạn tốc độ
324,0,8166,"[847, 174, 18, 18]",4,6354,8166.png,626,1622,33,Giới hạn tốc độ
80,0,8195,"[474, 358, 10, 8]",4,6385,8195.png,626,1622,53,Giới hạn tốc độ
42,0,8195,"[809, 368, 7, 6]",4,6389,8195.png,626,1622,53,Giới hạn tốc độ
36,0,8195,"[691, 341, 6, 6]",4,6390,8195.png,626,1622,53,Giới hạn tốc độ
49,0,8195,"[701, 339, 7, 7]",4,6391,8195.png,626,1622,53,Giới hạn tốc độ
42,0,8195,"[710, 339, 6, 7]",4,6392,8195.png,626,1622,53,Giới hạn tốc độ
56,0,8231,"[629, 59, 8, 7]",4,6417,8231.png,626,1622,22,Giới hạn tốc độ
64,0,8231,"[619, 58, 8, 8]",4,6418,8231.png,626,1622,22,Giới hạn tốc độ
56,0,8231,"[608, 58, 7, 8]",4,6419,8231.png,626,1622,22,Giới hạn tốc độ
156,0,8248,"[913, 409, 13, 12]",4,6424,8248.png,626,1622,20,Giới hạn tốc độ
156,0,8248,"[919, 438, 13, 12]",4,6426,8248.png,626,1622,20,Giới hạn tốc độ
90,0,8290,"[860, 420, 10, 9]",4,6453,8290.png,626,1622,20,Giới hạn tốc độ
323,0,8309,"[1007, 120, 19, 17]",4,6460,8309.png,626,1622,28,Giới hạn tốc độ
1224,0,8345,"[816, 76, 34, 36]",4,6476,8345.png,626,1622,19,Giới hạn tốc độ
1216,0,8345,"[856, 80, 32, 38]",4,6477,8345.png,626,1622,19,Giới hạn tốc độ
1122,0,8345,"[894, 89, 33, 34]",4,6478,8345.png,626,1622,19,Giới hạn tốc độ
726,0,8458,"[1469, 170, 33, 22]",4,6533,8458.png,626,1622,20,Giới hạn tốc độ
169,0,8484,"[868, 304, 13, 13]",4,6544,8484.png,626,1622,34,Giới hạn tốc độ
361,0,8492,"[827, 299, 19, 19]",4,6547,8492.png,626,1622,47,Giới hạn tốc độ
361,0,8492,"[853, 303, 19, 19]",4,6548,8492.png,626,1622,47,Giới hạn tốc độ
360,0,8492,"[801, 295, 18, 20]",4,6549,8492.png,626,1622,47,Giới hạn tốc độ
540,0,8493,"[1272, 181, 27, 20]",4,6550,8493.png,626,1622,34,Giới hạn tốc độ
72,0,8520,"[849, 255, 9, 8]",4,6579,8520.png,626,1622,33,Giới hạn tốc độ
90,0,8520,"[960, 261, 9, 10]",4,6583,8520.png,626,1622,33,Giới hạn tốc độ
320,0,8539,"[399, 301, 16, 20]",4,6594,8539.png,626,1622,30,Giới hạn tốc độ
266,0,8539,"[400, 303, 14, 19]",4,7492,8539.png,626,1622,30,Giới hạn tốc độ
25,0,8557,"[689, 193, 5, 5]",4,7056,8557.png,626,1622,47,Giới hạn tốc độ
20,0,8557,"[695, 194, 4, 5]",4,7057,8557.png,626,1622,47,Giới hạn tốc độ
20,0,8557,"[702, 194, 5, 4]",4,7058,8557.png,626,1622,47,Giới hạn tốc độ
25,0,8557,"[689, 193, 5, 5]",4,7807,8557.png,626,1622,47,Giới hạn tốc độ
25,0,8557,"[695, 193, 5, 5]",4,7808,8557.png,626,1622,47,Giới hạn tốc độ
25,0,8557,"[702, 193, 5, 5]",4,7809,8557.png,626,1622,47,Giới hạn tốc độ
81,0,8632,"[809, 260, 9, 9]",4,6639,8632.png,626,1622,34,Giới hạn tốc độ
81,0,8632,"[809, 261, 9, 9]",4,6948,8632.png,626,1622,34,Giới hạn tốc độ
72,0,8632,"[809, 260, 8, 9]",4,7233,8632.png,626,1622,34,Giới hạn tốc độ
1292,0,8643,"[548, 39, 34, 38]",4,6651,8643.png,626,1622,33,Giới hạn tốc độ
738,0,8643,"[708, 0, 41, 18]",4,6652,8643.png,626,1622,33,Giới hạn tốc độ
1440,0,8643,"[548, 38, 36, 40]",4,8403,8643.png,626,1622,33,Giới hạn tốc độ
714,0,8643,"[707, 0, 42, 17]",4,8404,8643.png,626,1622,33,Giới hạn tốc độ
378,0,8649,"[724, 346, 21, 18]",4,6655,8649.png,626,1622,34,Giới hạn tốc độ
306,0,8649,"[725, 348, 18, 17]",4,6891,8649.png,626,1622,34,Giới hạn tốc độ
100,0,8679,"[809, 152, 10, 10]",4,6668,8679.png,626,1622,47,Giới hạn tốc độ
110,0,8679,"[824, 152, 10, 11]",4,6669,8679.png,626,1622,47,Giới hạn tốc độ
100,0,8679,"[838, 153, 10, 10]",4,6670,8679.png,626,1622,47,Giới hạn tốc độ
90,0,8679,"[810, 152, 9, 10]",4,7679,8679.png,626,1622,47,Giới hạn tốc độ
90,0,8679,"[824, 153, 9, 10]",4,7680,8679.png,626,1622,47,Giới hạn tốc độ
90,0,8679,"[838, 153, 9, 10]",4,7681,8679.png,626,1622,47,Giới hạn tốc độ
100,0,8679,"[809, 152, 10, 10]",4,9123,8679.png,626,1622,47,Giới hạn tốc độ
99,0,8679,"[824, 152, 9, 11]",4,9124,8679.png,626,1622,47,Giới hạn tốc độ
110,0,8679,"[837, 153, 10, 11]",4,9125,8679.png,626,1622,47,Giới hạn tốc độ
4012,0,8683,"[1126, 127, 68, 59]",4,6671,8683.png,626,1622,28,Giới hạn tốc độ
4148,0,8683,"[1126, 127, 68, 61]",4,10219,8683.png,626,1622,28,Giới hạn tốc độ
49,0,8811,"[645, 216, 7, 7]",4,6747,8811.png,626,1622,47,Giới hạn tốc độ
49,0,8811,"[655, 216, 7, 7]",4,6748,8811.png,626,1622,47,Giới hạn tốc độ
49,0,8811,"[664, 216, 7, 7]",4,6749,8811.png,626,1622,47,Giới hạn tốc độ
36,0,8811,"[646, 217, 6, 6]",4,9871,8811.png,626,1622,47,Giới hạn tốc độ
36,0,8811,"[655, 216, 6, 6]",4,9872,8811.png,626,1622,47,Giới hạn tốc độ
49,0,8811,"[665, 216, 7, 7]",4,9873,8811.png,626,1622,47,Giới hạn tốc độ
783,0,8889,"[810, 276, 27, 29]",4,6793,8889.png,626,1622,47,Giới hạn tốc độ
783,0,8889,"[845, 280, 27, 29]",4,6794,8889.png,626,1622,47,Giới hạn tốc độ
754,0,8889,"[879, 282, 26, 29]",4,6795,8889.png,626,1622,47,Giới hạn tốc độ
812,0,8889,"[810, 277, 28, 29]",4,10465,8889.png,626,1622,47,Giới hạn tốc độ
728,0,8889,"[845, 280, 26, 28]",4,10466,8889.png,626,1622,47,Giới hạn tốc độ
783,0,8889,"[879, 282, 27, 29]",4,10467,8889.png,626,1622,47,Giới hạn tốc độ
240,0,8916,"[809, 231, 15, 16]",4,6807,8916.png,626,1622,33,Giới hạn tốc độ
169,0,8916,"[828, 231, 13, 13]",4,6808,8916.png,626,1622,33,Giới hạn tốc độ
196,0,8916,"[809, 232, 14, 14]",4,7384,8916.png,626,1622,33,Giới hạn tốc độ
132,0,8916,"[829, 233, 11, 12]",4,7385,8916.png,626,1622,33,Giới hạn tốc độ
156,0,8916,"[828, 232, 13, 12]",4,9383,8916.png,626,1622,33,Giới hạn tốc độ
240,0,8916,"[809, 231, 15, 16]",4,9384,8916.png,626,1622,33,Giới hạn tốc độ
225,0,8916,"[809, 231, 15, 15]",4,10038,8916.png,626,1622,33,Giới hạn tốc độ
144,0,8916,"[828, 232, 12, 12]",4,10039,8916.png,626,1622,33,Giới hạn tốc độ
650,0,8920,"[575, 264, 25, 26]",4,6818,8920.png,626,1622,47,Giới hạn tốc độ
575,0,8920,"[608, 268, 23, 25]",4,6819,8920.png,626,1622,47,Giới hạn tốc độ
525,0,8920,"[639, 272, 21, 25]",4,6820,8920.png,626,1622,47,Giới hạn tốc độ
675,0,8920,"[576, 262, 25, 27]",4,7261,8920.png,626,1622,47,Giới hạn tốc độ
675,0,8920,"[607, 266, 25, 27]",4,7262,8920.png,626,1622,47,Giới hạn tốc độ
525,0,8920,"[639, 270, 21, 25]",4,7263,8920.png,626,1622,47,Giới hạn tốc độ
600,0,8920,"[576, 264, 24, 25]",4,8711,8920.png,626,1622,47,Giới hạn tốc độ
552,0,8920,"[608, 268, 23, 24]",4,8712,8920.png,626,1622,47,Giới hạn tốc độ
460,0,8920,"[639, 272, 20, 23]",4,8713,8920.png,626,1622,47,Giới hạn tốc độ
676,0,8920,"[575, 262, 26, 26]",4,9517,8920.png,626,1622,47,Giới hạn tốc độ
648,0,8920,"[609, 266, 24, 27]",4,9518,8920.png,626,1622,47,Giới hạn tốc độ
506,0,8920,"[638, 272, 22, 23]",4,9519,8920.png,626,1622,47,Giới hạn tốc độ
650,0,8920,"[575, 263, 25, 26]",4,9844,8920.png,626,1622,47,Giới hạn tốc độ
672,0,8920,"[608, 265, 24, 28]",4,9845,8920.png,626,1622,47,Giới hạn tốc độ
575,0,8920,"[638, 270, 23, 25]",4,9846,8920.png,626,1622,47,Giới hạn tốc độ
600,0,8920,"[575, 264, 24, 25]",4,10477,8920.png,626,1622,47,Giới hạn tốc độ
528,0,8920,"[609, 268, 22, 24]",4,10478,8920.png,626,1622,47,Giới hạn tốc độ
437,0,8920,"[640, 273, 19, 23]",4,10479,8920.png,626,1622,47,Giới hạn tốc độ
196,0,9021,"[608, 260, 14, 14]",4,6869,9021.png,626,1622,1,Giới hạn tốc độ
196,0,9021,"[582, 258, 14, 14]",4,6870,9021.png,626,1622,1,Giới hạn tốc độ
225,0,9021,"[582, 257, 15, 15]",4,10345,9021.png,626,1622,1,Giới hạn tốc độ
210,0,9021,"[608, 259, 15, 14]",4,10346,9021.png,626,1622,1,Giới hạn tốc độ
238,0,9063,"[650, 279, 14, 17]",4,6877,9063.png,626,1622,20,Giới hạn tốc độ
255,0,9063,"[634, 280, 15, 17]",4,6878,9063.png,626,1622,20,Giới hạn tốc độ
120,0,9152,"[1190, 391, 12, 10]",4,6959,9152.png,626,1622,12,Giới hạn tốc độ
120,0,9152,"[1190, 391, 12, 10]",4,8104,9152.png,626,1622,12,Giới hạn tốc độ
99,0,9152,"[1190, 391, 11, 9]",4,9893,9152.png,626,1622,12,Giới hạn tốc độ
306,0,9178,"[673, 290, 17, 18]",4,6968,9178.png,626,1622,36,Giới hạn tốc độ
306,0,9178,"[673, 291, 18, 17]",4,7428,9178.png,626,1622,36,Giới hạn tốc độ
256,0,9178,"[674, 292, 16, 16]",4,8160,9178.png,626,1622,36,Giới hạn tốc độ
256,0,9178,"[674, 291, 16, 16]",4,9348,9178.png,626,1622,36,Giới hạn tốc độ
240,0,9178,"[674, 293, 16, 15]",4,9973,9178.png,626,1622,36,Giới hạn tốc độ
240,0,9333,"[1193, 395, 16, 15]",4,7071,9333.png,626,1622,12,Giới hạn tốc độ
195,0,9333,"[1193, 396, 15, 13]",4,10488,9333.png,626,1622,12,Giới hạn tốc độ
289,0,9360,"[856, 278, 17, 17]",4,7088,9360.png,626,1622,47,Giới hạn tốc độ
289,0,9360,"[880, 280, 17, 17]",4,7089,9360.png,626,1622,47,Giới hạn tốc độ
289,0,9360,"[904, 282, 17, 17]",4,7090,9360.png,626,1622,47,Giới hạn tốc độ
272,0,9360,"[857, 278, 17, 16]",4,10151,9360.png,626,1622,47,Giới hạn tốc độ
323,0,9360,"[880, 278, 17, 19]",4,10152,9360.png,626,1622,47,Giới hạn tốc độ
324,0,9360,"[904, 279, 18, 18]",4,10153,9360.png,626,1622,47,Giới hạn tốc độ
121,0,9391,"[707, 444, 11, 11]",4,7110,9391.png,626,1622,36,Giới hạn tốc độ
132,0,9391,"[706, 444, 12, 11]",4,9730,9391.png,626,1622,36,Giới hạn tốc độ
110,0,9418,"[982, 125, 10, 11]",4,7140,9418.png,626,1622,28,Giới hạn tốc độ
90,0,9418,"[982, 126, 10, 9]",4,9953,9418.png,626,1622,28,Giới hạn tốc độ
110,0,9439,"[750, 311, 10, 11]",4,7151,9439.png,626,1622,47,Giới hạn tốc độ
110,0,9439,"[765, 313, 10, 11]",4,7152,9439.png,626,1622,47,Giới hạn tốc độ
99,0,9439,"[781, 315, 9, 11]",4,7153,9439.png,626,1622,47,Giới hạn tốc độ
288,0,9535,"[1203, 387, 18, 16]",4,7216,9535.png,626,1622,12,Giới hạn tốc độ
396,0,9535,"[1202, 387, 22, 18]",4,8944,9535.png,626,1622,12,Giới hạn tốc độ
169,0,9563,"[849, 283, 13, 13]",4,7241,9563.png,626,1622,34,Giới hạn tốc độ
156,0,9563,"[849, 284, 13, 12]",4,8549,9563.png,626,1622,34,Giới hạn tốc độ
156,0,9563,"[849, 284, 13, 12]",4,9630,9563.png,626,1622,34,Giới hạn tốc độ
360,0,9592,"[373, 45, 20, 18]",4,7266,9592.png,626,1622,49,Giới hạn tốc độ
156,0,9592,"[569, 114, 12, 13]",4,7269,9592.png,626,1622,49,Giới hạn tốc độ
380,0,9592,"[372, 45, 20, 19]",4,9140,9592.png,626,1622,49,Giới hạn tốc độ
144,0,9592,"[569, 114, 12, 12]",4,9142,9592.png,626,1622,49,Giới hạn tốc độ
49,0,9604,"[581, 97, 7, 7]",4,7277,9604.png,626,1622,22,Giới hạn tốc độ
64,0,9604,"[591, 96, 8, 8]",4,7278,9604.png,626,1622,22,Giới hạn tốc độ
64,0,9604,"[600, 96, 8, 8]",4,7279,9604.png,626,1622,22,Giới hạn tốc độ
240,0,9631,"[1120, 408, 16, 15]",4,7303,9631.png,626,1622,12,Giới hạn tốc độ
420,0,9654,"[1002, 292, 21, 20]",4,7322,9654.png,626,1622,33,Giới hạn tốc độ
400,0,9654,"[1002, 292, 20, 20]",4,9010,9654.png,626,1622,33,Giới hạn tốc độ
361,0,9654,"[1002, 293, 19, 19]",4,10266,9654.png,626,1622,33,Giới hạn tốc độ
110,0,9695,"[872, 276, 11, 10]",4,7338,9695.png,626,1622,33,Giới hạn tốc độ
1443,0,9708,"[1063, 278, 39, 37]",4,7347,9708.png,626,1622,47,Giới hạn tốc độ
1023,0,9816,"[808, 108, 31, 33]",4,7422,9816.png,626,1622,22,Giới hạn tốc độ
1560,0,9816,"[857, 263, 39, 40]",4,7423,9816.png,626,1622,22,Giới hạn tốc độ
1482,0,9816,"[859, 264, 38, 39]",4,8473,9816.png,626,1622,22,Giới hạn tốc độ
992,0,9816,"[807, 108, 31, 32]",4,8474,9816.png,626,1622,22,Giới hạn tốc độ
1332,0,9816,"[859, 266, 37, 36]",4,9008,9816.png,626,1622,22,Giới hạn tốc độ
810,0,9816,"[808, 110, 27, 30]",4,9009,9816.png,626,1622,22,Giới hạn tốc độ
1365,0,9816,"[857, 266, 39, 35]",4,9668,9816.png,626,1622,22,Giới hạn tốc độ
840,0,9816,"[808, 110, 28, 30]",4,9669,9816.png,626,1622,22,Giới hạn tốc độ
1369,0,9816,"[859, 265, 37, 37]",4,10166,9816.png,626,1622,22,Giới hạn tốc độ
840,0,9816,"[807, 110, 28, 30]",4,10167,9816.png,626,1622,22,Giới hạn tốc độ
580,0,9855,"[1524, 88, 29, 20]",4,7441,9855.png,626,1622,28,Giới hạn tốc độ
513,0,9855,"[1524, 89, 27, 19]",4,8706,9855.png,626,1622,28,Giới hạn tốc độ
486,0,9855,"[1525, 89, 27, 18]",4,9510,9855.png,626,1622,28,Giới hạn tốc độ
2597,0,9877,"[525, 188, 53, 49]",4,7465,9877.png,626,1622,36,Giới hạn tốc độ
2250,0,9877,"[526, 191, 50, 45]",4,9919,9877.png,626,1622,36,Giới hạn tốc độ
2397,0,9877,"[525, 189, 51, 47]",4,10377,9877.png,626,1622,36,Giới hạn tốc độ
196,0,9959,"[860, 265, 14, 14]",4,7525,9959.png,626,1622,33,Giới hạn tốc độ
182,0,9959,"[860, 265, 14, 13]",4,8199,9959.png,626,1622,33,Giới hạn tốc độ
210,0,9959,"[860, 264, 15, 14]",4,9082,9959.png,626,1622,33,Giới hạn tốc độ
110,0,9986,"[579, 317, 11, 10]",4,7546,9986.png,626,1622,22,Giới hạn tốc độ
110,0,9986,"[638, 320, 11, 10]",4,7547,9986.png,626,1622,22,Giới hạn tốc độ
42,0,9986,"[712, 317, 6, 7]",4,7548,9986.png,626,1622,22,Giới hạn tốc độ
90,0,9986,"[1204, 368, 9, 10]",4,7552,9986.png,626,1622,22,Giới hạn tốc độ
110,0,9986,"[1217, 368, 10, 11]",4,7553,9986.png,626,1622,22,Giới hạn tốc độ
56,0,10046,"[1034, 418, 8, 7]",4,7609,10046.png,626,1622,12,Giới hạn tốc độ
81,0,10046,"[1033, 417, 9, 9]",4,7730,10046.png,626,1622,12,Giới hạn tốc độ
81,0,10144,"[621, 279, 9, 9]",4,7714,10144.png,626,1622,1,Giới hạn tốc độ
81,0,10144,"[602, 278, 9, 9]",4,7715,10144.png,626,1622,1,Giới hạn tốc độ
3575,0,10154,"[1219, 83, 55, 65]",4,7723,10154.png,626,1622,36,Giới hạn tốc độ
2070,0,10166,"[574, 129, 45, 46]",4,7737,10166.png,626,1622,22,Giới hạn tốc độ
899,0,10166,"[867, 129, 29, 31]",4,7738,10166.png,626,1622,22,Giới hạn tốc độ
2850,0,10166,"[308, 100, 57, 50]",4,7739,10166.png,626,1622,22,Giới hạn tốc độ
2538,0,10166,"[309, 102, 54, 47]",4,9932,10166.png,626,1622,22,Giới hạn tốc độ
2024,0,10166,"[574, 130, 46, 44]",4,9933,10166.png,626,1622,22,Giới hạn tốc độ
899,0,10166,"[867, 128, 29, 31]",4,9934,10166.png,626,1622,22,Giới hạn tốc độ
364,0,10180,"[313, 301, 14, 26]",4,7762,10180.png,626,1622,47,Giới hạn tốc độ
6272,0,10199,"[1396, 87, 98, 64]",4,7792,10199.png,626,1622,36,Giới hạn tốc độ
3000,0,10218,"[1118, 311, 50, 60]",4,7810,10218.png,626,1622,22,Giới hạn tốc độ
2726,0,10218,"[1179, 312, 47, 58]",4,7811,10218.png,626,1622,22,Giới hạn tốc độ
3596,0,10218,"[1115, 309, 58, 62]",4,9473,10218.png,626,1622,22,Giới hạn tốc độ
3162,0,10218,"[1178, 309, 51, 62]",4,9474,10218.png,626,1622,22,Giới hạn tốc độ
441,0,10235,"[486, 70, 21, 21]",4,7827,10235.png,626,1622,22,Giới hạn tốc độ
256,0,10235,"[502, 82, 16, 16]",4,7828,10235.png,626,1622,22,Giới hạn tốc độ
400,0,10235,"[487, 70, 20, 20]",4,8330,10235.png,626,1622,22,Giới hạn tốc độ
256,0,10235,"[502, 82, 16, 16]",4,8331,10235.png,626,1622,22,Giới hạn tốc độ
420,0,10235,"[487, 70, 20, 21]",4,8737,10235.png,626,1622,22,Giới hạn tốc độ
256,0,10235,"[502, 82, 16, 16]",4,8738,10235.png,626,1622,22,Giới hạn tốc độ
272,0,10258,"[829, 385, 16, 17]",4,7840,10258.png,626,1622,47,Giới hạn tốc độ
288,0,10258,"[852, 386, 16, 18]",4,7841,10258.png,626,1622,47,Giới hạn tốc độ
255,0,10258,"[874, 388, 15, 17]",4,7842,10258.png,626,1622,47,Giới hạn tốc độ
306,0,10258,"[829, 385, 17, 18]",4,8437,10258.png,626,1622,47,Giới hạn tốc độ
306,0,10258,"[851, 386, 18, 17]",4,8438,10258.png,626,1622,47,Giới hạn tốc độ
342,0,10258,"[873, 385, 18, 19]",4,8439,10258.png,626,1622,47,Giới hạn tốc độ
256,0,10258,"[829, 386, 16, 16]",4,9796,10258.png,626,1622,47,Giới hạn tốc độ
289,0,10258,"[851, 386, 17, 17]",4,9797,10258.png,626,1622,47,Giới hạn tốc độ
240,0,10258,"[874, 388, 15, 16]",4,9798,10258.png,626,1622,47,Giới hạn tốc độ
182,0,10283,"[873, 298, 13, 14]",4,7882,10283.png,626,1622,47,Giới hạn tốc độ
225,0,10283,"[852, 294, 15, 15]",4,7883,10283.png,626,1622,47,Giới hạn tốc độ
196,0,10283,"[833, 291, 14, 14]",4,7884,10283.png,626,1622,47,Giới hạn tốc độ
196,0,10283,"[833, 291, 14, 14]",4,9297,10283.png,626,1622,47,Giới hạn tốc độ
196,0,10283,"[852, 294, 14, 14]",4,9298,10283.png,626,1622,47,Giới hạn tốc độ
210,0,10283,"[872, 297, 14, 15]",4,9299,10283.png,626,1622,47,Giới hạn tốc độ
225,0,10283,"[832, 290, 15, 15]",4,10063,10283.png,626,1622,47,Giới hạn tốc độ
224,0,10283,"[852, 293, 14, 16]",4,10064,10283.png,626,1622,47,Giới hạn tốc độ
225,0,10283,"[872, 297, 15, 15]",4,10065,10283.png,626,1622,47,Giới hạn tốc độ
110,0,10362,"[560, 305, 11, 10]",4,7947,10362.png,626,1622,34,Giới hạn tốc độ
90,0,10362,"[561, 306, 10, 9]",4,10513,10362.png,626,1622,34,Giới hạn tốc độ
210,0,10376,"[573, 320, 15, 14]",4,7970,10376.png,626,1622,34,Giới hạn tốc độ
1564,0,10450,"[1083, 147, 34, 46]",4,8052,10450.png,626,1622,47,Giới hạn tốc độ
1408,0,10450,"[1128, 155, 32, 44]",4,8053,10450.png,626,1622,47,Giới hạn tốc độ
1247,0,10450,"[1172, 164, 29, 43]",4,8054,10450.png,626,1622,47,Giới hạn tốc độ
1813,0,10450,"[1080, 145, 37, 49]",4,8416,10450.png,626,1622,47,Giới hạn tốc độ
1692,0,10450,"[1127, 151, 36, 47]",4,8417,10450.png,626,1622,47,Giới hạn tốc độ
1598,0,10450,"[1168, 159, 34, 47]",4,8418,10450.png,626,1622,47,Giới hạn tốc độ
1564,0,10450,"[1083, 147, 34, 46]",4,9023,10450.png,626,1622,47,Giới hạn tốc độ
1408,0,10450,"[1128, 155, 32, 44]",4,9024,10450.png,626,1622,47,Giới hạn tốc độ
1333,0,10450,"[1170, 163, 31, 43]",4,9025,10450.png,626,1622,47,Giới hạn tốc độ
1665,0,10450,"[1080, 148, 37, 45]",4,10262,10450.png,626,1622,47,Giới hạn tốc độ
1518,0,10450,"[1128, 154, 33, 46]",4,10263,10450.png,626,1622,47,Giới hạn tốc độ
1204,0,10450,"[1172, 164, 28, 43]",4,10264,10450.png,626,1622,47,Giới hạn tốc độ
832,0,10464,"[1102, 369, 26, 32]",4,8072,10464.png,626,1622,47,Giới hạn tốc độ
858,0,10464,"[1137, 370, 26, 33]",4,8073,10464.png,626,1622,47,Giới hạn tốc độ
832,0,10464,"[1171, 375, 26, 32]",4,8074,10464.png,626,1622,47,Giới hạn tốc độ
896,0,10538,"[670, 87, 28, 32]",4,8168,10538.png,626,1622,36,Giới hạn tốc độ
837,0,10538,"[669, 87, 27, 31]",4,9768,10538.png,626,1622,36,Giới hạn tốc độ
483,0,10557,"[905, 151, 21, 23]",4,8196,10557.png,626,1622,47,Giới hạn tốc độ
528,0,10557,"[932, 152, 22, 24]",4,8197,10557.png,626,1622,47,Giới hạn tốc độ
483,0,10557,"[960, 155, 21, 23]",4,8198,10557.png,626,1622,47,Giới hạn tốc độ
72,0,10593,"[1029, 401, 9, 8]",4,8226,10593.png,626,1622,12,Giới hạn tốc độ
210,0,10718,"[917, 438, 15, 14]",4,8367,10718.png,626,1622,20,Giới hạn tốc độ
132,0,10718,"[919, 438, 11, 12]",4,10094,10718.png,626,1622,20,Giới hạn tốc độ
132,0,10718,"[913, 409, 11, 12]",4,10095,10718.png,626,1622,20,Giới hạn tốc độ
42,0,10721,"[742, 245, 7, 6]",4,8380,10721.png,626,1622,34,Giới hạn tốc độ
270,0,10728,"[1195, 395, 18, 15]",4,8389,10728.png,626,1622,12,Giới hạn tốc độ
143,0,10736,"[544, 265, 13, 11]",4,8395,10736.png,626,1622,20,Giới hạn tốc độ
80,0,10736,"[568, 240, 10, 8]",4,8398,10736.png,626,1622,20,Giới hạn tốc độ
130,0,10736,"[545, 265, 13, 10]",4,10041,10736.png,626,1622,20,Giới hạn tốc độ
100,0,10736,"[568, 239, 10, 10]",4,10044,10736.png,626,1622,20,Giới hạn tốc độ
2652,0,10794,"[239, 0, 78, 34]",4,8477,10794.png,626,1622,36,Giới hạn tốc độ
2880,0,10794,"[239, 0, 80, 36]",4,8923,10794.png,626,1622,36,Giới hạn tốc độ
1024,0,10799,"[559, 271, 32, 32]",4,8490,10799.png,626,1622,22,Giới hạn tốc độ
992,0,10799,"[598, 274, 32, 31]",4,8491,10799.png,626,1622,22,Giới hạn tốc độ
840,0,10799,"[636, 276, 28, 30]",4,8492,10799.png,626,1622,22,Giới hạn tốc độ
63,0,10813,"[1001, 426, 9, 7]",4,8583,10813.png,626,1622,12,Giới hạn tốc độ
110,0,10830,"[985, 125, 11, 10]",4,8531,10830.png,626,1622,28,Giới hạn tốc độ
100,0,10870,"[1099, 399, 10, 10]",4,8572,10870.png,626,1622,12,Giới hạn tốc độ
132,0,10870,"[1099, 398, 12, 11]",4,9046,10870.png,626,1622,12,Giới hạn tốc độ
72,0,10926,"[773, 418, 8, 9]",4,8638,10926.png,626,1622,47,Giới hạn tốc độ
80,0,10926,"[761, 417, 8, 10]",4,8639,10926.png,626,1622,47,Giới hạn tốc độ
72,0,10926,"[748, 417, 8, 9]",4,8640,10926.png,626,1622,47,Giới hạn tốc độ
81,0,10926,"[748, 417, 9, 9]",4,9827,10926.png,626,1622,47,Giới hạn tốc độ
81,0,10926,"[760, 417, 9, 9]",4,9828,10926.png,626,1622,47,Giới hạn tốc độ
81,0,10926,"[773, 418, 9, 9]",4,9829,10926.png,626,1622,47,Giới hạn tốc độ
81,0,10926,"[748, 417, 9, 9]",4,9915,10926.png,626,1622,47,Giới hạn tốc độ
72,0,10926,"[760, 417, 8, 9]",4,9916,10926.png,626,1622,47,Giới hạn tốc độ
64,0,10926,"[773, 418, 8, 8]",4,9917,10926.png,626,1622,47,Giới hạn tốc độ
210,0,10942,"[1079, 418, 15, 14]",4,8665,10942.png,626,1622,12,Giới hạn tốc độ
196,0,11134,"[1046, 414, 14, 14]",4,8901,11134.png,626,1622,12,Giới hạn tốc độ
169,0,11134,"[1046, 415, 13, 13]",4,9250,11134.png,626,1622,12,Giới hạn tốc độ
625,0,11135,"[816, 270, 25, 25]",4,8905,11135.png,626,1622,53,Giới hạn tốc độ
600,0,11135,"[846, 273, 25, 24]",4,8906,11135.png,626,1622,53,Giới hạn tốc độ
625,0,11135,"[876, 274, 25, 25]",4,8907,11135.png,626,1622,53,Giới hạn tốc độ
552,0,11135,"[815, 272, 24, 23]",4,9712,11135.png,626,1622,53,Giới hạn tốc độ
552,0,11135,"[846, 273, 23, 24]",4,9713,11135.png,626,1622,53,Giới hạn tốc độ
576,0,11135,"[876, 275, 24, 24]",4,9714,11135.png,626,1622,53,Giới hạn tốc độ
210,0,11155,"[1042, 431, 15, 14]",4,8935,11155.png,626,1622,36,Giới hạn tốc độ
196,0,11155,"[1043, 432, 14, 14]",4,9155,11155.png,626,1622,36,Giới hạn tốc độ
650,0,11178,"[623, 30, 25, 26]",4,8971,11178.png,626,1622,22,Giới hạn tốc độ
650,0,11178,"[671, 25, 25, 26]",4,8972,11178.png,626,1622,22,Giới hạn tốc độ
728,0,11178,"[719, 19, 28, 26]",4,8973,11178.png,626,1622,22,Giới hạn tốc độ
702,0,11178,"[720, 19, 26, 27]",4,9777,11178.png,626,1622,22,Giới hạn tốc độ
624,0,11178,"[671, 25, 24, 26]",4,9778,11178.png,626,1622,22,Giới hạn tốc độ
600,0,11178,"[622, 31, 24, 25]",4,9779,11178.png,626,1622,22,Giới hạn tốc độ
650,0,11178,"[622, 30, 25, 26]",4,9858,11178.png,626,1622,22,Giới hạn tốc độ
650,0,11178,"[671, 24, 25, 26]",4,9859,11178.png,626,1622,22,Giới hạn tốc độ
702,0,11178,"[720, 19, 27, 26]",4,9860,11178.png,626,1622,22,Giới hạn tốc độ
625,0,11178,"[720, 20, 25, 25]",4,10535,11178.png,626,1622,22,Giới hạn tốc độ
576,0,11178,"[671, 26, 24, 24]",4,10536,11178.png,626,1622,22,Giới hạn tốc độ
552,0,11178,"[623, 31, 23, 24]",4,10537,11178.png,626,1622,22,Giới hạn tốc độ
90,0,11194,"[792, 299, 9, 10]",4,8997,11194.png,626,1622,53,Giới hạn tốc độ
81,0,11194,"[805, 300, 9, 9]",4,8998,11194.png,626,1622,53,Giới hạn tốc độ
64,0,11194,"[819, 300, 8, 8]",4,8999,11194.png,626,1622,53,Giới hạn tốc độ
529,0,11233,"[965, 154, 23, 23]",4,9054,11233.png,626,1622,47,Giới hạn tốc độ
600,0,11233,"[996, 155, 25, 24]",4,9055,11233.png,626,1622,47,Giới hạn tốc độ
550,0,11233,"[1028, 156, 22, 25]",4,9056,11233.png,626,1622,47,Giới hạn tốc độ
272,0,11234,"[951, 224, 17, 16]",4,9060,11234.png,626,1622,34,Giới hạn tốc độ
56,0,11262,"[989, 296, 7, 8]",4,9116,11262.png,626,1622,47,Giới hạn tốc độ
72,0,11262,"[1001, 296, 8, 9]",4,9117,11262.png,626,1622,47,Giới hạn tốc độ
81,0,11262,"[975, 294, 9, 9]",4,9118,11262.png,626,1622,47,Giới hạn tốc độ
81,0,11270,"[969, 268, 9, 9]",4,9133,11270.png,626,1622,33,Giới hạn tốc độ
144,0,11270,"[835, 240, 12, 12]",4,9134,11270.png,626,1622,33,Giới hạn tốc độ
506,0,11416,"[1009, 343, 22, 23]",4,9336,11416.png,626,1622,36,Giới hạn tốc độ
552,0,11416,"[1008, 343, 24, 23]",4,10463,11416.png,626,1622,36,Giới hạn tốc độ
696,0,11425,"[1427, 218, 29, 24]",4,9370,11425.png,626,1622,36,Giới hạn tốc độ
272,0,11437,"[989, 431, 17, 16]",4,9398,11437.png,626,1622,5,Giới hạn tốc độ
56,0,11463,"[807, 255, 7, 8]",4,9442,11463.png,626,1622,22,Giới hạn tốc độ
42,0,11463,"[823, 255, 7, 6]",4,9443,11463.png,626,1622,22,Giới hạn tốc độ
49,0,11463,"[839, 254, 7, 7]",4,9444,11463.png,626,1622,22,Giới hạn tốc độ
64,0,11463,"[807, 254, 8, 8]",4,10413,11463.png,626,1622,22,Giới hạn tốc độ
49,0,11463,"[823, 254, 7, 7]",4,10414,11463.png,626,1622,22,Giới hạn tốc độ
64,0,11463,"[840, 253, 8, 8]",4,10415,11463.png,626,1622,22,Giới hạn tốc độ
196,0,11470,"[378, 351, 14, 14]",4,9459,11470.png,626,1622,53,Giới hạn tốc độ
72,0,11470,"[684, 326, 8, 9]",4,9463,11470.png,626,1622,53,Giới hạn tốc độ
90,0,11470,"[696, 325, 9, 10]",4,9464,11470.png,626,1622,53,Giới hạn tốc độ
100,0,11470,"[709, 324, 10, 10]",4,9465,11470.png,626,1622,53,Giới hạn tốc độ
260,0,11470,"[1084, 350, 13, 20]",4,9469,11470.png,626,1622,53,Giới hạn tốc độ
81,0,11490,"[616, 60, 9, 9]",4,9497,11490.png,626,1622,22,Giới hạn tốc độ
81,0,11490,"[627, 60, 9, 9]",4,9498,11490.png,626,1622,22,Giới hạn tốc độ
100,0,11490,"[639, 60, 10, 10]",4,9499,11490.png,626,1622,22,Giới hạn tốc độ
90,0,11490,"[615, 60, 9, 10]",4,10339,11490.png,626,1622,22,Giới hạn tốc độ
72,0,11490,"[627, 60, 8, 9]",4,10340,11490.png,626,1622,22,Giới hạn tốc độ
90,0,11490,"[639, 61, 9, 10]",4,10341,11490.png,626,1622,22,Giới hạn tốc độ
22363,0,11491,"[233, 0, 209, 107]",4,9506,11491.png,626,1622,36,Giới hạn tốc độ
529,0,11503,"[967, 286, 23, 23]",4,9532,11503.png,626,1622,36,Giới hạn tốc độ
528,0,11503,"[967, 287, 24, 22]",4,9836,11503.png,626,1622,36,Giới hạn tốc độ
156,0,11590,"[698, 245, 13, 12]",4,9688,11590.png,626,1622,36,Giới hạn tốc độ
144,0,11661,"[1008, 402, 12, 12]",4,9800,11661.png,626,1622,12,Giới hạn tốc độ
1656,0,11698,"[1047, 209, 36, 46]",4,9868,11698.png,626,1622,47,Giới hạn tốc độ
1452,0,11698,"[1092, 217, 33, 44]",4,9869,11698.png,626,1622,47,Giới hạn tốc độ
1333,0,11698,"[1134, 222, 31, 43]",4,9870,11698.png,626,1622,47,Giới hạn tốc độ
1452,0,11698,"[1048, 212, 33, 44]",4,10122,11698.png,626,1622,47,Giới hạn tốc độ
1333,0,11698,"[1093, 220, 31, 43]",4,10123,11698.png,626,1622,47,Giới hạn tốc độ
1260,0,11698,"[1134, 225, 30, 42]",4,10124,11698.png,626,1622,47,Giới hạn tốc độ
156,0,11711,"[904, 312, 13, 12]",4,9887,11711.png,626,1622,36,Giới hạn tốc độ
144,0,11711,"[904, 312, 12, 12]",4,10241,11711.png,626,1622,36,Giới hạn tốc độ
494,0,11755,"[1543, 387, 26, 19]",4,9997,11755.png,626,1622,28,Giới hạn tốc độ
132,0,11790,"[615, 342, 12, 11]",4,10073,11790.png,626,1622,22,Giới hạn tốc độ
156,0,11790,"[1023, 336, 12, 13]",4,10076,11790.png,626,1622,22,Giới hạn tốc độ
169,0,11790,"[1040, 335, 13, 13]",4,10077,11790.png,626,1622,22,Giới hạn tốc độ
49,0,11908,"[868, 72, 7, 7]",4,10358,11908.png,626,1622,22,Giới hạn tốc độ
64,0,11908,"[924, 70, 8, 8]",4,10359,11908.png,626,1622,22,Giới hạn tốc độ
81,0,11908,"[962, 65, 9, 9]",4,10360,11908.png,626,1622,22,Giới hạn tốc độ
100,0,11987,"[1028, 414, 10, 10]",4,10565,11987.png,626,1622,12,Giới hạn tốc độ
306,0,12043,"[762, 355, 18, 17]",4,10668,12043.png,626,1622,49,Giới hạn tốc độ
441,0,12043,"[766, 281, 21, 21]",4,10669,12043.png,626,1622,49,Giới hạn tốc độ
256,0,12043,"[979, 336, 16, 16]",4,10671,12043.png,626,1622,49,Giới hạn tốc độ
806,0,12067,"[746, 56, 26, 31]",4,10679,12067.png,626,1622,49,Giới hạn tốc độ
1088,0,12067,"[326, 75, 34, 32]",4,10681,12067.png,626,1622,49,Giới hạn tốc độ
1224,0,12077,"[734, 319, 34, 36]",4,10689,12077.png,626,1622,49,Giới hạn tốc độ
1980,0,12077,"[777, 182, 44, 45]",4,10690,12077.png,626,1622,49,Giới hạn tốc độ
12495,0,12151,"[501, 152, 105, 119]",4,10726,12151.png,626,1622,49,Giới hạn tốc độ
1224,0,12207,"[1262, 356, 34, 36]",4,10759,12207.png,626,1622,53,Giới hạn tốc độ
624,0,12207,"[519, 155, 26, 24]",4,10761,12207.png,626,1622,53,Giới hạn tốc độ
625,0,12207,"[630, 157, 25, 25]",4,10762,12207.png,626,1622,53,Giới hạn tốc độ
528,0,12207,"[718, 161, 24, 22]",4,10763,12207.png,626,1622,53,Giới hạn tốc độ
255,0,12210,"[668, 297, 17, 15]",4,10764,12210.png,626,1622,53,Giới hạn tốc độ
256,0,12210,"[689, 296, 16, 16]",4,10765,12210.png,626,1622,53,Giới hạn tốc độ
289,0,12210,"[709, 295, 17, 17]",4,10766,12210.png,626,1622,53,Giới hạn tốc độ
528,0,12210,"[188, 335, 24, 22]",4,10770,12210.png,626,1622,53,Giới hạn tốc độ
256,0,12210,"[922, 357, 16, 16]",4,10772,12210.png,626,1622,53,Giới hạn tốc độ
2688,0,12213,"[1064, 22, 42, 64]",4,10777,12213.png,626,1622,49,Giới hạn tốc độ
6800,0,12213,"[116, 6, 85, 80]",4,10778,12213.png,626,1622,49,Giới hạn tốc độ
10810,0,12228,"[1281, 114, 115, 94]",4,10790,12228.png,626,1622,49,Giới hạn tốc độ
2544,0,12236,"[984, 22, 48, 53]",4,10793,12236.png,626,1622,49,Giới hạn tốc độ
169,0,12293,"[823, 359, 13, 13]",4,10836,12293.png,626,1622,49,Giới hạn tốc độ
272,0,12293,"[837, 300, 16, 17]",4,10837,12293.png,626,1622,49,Giới hạn tốc độ
1020,0,12309,"[851, 301, 30, 34]",4,10845,12309.png,626,1622,53,Giới hạn tốc độ
810,0,12328,"[65, 324, 30, 27]",4,10856,12328.png,626,1622,53,Giới hạn tốc độ
400,0,12328,"[661, 277, 20, 20]",4,10860,12328.png,626,1622,53,Giới hạn tốc độ
420,0,12328,"[686, 277, 21, 20]",4,10861,12328.png,626,1622,53,Giới hạn tốc độ
420,0,12328,"[712, 275, 20, 21]",4,10862,12328.png,626,1622,53,Giới hạn tốc độ
361,0,12328,"[974, 356, 19, 19]",4,10863,12328.png,626,1622,53,Giới hạn tốc độ
440,0,12372,"[782, 330, 20, 22]",4,10877,12372.png,626,1622,49,Giới hạn tốc độ
700,0,12372,"[802, 246, 25, 28]",4,10878,12372.png,626,1622,49,Giới hạn tốc độ
702,0,12387,"[663, 340, 26, 27]",4,10883,12387.png,626,1622,49,Giới hạn tốc độ
899,0,12387,"[673, 237, 29, 31]",4,10884,12387.png,626,1622,49,Giới hạn tốc độ
529,0,12387,"[963, 322, 23, 23]",4,10886,12387.png,626,1622,49,Giới hạn tốc độ
378,0,12389,"[271, 343, 21, 18]",4,10890,12389.png,626,1622,53,Giới hạn tốc độ
169,0,12389,"[675, 309, 13, 13]",4,10892,12389.png,626,1622,53,Giới hạn tốc độ
196,0,12389,"[691, 308, 14, 14]",4,10893,12389.png,626,1622,53,Giới hạn tốc độ
196,0,12389,"[708, 307, 14, 14]",4,10894,12389.png,626,1622,53,Giới hạn tốc độ
182,0,12389,"[888, 360, 14, 13]",4,10896,12389.png,626,1622,53,Giới hạn tốc độ
552,0,12411,"[703, 81, 23, 24]",4,10907,12411.png,626,1622,49,Giới hạn tốc độ
1184,0,12411,"[348, 44, 37, 32]",4,10908,12411.png,626,1622,49,Giới hạn tốc độ
1353,0,12415,"[890, 87, 33, 41]",4,10912,12415.png,626,1622,49,Giới hạn tốc độ
4428,0,12415,"[247, 0, 82, 54]",4,10913,12415.png,626,1622,49,Giới hạn tốc độ
1558,0,12416,"[635, 189, 41, 38]",4,10914,12416.png,626,1622,53,Giới hạn tốc độ
1722,0,12416,"[683, 186, 42, 41]",4,10915,12416.png,626,1622,53,Giới hạn tốc độ
1722,0,12416,"[734, 184, 41, 42]",4,10916,12416.png,626,1622,53,Giới hạn tốc độ
1122,0,12416,"[1209, 338, 33, 34]",4,10917,12416.png,626,1622,53,Giới hạn tốc độ
7480,0,12420,"[585, 17, 85, 88]",4,10921,12420.png,626,1622,53,Giới hạn tốc độ
7221,0,12420,"[681, 18, 83, 87]",4,10922,12420.png,626,1622,53,Giới hạn tốc độ
6975,0,12420,"[776, 15, 75, 93]",4,10923,12420.png,626,1622,53,Giới hạn tốc độ
3087,0,12420,"[1571, 310, 49, 63]",4,10924,12420.png,626,1622,53,Giới hạn tốc độ
675,0,12424,"[652, 246, 27, 25]",4,10929,12424.png,626,1622,53,Giới hạn tốc độ
810,0,12424,"[685, 244, 30, 27]",4,10930,12424.png,626,1622,53,Giới hạn tốc độ
780,0,12424,"[719, 242, 26, 30]",4,10931,12424.png,626,1622,53,Giới hạn tốc độ
650,0,12424,"[1057, 347, 25, 26]",4,10933,12424.png,626,1622,53,Giới hạn tốc độ
1443,0,12432,"[353, 87, 37, 39]",4,10941,12432.png,626,1622,49,Giới hạn tốc độ
441,0,12432,"[675, 90, 21, 21]",4,10942,12432.png,626,1622,49,Giới hạn tốc độ
110,0,12442,"[679, 319, 11, 10]",4,10955,12442.png,626,1622,53,Giới hạn tốc độ
121,0,12442,"[694, 319, 11, 11]",4,10956,12442.png,626,1622,53,Giới hạn tốc độ
132,0,12442,"[709, 318, 12, 11]",4,10957,12442.png,626,1622,53,Giới hạn tốc độ
132,0,12442,"[864, 362, 11, 12]",4,10958,12442.png,626,1622,53,Giới hạn tốc độ
196,0,12450,"[930, 354, 14, 14]",4,10970,12450.png,626,1622,53,Giới hạn tốc độ
2548,0,12474,"[419, 289, 49, 52]",4,10977,12474.png,626,1622,49,Giới hạn tốc độ
2968,0,12474,"[479, 106, 53, 56]",4,10978,12474.png,626,1622,49,Giới hạn tốc độ
1224,0,12474,"[972, 317, 36, 34]",4,10980,12474.png,626,1622,49,Giới hạn tốc độ
240,0,12523,"[969, 335, 15, 16]",4,11000,12523.png,626,1622,53,Giới hạn tốc độ
418,0,40,"[873, 414, 22, 19]",1,24,40.png,626,1622,12,Cấm ngược chiều
2703,0,50,"[403, 412, 51, 53]",1,30,50.png,626,1622,12,Cấm ngược chiều
8200,0,86,"[175, 178, 100, 82]",1,44,86.png,626,1622,1,Cấm ngược chiều
728,0,98,"[713, 393, 26, 28]",1,49,98.png,626,1622,12,Cấm ngược chiều
156,0,149,"[761, 405, 12, 13]",1,68,149.png,626,1622,12,Cấm ngược chiều
25,0,151,"[983, 404, 5, 5]",1,70,151.png,626,1622,12,Cấm ngược chiều
924,0,161,"[296, 408, 28, 33]",1,77,161.png,626,1622,4,Cấm ngược chiều
100,0,189,"[841, 422, 10, 10]",1,92,189.png,626,1622,12,Cấm ngược chiều
306,0,208,"[770, 412, 17, 18]",1,96,208.png,626,1622,12,Cấm ngược chiều
1360,0,209,"[1164, 284, 34, 40]",1,98,209.png,626,1622,4,Cấm ngược chiều
143,0,221,"[458, 379, 13, 11]",1,103,221.png,626,1622,3,Cấm ngược chiều
56,0,226,"[918, 420, 8, 7]",1,104,226.png,626,1622,12,Cấm ngược chiều
1440,0,228,"[38, 356, 40, 36]",1,106,228.png,626,1622,3,Cấm ngược chiều
48,0,231,"[864, 425, 8, 6]",1,107,231.png,626,1622,12,Cấm ngược chiều
56,0,246,"[515, 427, 8, 7]",1,112,246.png,626,1622,12,Cấm ngược chiều
25,0,246,"[869, 423, 5, 5]",1,113,246.png,626,1622,12,Cấm ngược chiều
48,0,256,"[854, 411, 6, 8]",1,117,256.png,626,1622,12,Cấm ngược chiều
16,0,292,"[943, 409, 4, 4]",1,136,292.png,626,1622,12,Cấm ngược chiều
870,0,323,"[452, 393, 30, 29]",1,143,323.png,626,1622,12,Cấm ngược chiều
182,0,332,"[767, 406, 13, 14]",1,145,332.png,626,1622,12,Cấm ngược chiều
195,0,342,"[578, 402, 15, 13]",1,152,342.png,626,1622,12,Cấm ngược chiều
9,0,347,"[849, 425, 3, 3]",1,154,347.png,626,1622,12,Cấm ngược chiều
930,0,361,"[753, 206, 31, 30]",1,162,361.png,626,1622,13,Cấm ngược chiều
25,0,369,"[1053, 400, 5, 5]",1,169,369.png,626,1622,12,Cấm ngược chiều
36,0,384,"[738, 419, 6, 6]",1,176,384.png,626,1622,12,Cấm ngược chiều
25,0,395,"[740, 420, 5, 5]",1,181,395.png,626,1622,12,Cấm ngược chiều
16,0,401,"[854, 429, 4, 4]",1,186,401.png,626,1622,12,Cấm ngược chiều
418,0,404,"[424, 253, 22, 19]",1,189,404.png,626,1622,13,Cấm ngược chiều
30,0,456,"[886, 405, 6, 5]",1,212,456.png,626,1622,12,Cấm ngược chiều
224,0,460,"[883, 417, 16, 14]",1,219,460.png,626,1622,12,Cấm ngược chiều
49,0,468,"[872, 403, 7, 7]",1,221,468.png,626,1622,12,Cấm ngược chiều
168,0,469,"[602, 406, 14, 12]",1,222,469.png,626,1622,12,Cấm ngược chiều
16,0,488,"[887, 410, 4, 4]",1,233,488.png,626,1622,12,Cấm ngược chiều
132,0,507,"[837, 402, 12, 11]",1,237,507.png,626,1622,12,Cấm ngược chiều
63,0,509,"[820, 424, 9, 7]",1,239,509.png,626,1622,12,Cấm ngược chiều
1116,0,517,"[805, 390, 36, 31]",1,244,517.png,626,1622,12,Cấm ngược chiều
108,0,528,"[501, 455, 9, 12]",1,251,528.png,626,1622,4,Cấm ngược chiều
13090,0,529,"[54, 330, 110, 119]",1,252,529.png,626,1622,12,Cấm ngược chiều
56,0,555,"[864, 401, 8, 7]",1,259,555.png,626,1622,12,Cấm ngược chiều
3264,0,568,"[672, 368, 64, 51]",1,267,568.png,626,1622,12,Cấm ngược chiều
121,0,572,"[803, 405, 11, 11]",1,270,572.png,626,1622,12,Cấm ngược chiều
30,0,583,"[868, 413, 6, 5]",1,274,583.png,626,1622,12,Cấm ngược chiều
42,0,596,"[879, 407, 7, 6]",1,281,596.png,626,1622,12,Cấm ngược chiều
1476,0,608,"[1458, 443, 36, 41]",1,285,608.png,626,1622,4,Cấm ngược chiều
132,0,613,"[809, 428, 12, 11]",1,290,613.png,626,1622,12,Cấm ngược chiều
64,0,688,"[926, 420, 8, 8]",1,318,688.png,626,1622,12,Cấm ngược chiều
4828,0,693,"[637, 365, 71, 68]",1,320,693.png,626,1622,12,Cấm ngược chiều
868,0,707,"[732, 393, 28, 31]",1,326,707.png,626,1622,12,Cấm ngược chiều
868,0,709,"[604, 465, 31, 28]",1,329,709.png,626,1622,12,Cấm ngược chiều
90,0,717,"[914, 419, 10, 9]",1,332,717.png,626,1622,12,Cấm ngược chiều
550,0,718,"[991, 234, 25, 22]",1,333,718.png,626,1622,13,Cấm ngược chiều
132,0,748,"[760, 408, 11, 12]",1,345,748.png,626,1622,12,Cấm ngược chiều
120,0,752,"[915, 419, 12, 10]",1,347,752.png,626,1622,12,Cấm ngược chiều
25,0,755,"[763, 477, 5, 5]",1,351,755.png,626,1622,12,Cấm ngược chiều
182,0,766,"[1103, 266, 14, 13]",1,357,766.png,626,1622,13,Cấm ngược chiều
210,0,794,"[842, 419, 15, 14]",1,365,794.png,626,1622,12,Cấm ngược chiều
1512,0,805,"[89, 201, 42, 36]",1,374,805.png,626,1622,7,Cấm ngược chiều
1596,0,811,"[680, 398, 38, 42]",1,380,811.png,626,1622,12,Cấm ngược chiều
30,0,823,"[578, 402, 5, 6]",1,387,823.png,626,1622,12,Cấm ngược chiều
42,0,823,"[996, 404, 7, 6]",1,388,823.png,626,1622,12,Cấm ngược chiều
100,0,838,"[819, 409, 10, 10]",1,396,838.png,626,1622,12,Cấm ngược chiều
64,0,854,"[600, 307, 8, 8]",1,407,854.png,626,1622,13,Cấm ngược chiều
30,0,864,"[934, 404, 6, 5]",1,411,864.png,626,1622,12,Cấm ngược chiều
390,0,867,"[1137, 321, 15, 26]",1,413,867.png,626,1622,3,Cấm ngược chiều
221,0,868,"[449, 445, 13, 17]",1,417,868.png,626,1622,4,Cấm ngược chiều
64,0,910,"[853, 433, 8, 8]",1,429,910.png,626,1622,12,Cấm ngược chiều
195,0,934,"[699, 471, 15, 13]",1,445,934.png,626,1622,12,Cấm ngược chiều
90,0,963,"[921, 420, 10, 9]",1,457,963.png,626,1622,12,Cấm ngược chiều
30,0,998,"[774, 405, 5, 6]",1,469,998.png,626,1622,12,Cấm ngược chiều
30,0,1008,"[624, 474, 6, 5]",1,479,1008.png,626,1622,19,Cấm ngược chiều
20,0,1016,"[552, 346, 5, 4]",1,487,1016.png,626,1622,19,Cấm ngược chiều
30,0,1032,"[649, 473, 6, 5]",1,494,1032.png,626,1622,19,Cấm ngược chiều
64,0,1036,"[526, 331, 8, 8]",1,498,1036.png,626,1622,19,Cấm ngược chiều
160,0,1040,"[324, 336, 10, 16]",1,505,1040.png,626,1622,22,Cấm ngược chiều
49,0,1060,"[829, 298, 7, 7]",1,512,1060.png,626,1622,19,Cấm ngược chiều
20,0,1064,"[607, 368, 5, 4]",1,516,1064.png,626,1622,16,Cấm ngược chiều
2205,0,1069,"[344, 268, 49, 45]",1,518,1069.png,626,1622,24,Cấm ngược chiều
928,0,1078,"[428, 115, 32, 29]",1,520,1078.png,626,1622,24,Cấm ngược chiều
25,0,1091,"[643, 482, 5, 5]",1,529,1091.png,626,1622,19,Cấm ngược chiều
552,0,1147,"[534, 359, 23, 24]",1,556,1147.png,626,1622,24,Cấm ngược chiều
1517,0,1226,"[656, 303, 37, 41]",1,607,1226.png,626,1622,16,Cấm ngược chiều
2726,0,1250,"[69, 261, 58, 47]",1,621,1250.png,626,1622,22,Cấm ngược chiều
56,0,1263,"[796, 335, 7, 8]",1,625,1263.png,626,1622,16,Cấm ngược chiều
1692,0,1290,"[1044, 200, 47, 36]",1,631,1290.png,626,1622,19,Cấm ngược chiều
49,0,1295,"[729, 303, 7, 7]",1,639,1295.png,626,1622,19,Cấm ngược chiều
20,0,1306,"[577, 300, 5, 4]",1,650,1306.png,626,1622,19,Cấm ngược chiều
96,0,1313,"[518, 319, 8, 12]",1,663,1313.png,626,1622,15,Cấm ngược chiều
36,0,1369,"[607, 323, 6, 6]",1,679,1369.png,626,1622,16,Cấm ngược chiều
285,0,1414,"[110, 397, 19, 15]",1,691,1414.png,626,1622,24,Cấm ngược chiều
30,0,1441,"[541, 340, 6, 5]",1,702,1441.png,626,1622,19,Cấm ngược chiều
225,0,1487,"[726, 327, 15, 15]",1,726,1487.png,626,1622,16,Cấm ngược chiều
182,0,1491,"[363, 390, 14, 13]",1,728,1491.png,626,1622,25,Cấm ngược chiều
624,0,1494,"[480, 428, 24, 26]",1,729,1494.png,626,1622,19,Cấm ngược chiều
400,0,1495,"[140, 390, 20, 20]",1,739,1495.png,626,1622,25,Cấm ngược chiều
64,0,1527,"[721, 262, 8, 8]",1,752,1527.png,626,1622,16,Cấm ngược chiều
42,0,1545,"[601, 478, 7, 6]",1,767,1545.png,626,1622,19,Cấm ngược chiều
580,0,1558,"[350, 334, 20, 29]",1,770,1558.png,626,1622,22,Cấm ngược chiều
2000,0,1578,"[969, 1, 50, 40]",1,779,1578.png,626,1622,19,Cấm ngược chiều
440,0,1578,"[118, 263, 20, 22]",1,781,1578.png,626,1622,19,Cấm ngược chiều
442,0,1582,"[1082, 269, 17, 26]",1,789,1582.png,626,1622,19,Cấm ngược chiều
169,0,1582,"[444, 298, 13, 13]",1,791,1582.png,626,1622,19,Cấm ngược chiều
16,0,1628,"[462, 127, 4, 4]",1,822,1628.png,626,1622,22,Cấm ngược chiều
25,0,1650,"[687, 360, 5, 5]",1,838,1650.png,626,1622,16,Cấm ngược chiều
56,0,1672,"[503, 288, 7, 8]",1,850,1672.png,626,1622,19,Cấm ngược chiều
30,0,1736,"[587, 481, 6, 5]",1,894,1736.png,626,1622,19,Cấm ngược chiều
100,0,1811,"[508, 318, 10, 10]",1,920,1811.png,626,1622,19,Cấm ngược chiều
120,0,1811,"[921, 315, 8, 15]",1,925,1811.png,626,1622,19,Cấm ngược chiều
64,0,1824,"[521, 326, 8, 8]",1,946,1824.png,626,1622,19,Cấm ngược chiều
24,0,1836,"[540, 301, 6, 4]",1,952,1836.png,626,1622,19,Cấm ngược chiều
90,0,1856,"[695, 359, 10, 9]",1,977,1856.png,626,1622,16,Cấm ngược chiều
42,0,1941,"[531, 334, 6, 7]",1,1012,1941.png,626,1622,19,Cấm ngược chiều
168,0,1961,"[54, 100, 14, 12]",1,1026,1961.png,626,1622,22,Cấm ngược chiều
110,0,1961,"[494, 96, 11, 10]",1,1028,1961.png,626,1622,22,Cấm ngược chiều
30,0,1976,"[668, 308, 6, 5]",1,1036,1976.png,626,1622,16,Cấm ngược chiều
48,0,3001,"[1353, 89, 8, 6]",1,1046,3001.png,626,1622,28,Cấm ngược chiều
25,0,3013,"[580, 513, 5, 5]",1,1054,3013.png,626,1622,29,Cấm ngược chiều
81,0,3026,"[576, 472, 9, 9]",1,1060,3026.png,626,1622,29,Cấm ngược chiều
20,0,3039,"[514, 253, 5, 4]",1,1067,3039.png,626,1622,28,Cấm ngược chiều
132,0,3065,"[877, 101, 12, 11]",1,1081,3065.png,626,1622,28,Cấm ngược chiều
256,0,3094,"[617, 493, 16, 16]",1,1089,3094.png,626,1622,29,Cấm ngược chiều
25,0,3115,"[519, 283, 5, 5]",1,1105,3115.png,626,1622,28,Cấm ngược chiều
7440,0,3116,"[151, 395, 93, 80]",1,1107,3116.png,626,1622,29,Cấm ngược chiều
100,0,3118,"[441, 139, 10, 10]",1,1111,3118.png,626,1622,31,Cấm ngược chiều
462,0,3135,"[580, 486, 21, 22]",1,1120,3135.png,626,1622,29,Cấm ngược chiều
64,0,3144,"[576, 489, 8, 8]",1,1128,3144.png,626,1622,29,Cấm ngược chiều
196,0,3146,"[531, 479, 14, 14]",1,1130,3146.png,626,1622,29,Cấm ngược chiều
1980,0,3170,"[606, 432, 45, 44]",1,1138,3170.png,626,1622,29,Cấm ngược chiều
42,0,3232,"[579, 486, 6, 7]",1,1154,3232.png,626,1622,29,Cấm ngược chiều
36,0,3263,"[591, 488, 6, 6]",1,1164,3263.png,626,1622,29,Cấm ngược chiều
16,0,3271,"[673, 407, 4, 4]",1,1171,3271.png,626,1622,28,Cấm ngược chiều
143,0,3303,"[433, 532, 13, 11]",1,1186,3303.png,626,1622,29,Cấm ngược chiều
49,0,3317,"[586, 473, 7, 7]",1,1192,3317.png,626,1622,29,Cấm ngược chiều
90,0,3321,"[564, 487, 10, 9]",1,1195,3321.png,626,1622,29,Cấm ngược chiều
12,0,3329,"[596, 489, 4, 3]",1,1200,3329.png,626,1622,29,Cấm ngược chiều
30,0,3344,"[472, 425, 6, 5]",1,1204,3344.png,626,1622,28,Cấm ngược chiều
30,0,3363,"[518, 547, 6, 5]",1,1217,3363.png,626,1622,29,Cấm ngược chiều
182,0,3371,"[554, 484, 14, 13]",1,1223,3371.png,626,1622,29,Cấm ngược chiều
361,0,3384,"[508, 447, 19, 19]",1,1229,3384.png,626,1622,29,Cấm ngược chiều
25,0,3387,"[720, 281, 5, 5]",1,1234,3387.png,626,1622,28,Cấm ngược chiều
550,0,3408,"[499, 421, 25, 22]",1,1244,3408.png,626,1622,29,Cấm ngược chiều
3068,0,3420,"[303, 394, 59, 52]",1,1249,3420.png,626,1622,29,Cấm ngược chiều
2856,0,3431,"[641, 343, 51, 56]",1,1261,3431.png,626,1622,29,Cấm ngược chiều
648,0,3452,"[157, 75, 27, 24]",1,1270,3452.png,626,1622,31,Cấm ngược chiều
121,0,3468,"[555, 473, 11, 11]",1,1272,3468.png,626,1622,29,Cấm ngược chiều
12,0,3472,"[721, 511, 4, 3]",1,1277,3472.png,626,1622,29,Cấm ngược chiều
12,0,3476,"[697, 523, 3, 4]",1,1280,3476.png,626,1622,29,Cấm ngược chiều
16,0,3484,"[599, 489, 4, 4]",1,1285,3484.png,626,1622,29,Cấm ngược chiều
462,0,3499,"[805, 74, 22, 21]",1,1293,3499.png,626,1622,28,Cấm ngược chiều
624,0,3527,"[1290, 311, 26, 24]",1,1299,3527.png,626,1622,29,Cấm ngược chiều
48,0,3529,"[763, 269, 8, 6]",1,1301,3529.png,626,1622,32,Cấm ngược chiều
5670,0,3554,"[279, 370, 81, 70]",1,1307,3554.png,626,1622,29,Cấm ngược chiều
2590,0,3577,"[512, 0, 74, 35]",1,1316,3577.png,626,1622,28,Cấm ngược chiều
4560,0,3582,"[289, 276, 76, 60]",1,1320,3582.png,626,1622,29,Cấm ngược chiều
72,0,3599,"[645, 394, 8, 9]",1,1331,3599.png,626,1622,28,Cấm ngược chiều
729,0,3610,"[452, 452, 27, 27]",1,1336,3610.png,626,1622,29,Cấm ngược chiều
130,0,3680,"[624, 390, 13, 10]",1,1364,3680.png,626,1622,28,Cấm ngược chiều
64,0,3686,"[626, 374, 8, 8]",1,1370,3686.png,626,1622,28,Cấm ngược chiều
16,0,3694,"[682, 407, 4, 4]",1,1376,3694.png,626,1622,28,Cấm ngược chiều
992,0,3702,"[518, 469, 32, 31]",1,1379,3702.png,626,1622,29,Cấm ngược chiều
182,0,3711,"[1327, 51, 14, 13]",1,1384,3711.png,626,1622,28,Cấm ngược chiều
120,0,3722,"[868, 84, 10, 12]",1,1397,3722.png,626,1622,28,Cấm ngược chiều
144,0,3741,"[646, 387, 12, 12]",1,1406,3741.png,626,1622,28,Cấm ngược chiều
56,0,3760,"[454, 420, 8, 7]",1,1415,3760.png,626,1622,28,Cấm ngược chiều
42,0,3774,"[505, 265, 7, 6]",1,1423,3774.png,626,1622,28,Cấm ngược chiều
600,0,3781,"[632, 342, 24, 25]",1,1426,3781.png,626,1622,29,Cấm ngược chiều
552,0,3809,"[402, 244, 23, 24]",1,1438,3809.png,626,1622,28,Cấm ngược chiều
42,0,3845,"[915, 115, 7, 6]",1,1465,3845.png,626,1622,28,Cấm ngược chiều
676,0,3853,"[491, 326, 26, 26]",1,1467,3853.png,626,1622,29,Cấm ngược chiều
36,0,3860,"[683, 273, 6, 6]",1,1475,3860.png,626,1622,28,Cấm ngược chiều
378,0,3921,"[578, 498, 18, 21]",1,1501,3921.png,626,1622,29,Cấm ngược chiều
36,0,3929,"[503, 254, 6, 6]",1,1511,3929.png,626,1622,28,Cấm ngược chiều
72,0,3931,"[677, 235, 9, 8]",1,1513,3931.png,626,1622,28,Cấm ngược chiều
144,0,3940,"[744, 257, 12, 12]",1,1522,3940.png,626,1622,28,Cấm ngược chiều
49,0,3968,"[485, 414, 7, 7]",1,1533,3968.png,626,1622,28,Cấm ngược chiều
81,0,4004,"[694, 258, 9, 9]",1,1564,4004.png,626,1622,34,Cấm ngược chiều
45,0,4005,"[567, 250, 5, 9]",1,1575,4005.png,626,1622,36,Cấm ngược chiều
42,0,4012,"[653, 247, 6, 7]",1,1583,4012.png,626,1622,36,Cấm ngược chiều
99,0,4012,"[674, 264, 11, 9]",1,1584,4012.png,626,1622,36,Cấm ngược chiều
154,0,4025,"[701, 255, 11, 14]",1,1606,4025.png,626,1622,37,Cấm ngược chiều
121,0,4030,"[697, 266, 11, 11]",1,1614,4030.png,626,1622,36,Cấm ngược chiều
100,0,4030,"[575, 240, 10, 10]",1,1618,4030.png,626,1622,36,Cấm ngược chiều
100,0,4030,"[619, 240, 10, 10]",1,1619,4030.png,626,1622,36,Cấm ngược chiều
90,0,4030,"[665, 242, 9, 10]",1,1620,4030.png,626,1622,36,Cấm ngược chiều
132,0,4030,"[509, 236, 11, 12]",1,1621,4030.png,626,1622,36,Cấm ngược chiều
80,0,4030,"[322, 231, 10, 8]",1,1622,4030.png,626,1622,36,Cấm ngược chiều
143,0,4030,"[363, 230, 11, 13]",1,1623,4030.png,626,1622,36,Cấm ngược chiều
110,0,4030,"[416, 234, 11, 10]",1,1624,4030.png,626,1622,36,Cấm ngược chiều
195,0,4030,"[409, 258, 13, 15]",1,1625,4030.png,626,1622,36,Cấm ngược chiều
42,0,4047,"[681, 350, 6, 7]",1,1656,4047.png,626,1622,37,Cấm ngược chiều
121,0,4062,"[810, 391, 11, 11]",1,1682,4062.png,626,1622,36,Cấm ngược chiều
110,0,4066,"[647, 231, 10, 11]",1,1690,4066.png,626,1622,34,Cấm ngược chiều
80,0,4080,"[827, 292, 8, 10]",1,1706,4080.png,626,1622,36,Cấm ngược chiều
1225,0,4082,"[52, 161, 35, 35]",1,1715,4082.png,626,1622,33,Cấm ngược chiều
63,0,4084,"[649, 334, 9, 7]",1,1723,4084.png,626,1622,34,Cấm ngược chiều
672,0,4088,"[135, 237, 28, 24]",1,1726,4088.png,626,1622,33,Cấm ngược chiều
272,0,4093,"[700, 252, 16, 17]",1,1739,4093.png,626,1622,36,Cấm ngược chiều
110,0,4093,"[652, 224, 10, 11]",1,1741,4093.png,626,1622,36,Cấm ngược chiều
110,0,4093,"[590, 224, 10, 11]",1,1742,4093.png,626,1622,36,Cấm ngược chiều
132,0,4093,"[526, 224, 11, 12]",1,1743,4093.png,626,1622,36,Cấm ngược chiều
169,0,4093,"[433, 223, 13, 13]",1,1744,4093.png,626,1622,36,Cấm ngược chiều
182,0,4093,"[296, 224, 14, 13]",1,1745,4093.png,626,1622,36,Cấm ngược chiều
168,0,4093,"[220, 225, 14, 12]",1,1746,4093.png,626,1622,36,Cấm ngược chiều
238,0,4093,"[156, 226, 17, 14]",1,1747,4093.png,626,1622,36,Cấm ngược chiều
361,0,4093,"[270, 260, 19, 19]",1,1748,4093.png,626,1622,36,Cấm ngược chiều
24,0,4099,"[672, 348, 4, 6]",1,1759,4099.png,626,1622,37,Cấm ngược chiều
16,0,4100,"[576, 271, 4, 4]",1,1765,4100.png,626,1622,34,Cấm ngược chiều
928,0,4101,"[326, 229, 29, 32]",1,1767,4101.png,626,1622,34,Cấm ngược chiều
42,0,4103,"[621, 413, 7, 6]",1,1776,4103.png,626,1622,31,Cấm ngược chiều
80,0,4115,"[180, 252, 10, 8]",1,1799,4115.png,626,1622,36,Cấm ngược chiều
144,0,4115,"[170, 250, 12, 12]",1,1800,4115.png,626,1622,36,Cấm ngược chiều
252,0,4117,"[272, 209, 12, 21]",1,1806,4117.png,626,1622,34,Cấm ngược chiều
783,0,4120,"[636, 275, 27, 29]",1,1809,4120.png,626,1622,34,Cấm ngược chiều
576,0,4121,"[111, 250, 24, 24]",1,1818,4121.png,626,1622,36,Cấm ngược chiều
224,0,4138,"[599, 213, 14, 16]",1,1825,4138.png,626,1622,34,Cấm ngược chiều
240,0,4149,"[123, 329, 16, 15]",1,1839,4149.png,626,1622,36,Cấm ngược chiều
462,0,4172,"[35, 314, 22, 21]",1,1870,4172.png,626,1622,36,Cấm ngược chiều
196,0,4174,"[514, 347, 14, 14]",1,1873,4174.png,626,1622,36,Cấm ngược chiều
378,0,4188,"[498, 174, 18, 21]",1,1892,4188.png,626,1622,36,Cấm ngược chiều
49,0,4194,"[533, 330, 7, 7]",1,1905,4194.png,626,1622,36,Cấm ngược chiều
200,0,4203,"[296, 225, 10, 20]",1,1911,4203.png,626,1622,34,Cấm ngược chiều
54,0,4232,"[778, 282, 6, 9]",1,1960,4232.png,626,1622,37,Cấm ngược chiều
36,0,4240,"[682, 315, 6, 6]",1,1973,4240.png,626,1622,34,Cấm ngược chiều
156,0,4252,"[802, 191, 13, 12]",1,1984,4252.png,626,1622,34,Cấm ngược chiều
187,0,4258,"[565, 333, 11, 17]",1,1995,4258.png,626,1622,36,Cấm ngược chiều
100,0,4266,"[547, 331, 10, 10]",1,2021,4266.png,626,1622,34,Cấm ngược chiều
35,0,4277,"[790, 301, 5, 7]",1,2027,4277.png,626,1622,37,Cấm ngược chiều
49,0,4285,"[684, 289, 7, 7]",1,2037,4285.png,626,1622,36,Cấm ngược chiều
380,0,4295,"[560, 287, 19, 20]",1,2059,4295.png,626,1622,34,Cấm ngược chiều
999,0,4305,"[253, 140, 27, 37]",1,2067,4305.png,626,1622,34,Cấm ngược chiều
306,0,4314,"[558, 242, 18, 17]",1,2083,4314.png,626,1622,36,Cấm ngược chiều
88,0,4315,"[758, 280, 8, 11]",1,2087,4315.png,626,1622,37,Cấm ngược chiều
320,0,4323,"[347, 245, 20, 16]",1,2101,4323.png,626,1622,34,Cấm ngược chiều
575,0,4324,"[542, 275, 23, 25]",1,2108,4324.png,626,1622,33,Cấm ngược chiều
1295,0,4325,"[423, 406, 35, 37]",1,2116,4325.png,626,1622,33,Cấm ngược chiều
195,0,4335,"[720, 376, 13, 15]",1,2127,4335.png,626,1622,36,Cấm ngược chiều
49,0,4340,"[783, 384, 7, 7]",1,2136,4340.png,626,1622,36,Cấm ngược chiều
153,0,4343,"[347, 248, 9, 17]",1,2144,4343.png,626,1622,34,Cấm ngược chiều
63,0,4347,"[574, 337, 9, 7]",1,2152,4347.png,626,1622,34,Cấm ngược chiều
20,0,4351,"[651, 310, 4, 5]",1,2160,4351.png,626,1622,34,Cấm ngược chiều
289,0,4355,"[829, 253, 17, 17]",1,2169,4355.png,626,1622,36,Cấm ngược chiều
120,0,4355,"[752, 220, 10, 12]",1,2171,4355.png,626,1622,36,Cấm ngược chiều
121,0,4355,"[688, 218, 11, 11]",1,2172,4355.png,626,1622,36,Cấm ngược chiều
144,0,4355,"[623, 216, 12, 12]",1,2173,4355.png,626,1622,36,Cấm ngược chiều
182,0,4355,"[524, 211, 14, 13]",1,2174,4355.png,626,1622,36,Cấm ngược chiều
380,0,4355,"[373, 244, 20, 19]",1,2175,4355.png,626,1622,36,Cấm ngược chiều
210,0,4355,"[291, 204, 15, 14]",1,2176,4355.png,626,1622,36,Cấm ngược chiều
225,0,4355,"[219, 203, 15, 15]",1,2177,4355.png,626,1622,36,Cấm ngược chiều
961,0,4367,"[1334, 247, 31, 31]",1,2193,4367.png,626,1622,34,Cấm ngược chiều
609,0,4374,"[479, 192, 21, 29]",1,2205,4374.png,626,1622,34,Cấm ngược chiều
96,0,4377,"[675, 340, 8, 12]",1,2214,4377.png,626,1622,37,Cấm ngược chiều
1056,0,4382,"[140, 118, 24, 44]",1,2226,4382.png,626,1622,34,Cấm ngược chiều
609,0,4388,"[116, 260, 29, 21]",1,2239,4388.png,626,1622,34,Cấm ngược chiều
168,0,4396,"[278, 280, 14, 12]",1,2251,4396.png,626,1622,34,Cấm ngược chiều
169,0,4396,"[278, 281, 13, 13]",1,2413,4396.png,626,1622,34,Cấm ngược chiều
72,0,4402,"[841, 287, 8, 9]",1,2265,4402.png,626,1622,34,Cấm ngược chiều
140,0,4402,"[270, 270, 14, 10]",1,2268,4402.png,626,1622,34,Cấm ngược chiều
20,0,4407,"[1162, 254, 5, 4]",1,2280,4407.png,626,1622,34,Cấm ngược chiều
72,0,4413,"[817, 307, 8, 9]",1,2289,4413.png,626,1622,34,Cấm ngược chiều
1794,0,4414,"[1262, 233, 39, 46]",1,2292,4414.png,626,1622,34,Cấm ngược chiều
378,0,4415,"[235, 328, 21, 18]",1,2294,4415.png,626,1622,36,Cấm ngược chiều
80,0,4428,"[580, 447, 10, 8]",1,2310,4428.png,626,1622,31,Cấm ngược chiều
132,0,4433,"[654, 232, 11, 12]",1,2319,4433.png,626,1622,36,Cấm ngược chiều
120,0,4442,"[959, 289, 8, 15]",1,2330,4442.png,626,1622,34,Cấm ngược chiều
64,0,4449,"[552, 251, 8, 8]",1,2342,4449.png,626,1622,34,Cấm ngược chiều
56,0,4457,"[853, 242, 8, 7]",1,2359,4457.png,626,1622,34,Cấm ngược chiều
110,0,4468,"[434, 290, 11, 10]",1,2369,4468.png,626,1622,36,Cấm ngược chiều
56,0,4473,"[679, 342, 8, 7]",1,2374,4473.png,626,1622,34,Cấm ngược chiều
100,0,4482,"[504, 266, 10, 10]",1,2393,4482.png,626,1622,34,Cấm ngược chiều
288,0,4494,"[194, 263, 16, 18]",1,2419,4494.png,626,1622,36,Cấm ngược chiều
42,0,4502,"[895, 235, 7, 6]",1,2432,4502.png,626,1622,34,Cấm ngược chiều
598,0,4504,"[160, 359, 26, 23]",1,2437,4504.png,626,1622,31,Cấm ngược chiều
117,0,4507,"[312, 287, 9, 13]",1,2442,4507.png,626,1622,36,Cấm ngược chiều
72,0,4511,"[803, 423, 9, 8]",1,2446,4511.png,626,1622,36,Cấm ngược chiều
168,0,4517,"[744, 201, 14, 12]",1,2456,4517.png,626,1622,34,Cấm ngược chiều
56,0,4518,"[571, 263, 8, 7]",1,2464,4518.png,626,1622,33,Cấm ngược chiều
72,0,4522,"[812, 228, 8, 9]",1,2476,4522.png,626,1622,34,Cấm ngược chiều
598,0,4523,"[294, 248, 26, 23]",1,2486,4523.png,626,1622,34,Cấm ngược chiều
420,0,4529,"[378, 189, 14, 30]",1,2494,4529.png,626,1622,37,Cấm ngược chiều
416,0,4529,"[984, 249, 16, 26]",1,2496,4529.png,626,1622,37,Cấm ngược chiều
42,0,4532,"[705, 278, 7, 6]",1,2500,4532.png,626,1622,36,Cấm ngược chiều
420,0,4542,"[637, 360, 20, 21]",1,2510,4542.png,626,1622,36,Cấm ngược chiều
870,0,4550,"[236, 194, 29, 30]",1,2520,4550.png,626,1622,33,Cấm ngược chiều
36,0,4559,"[722, 308, 6, 6]",1,2528,4559.png,626,1622,36,Cấm ngược chiều
42,0,4559,"[294, 316, 6, 7]",1,2530,4559.png,626,1622,36,Cấm ngược chiều
99,0,4562,"[565, 405, 11, 9]",1,2534,4562.png,626,1622,31,Cấm ngược chiều
255,0,4566,"[568, 234, 15, 17]",1,2537,4566.png,626,1622,33,Cấm ngược chiều
56,0,4567,"[622, 437, 7, 8]",1,2545,4567.png,626,1622,31,Cấm ngược chiều
169,0,4570,"[649, 214, 13, 13]",1,2556,4570.png,626,1622,34,Cấm ngược chiều
357,0,4582,"[601, 262, 17, 21]",1,2572,4582.png,626,1622,37,Cấm ngược chiều
36,0,4606,"[693, 294, 6, 6]",1,2607,4606.png,626,1622,34,Cấm ngược chiều
42,0,4612,"[856, 232, 6, 7]",1,2612,4612.png,626,1622,34,Cấm ngược chiều
36,0,4623,"[827, 235, 6, 6]",1,2633,4623.png,626,1622,34,Cấm ngược chiều
72,0,4624,"[575, 294, 9, 8]",1,2637,4624.png,626,1622,34,Cấm ngược chiều
306,0,4627,"[921, 237, 17, 18]",1,2645,4627.png,626,1622,36,Cấm ngược chiều
144,0,4627,"[831, 207, 12, 12]",1,2647,4627.png,626,1622,36,Cấm ngược chiều
132,0,4627,"[767, 206, 11, 12]",1,2648,4627.png,626,1622,36,Cấm ngược chiều
144,0,4627,"[703, 204, 12, 12]",1,2649,4627.png,626,1622,36,Cấm ngược chiều
144,0,4627,"[607, 202, 12, 12]",1,2650,4627.png,626,1622,36,Cấm ngược chiều
360,0,4627,"[477, 236, 18, 20]",1,2651,4627.png,626,1622,36,Cấm ngược chiều
182,0,4627,"[468, 200, 14, 13]",1,2652,4627.png,626,1622,36,Cấm ngược chiều
210,0,4627,"[388, 199, 14, 15]",1,2653,4627.png,626,1622,36,Cấm ngược chiều
225,0,4627,"[321, 200, 15, 15]",1,2654,4627.png,626,1622,36,Cấm ngược chiều
340,0,4629,"[1095, 232, 17, 20]",1,2659,4629.png,626,1622,36,Cấm ngược chiều
132,0,4629,"[970, 202, 11, 12]",1,2663,4629.png,626,1622,36,Cấm ngược chiều
156,0,4629,"[904, 200, 12, 13]",1,2664,4629.png,626,1622,36,Cấm ngược chiều
156,0,4629,"[839, 198, 12, 13]",1,2665,4629.png,626,1622,36,Cấm ngược chiều
182,0,4629,"[743, 194, 14, 13]",1,2666,4629.png,626,1622,36,Cấm ngược chiều
399,0,4629,"[643, 228, 19, 21]",1,2667,4629.png,626,1622,36,Cấm ngược chiều
182,0,4629,"[600, 190, 14, 13]",1,2668,4629.png,626,1622,36,Cấm ngược chiều
196,0,4629,"[519, 189, 14, 14]",1,2669,4629.png,626,1622,36,Cấm ngược chiều
210,0,4629,"[450, 189, 15, 14]",1,2670,4629.png,626,1622,36,Cấm ngược chiều
3724,0,4630,"[1532, 149, 49, 76]",1,2671,4630.png,626,1622,34,Cấm ngược chiều
72,0,4646,"[299, 342, 8, 9]",1,2689,4646.png,626,1622,36,Cấm ngược chiều
1292,0,4651,"[86, 283, 34, 38]",1,2697,4651.png,626,1622,37,Cấm ngược chiều
180,0,4652,"[373, 296, 12, 15]",1,2698,4652.png,626,1622,36,Cấm ngược chiều
30,0,4673,"[730, 258, 5, 6]",1,2743,4673.png,626,1622,33,Cấm ngược chiều
462,0,4679,"[10, 258, 22, 21]",1,2753,4679.png,626,1622,36,Cấm ngược chiều
2256,0,4692,"[95, 167, 48, 47]",1,2775,4692.png,626,1622,36,Cấm ngược chiều
121,0,4695,"[479, 258, 11, 11]",1,2781,4695.png,626,1622,34,Cấm ngược chiều
195,0,4700,"[522, 401, 15, 13]",1,2796,4700.png,626,1622,31,Cấm ngược chiều
66,0,4706,"[438, 327, 6, 11]",1,2805,4706.png,626,1622,37,Cấm ngược chiều
30,0,4738,"[1240, 265, 6, 5]",1,2843,4738.png,626,1622,34,Cấm ngược chiều
3520,0,4740,"[128, 265, 64, 55]",1,2846,4740.png,626,1622,36,Cấm ngược chiều
56,0,4744,"[633, 381, 8, 7]",1,2852,4744.png,626,1622,36,Cấm ngược chiều
1023,0,4756,"[133, 322, 33, 31]",1,2863,4756.png,626,1622,31,Cấm ngược chiều
414,0,4778,"[790, 209, 18, 23]",1,2879,4778.png,626,1622,36,Cấm ngược chiều
84,0,4778,"[639, 249, 7, 12]",1,2886,4778.png,626,1622,36,Cấm ngược chiều
143,0,4781,"[540, 297, 11, 13]",1,2890,4781.png,626,1622,34,Cấm ngược chiều
90,0,4802,"[738, 285, 10, 9]",1,2942,4802.png,626,1622,34,Cấm ngược chiều
90,0,4810,"[540, 329, 10, 9]",1,2951,4810.png,626,1622,36,Cấm ngược chiều
56,0,4815,"[1009, 261, 8, 7]",1,2956,4815.png,626,1622,36,Cấm ngược chiều
650,0,4824,"[466, 310, 26, 25]",1,2971,4824.png,626,1622,36,Cấm ngược chiều
210,0,4824,"[362, 357, 15, 14]",1,2973,4824.png,626,1622,36,Cấm ngược chiều
1120,0,4827,"[337, 202, 35, 32]",1,2984,4827.png,626,1622,36,Cấm ngược chiều
60,0,4848,"[439, 349, 5, 12]",1,3001,4848.png,626,1622,34,Cấm ngược chiều
80,0,4853,"[543, 316, 10, 8]",1,3005,4853.png,626,1622,34,Cấm ngược chiều
25,0,4858,"[858, 242, 5, 5]",1,3013,4858.png,626,1622,34,Cấm ngược chiều
210,0,4862,"[644, 283, 14, 15]",1,3025,4862.png,626,1622,34,Cấm ngược chiều
561,0,4871,"[103, 264, 33, 17]",1,3034,4871.png,626,1622,36,Cấm ngược chiều
256,0,4874,"[356, 298, 16, 16]",1,3037,4874.png,626,1622,34,Cấm ngược chiều
648,0,4878,"[786, 227, 24, 27]",1,3041,4878.png,626,1622,36,Cấm ngược chiều
288,0,4878,"[558, 187, 18, 16]",1,3042,4878.png,626,1622,36,Cấm ngược chiều
272,0,4878,"[630, 186, 17, 16]",1,3043,4878.png,626,1622,36,Cấm ngược chiều
224,0,4878,"[712, 190, 16, 14]",1,3044,4878.png,626,1622,36,Cấm ngược chiều
272,0,4878,"[859, 194, 17, 16]",1,3045,4878.png,626,1622,36,Cấm ngược chiều
196,0,4878,"[959, 199, 14, 14]",1,3046,4878.png,626,1622,36,Cấm ngược chiều
240,0,4878,"[1026, 200, 15, 16]",1,3047,4878.png,626,1622,36,Cấm ngược chiều
195,0,4878,"[1092, 201, 13, 15]",1,3048,4878.png,626,1622,36,Cấm ngược chiều
361,0,4878,"[1252, 235, 19, 19]",1,3052,4878.png,626,1622,36,Cấm ngược chiều
156,0,4884,"[630, 271, 12, 13]",1,3060,4884.png,626,1622,36,Cấm ngược chiều
72,0,4903,"[399, 402, 9, 8]",1,3088,4903.png,626,1622,36,Cấm ngược chiều
25,0,4910,"[662, 288, 5, 5]",1,3094,4910.png,626,1622,36,Cấm ngược chiều
360,0,4923,"[639, 212, 18, 20]",1,3127,4923.png,626,1622,34,Cấm ngược chiều
280,0,4924,"[1027, 283, 8, 35]",1,3130,4924.png,626,1622,37,Cấm ngược chiều
120,0,4927,"[537, 387, 12, 10]",1,3132,4927.png,626,1622,31,Cấm ngược chiều
66,0,4935,"[679, 340, 6, 11]",1,3139,4935.png,626,1622,37,Cấm ngược chiều
512,0,4937,"[1076, 220, 16, 32]",1,3143,4937.png,626,1622,34,Cấm ngược chiều
288,0,4963,"[519, 180, 18, 16]",1,3170,4963.png,626,1622,36,Cấm ngược chiều
255,0,4980,"[215, 284, 15, 17]",1,3180,4980.png,626,1622,36,Cấm ngược chiều
196,0,4980,"[445, 292, 14, 14]",1,3181,4980.png,626,1622,36,Cấm ngược chiều
168,0,4987,"[476, 291, 14, 12]",1,3200,4987.png,626,1622,34,Cấm ngược chiều
64,0,4992,"[576, 365, 8, 8]",1,3205,4992.png,626,1622,36,Cấm ngược chiều
42,0,5024,"[387, 366, 7, 6]",1,3245,5024.png,626,1622,41,Cấm ngược chiều
704,0,5042,"[240, 209, 22, 32]",1,3272,5042.png,626,1622,44,Cấm ngược chiều
20,0,5060,"[975, 280, 5, 4]",1,3304,5060.png,626,1622,44,Cấm ngược chiều
156,0,5068,"[605, 187, 12, 13]",1,3313,5068.png,626,1622,41,Cấm ngược chiều
132,0,5081,"[497, 207, 12, 11]",1,3332,5081.png,626,1622,44,Cấm ngược chiều
56,0,5089,"[766, 313, 8, 7]",1,3345,5089.png,626,1622,41,Cấm ngược chiều
72,0,5113,"[534, 329, 9, 8]",1,3374,5113.png,626,1622,42,Cấm ngược chiều
225,0,5113,"[169, 320, 15, 15]",1,3376,5113.png,626,1622,42,Cấm ngược chiều
441,0,5116,"[675, 298, 21, 21]",1,3380,5116.png,626,1622,44,Cấm ngược chiều
196,0,5162,"[574, 273, 14, 14]",1,3429,5162.png,626,1622,42,Cấm ngược chiều
754,0,5186,"[334, 284, 26, 29]",1,3469,5186.png,626,1622,38,Cấm ngược chiều
132,0,5187,"[242, 256, 12, 11]",1,3470,5187.png,626,1622,40,Cấm ngược chiều
1330,0,5195,"[476, 232, 35, 38]",1,3478,5195.png,626,1622,44,Cấm ngược chiều
1110,0,5225,"[151, 382, 30, 37]",1,3515,5225.png,626,1622,38,Cấm ngược chiều
425,0,5228,"[1124, 540, 17, 25]",1,3520,5228.png,626,1622,39,Cấm ngược chiều
6532,0,5247,"[34, 129, 92, 71]",1,3531,5247.png,626,1622,42,Cấm ngược chiều
20,0,5249,"[660, 353, 4, 5]",1,3537,5249.png,626,1622,42,Cấm ngược chiều
25,0,5282,"[1075, 302, 5, 5]",1,3579,5282.png,626,1622,44,Cấm ngược chiều
648,0,5284,"[770, 271, 24, 27]",1,3581,5284.png,626,1622,44,Cấm ngược chiều
400,0,5288,"[557, 172, 20, 20]",1,3590,5288.png,626,1622,41,Cấm ngược chiều
20,0,5288,"[655, 210, 5, 4]",1,3592,5288.png,626,1622,41,Cấm ngược chiều
285,0,5293,"[1000, 415, 15, 19]",1,3603,5293.png,626,1622,38,Cấm ngược chiều
360,0,5303,"[292, 369, 15, 24]",1,3618,5303.png,626,1622,39,Cấm ngược chiều
56,0,5318,"[510, 215, 8, 7]",1,3638,5318.png,626,1622,44,Cấm ngược chiều
136,0,5348,"[904, 560, 8, 17]",1,3671,5348.png,626,1622,44,Cấm ngược chiều
570,0,5372,"[442, 259, 15, 38]",1,3704,5372.png,626,1622,38,Cấm ngược chiều
20,0,5381,"[686, 189, 4, 5]",1,3716,5381.png,626,1622,41,Cấm ngược chiều
21,0,5404,"[546, 389, 3, 7]",1,3741,5404.png,626,1622,42,Cấm ngược chiều
3960,0,5413,"[1148, 352, 60, 66]",1,3749,5413.png,626,1622,38,Cấm ngược chiều
200,0,5415,"[1345, 120, 10, 20]",1,3754,5415.png,626,1622,44,Cấm ngược chiều
45,0,5424,"[841, 431, 5, 9]",1,3767,5424.png,626,1622,38,Cấm ngược chiều
891,0,5431,"[91, 352, 27, 33]",1,3771,5431.png,626,1622,38,Cấm ngược chiều
133,0,5431,"[264, 367, 7, 19]",1,3772,5431.png,626,1622,38,Cấm ngược chiều
12,0,5441,"[785, 330, 4, 3]",1,3785,5441.png,626,1622,41,Cấm ngược chiều
12,0,5449,"[1027, 307, 3, 4]",1,3794,5449.png,626,1622,44,Cấm ngược chiều
64,0,5454,"[534, 329, 8, 8]",1,3805,5454.png,626,1622,42,Cấm ngược chiều
182,0,5454,"[170, 320, 14, 13]",1,3807,5454.png,626,1622,42,Cấm ngược chiều
360,0,5456,"[466, 304, 20, 18]",1,3809,5456.png,626,1622,41,Cấm ngược chiều
132,0,5456,"[357, 307, 12, 11]",1,3810,5456.png,626,1622,41,Cấm ngược chiều
1221,0,5465,"[322, 515, 33, 37]",1,3821,5465.png,626,1622,38,Cấm ngược chiều
48,0,5475,"[513, 223, 8, 6]",1,3827,5475.png,626,1622,44,Cấm ngược chiều
420,0,5479,"[887, 55, 20, 21]",1,3830,5479.png,626,1622,42,Cấm ngược chiều
49,0,5487,"[534, 325, 7, 7]",1,3841,5487.png,626,1622,42,Cấm ngược chiều
420,0,5490,"[215, 305, 21, 20]",1,3847,5490.png,626,1622,41,Cấm ngược chiều
405,0,5500,"[851, 419, 15, 27]",1,3859,5500.png,626,1622,38,Cấm ngược chiều
20,0,5505,"[659, 181, 5, 4]",1,3871,5505.png,626,1622,41,Cấm ngược chiều
242,0,5522,"[985, 301, 11, 22]",1,3892,5522.png,626,1622,44,Cấm ngược chiều
480,0,5560,"[191, 282, 24, 20]",1,3938,5560.png,626,1622,41,Cấm ngược chiều
192,0,5560,"[124, 276, 16, 12]",1,3939,5560.png,626,1622,41,Cấm ngược chiều
544,0,5564,"[1061, 354, 16, 34]",1,3949,5564.png,626,1622,39,Cấm ngược chiều
529,0,5601,"[529, 225, 23, 23]",1,4002,5601.png,626,1622,44,Cấm ngược chiều
414,0,5616,"[441, 290, 18, 23]",1,4030,5616.png,626,1622,42,Cấm ngược chiều
832,0,5617,"[522, 259, 26, 32]",1,4033,5617.png,626,1622,44,Cấm ngược chiều
42,0,5625,"[492, 259, 7, 6]",1,4047,5625.png,626,1622,40,Cấm ngược chiều
598,0,5640,"[308, 282, 23, 26]",1,4074,5640.png,626,1622,38,Cấm ngược chiều
750,0,5643,"[276, 528, 25, 30]",1,4078,5643.png,626,1622,38,Cấm ngược chiều
96,0,5650,"[544, 557, 8, 12]",1,4091,5650.png,626,1622,38,Cấm ngược chiều
720,0,5662,"[266, 287, 24, 30]",1,4109,5662.png,626,1622,42,Cấm ngược chiều
81,0,5691,"[552, 302, 9, 9]",1,4153,5691.png,626,1622,42,Cấm ngược chiều
342,0,5705,"[285, 311, 18, 19]",1,4171,5705.png,626,1622,42,Cấm ngược chiều
20,0,5705,"[815, 336, 4, 5]",1,4174,5705.png,626,1622,42,Cấm ngược chiều
90,0,5712,"[756, 308, 9, 10]",1,4194,5712.png,626,1622,41,Cấm ngược chiều
2014,0,5732,"[0, 151, 38, 53]",1,4216,5732.png,626,1622,44,Cấm ngược chiều
357,0,5747,"[347, 275, 17, 21]",1,4238,5747.png,626,1622,42,Cấm ngược chiều
462,0,5748,"[795, 273, 22, 21]",1,4241,5748.png,626,1622,41,Cấm ngược chiều
1008,0,5755,"[226, 158, 36, 28]",1,4253,5755.png,626,1622,40,Cấm ngược chiều
234,0,5758,"[343, 507, 13, 18]",1,4261,5758.png,626,1622,44,Cấm ngược chiều
90,0,5758,"[508, 530, 5, 18]",1,4264,5758.png,626,1622,44,Cấm ngược chiều
42,0,5763,"[859, 338, 6, 7]",1,4270,5763.png,626,1622,44,Cấm ngược chiều
156,0,5799,"[503, 292, 12, 13]",1,4312,5799.png,626,1622,42,Cấm ngược chiều
6460,0,5814,"[87, 60, 85, 76]",1,4334,5814.png,626,1622,44,Cấm ngược chiều
126,0,5825,"[952, 356, 7, 18]",1,4344,5825.png,626,1622,42,Cấm ngược chiều
36,0,5829,"[494, 369, 4, 9]",1,4351,5829.png,626,1622,42,Cấm ngược chiều
650,0,5838,"[88, 314, 26, 25]",1,4366,5838.png,626,1622,40,Cấm ngược chiều
272,0,5877,"[593, 237, 16, 17]",1,4411,5877.png,626,1622,44,Cấm ngược chiều
378,0,5898,"[0, 267, 18, 21]",1,4437,5898.png,626,1622,40,Cấm ngược chiều
96,0,5913,"[563, 243, 8, 12]",1,4456,5913.png,626,1622,44,Cấm ngược chiều
228,0,5913,"[606, 225, 12, 19]",1,4457,5913.png,626,1622,44,Cấm ngược chiều
1974,0,5960,"[398, 61, 47, 42]",1,4527,5960.png,626,1622,41,Cấm ngược chiều
112,0,5960,"[848, 163, 8, 14]",1,4529,5960.png,626,1622,41,Cấm ngược chiều
12,0,5989,"[593, 337, 3, 4]",1,4569,5989.png,626,1622,41,Cấm ngược chiều
210,0,6015,"[642, 362, 14, 15]",1,4639,6015.png,626,1622,41,Cấm ngược chiều
252,0,6019,"[483, 538, 14, 18]",1,4666,6019.png,626,1622,38,Cấm ngược chiều
266,0,6019,"[481, 539, 14, 19]",1,4667,6019.png,626,1622,38,Cấm ngược chiều
90,0,6027,"[683, 264, 10, 9]",1,4676,6027.png,626,1622,28,Cấm ngược chiều
30,0,6029,"[621, 235, 6, 5]",1,4678,6029.png,626,1622,47,Cấm ngược chiều
255,0,6039,"[1296, 60, 17, 15]",1,4685,6039.png,626,1622,28,Cấm ngược chiều
272,0,6046,"[654, 247, 17, 16]",1,4689,6046.png,626,1622,28,Cấm ngược chiều
30,0,6048,"[535, 416, 6, 5]",1,4692,6048.png,626,1622,28,Cấm ngược chiều
49,0,6053,"[479, 238, 7, 7]",1,4697,6053.png,626,1622,5,Cấm ngược chiều
169,0,6061,"[760, 414, 13, 13]",1,4702,6061.png,626,1622,12,Cấm ngược chiều
650,0,6070,"[490, 303, 26, 25]",1,4709,6070.png,626,1622,28,Cấm ngược chiều
1000,0,6074,"[555, 409, 25, 40]",1,4711,6074.png,626,1622,5,Cấm ngược chiều
1015,0,6078,"[360, 287, 35, 29]",1,4714,6078.png,626,1622,47,Cấm ngược chiều
144,0,6079,"[928, 214, 12, 12]",1,4716,6079.png,626,1622,36,Cấm ngược chiều
460,0,6088,"[13, 324, 20, 23]",1,4724,6088.png,626,1622,36,Cấm ngược chiều
121,0,6092,"[563, 488, 11, 11]",1,4728,6092.png,626,1622,29,Cấm ngược chiều
25,0,6094,"[537, 296, 5, 5]",1,4731,6094.png,626,1622,19,Cấm ngược chiều
121,0,6098,"[483, 334, 11, 11]",1,4739,6098.png,626,1622,22,Cấm ngược chiều
64,0,6100,"[572, 480, 8, 8]",1,4744,6100.png,626,1622,29,Cấm ngược chiều
81,0,6103,"[663, 262, 9, 9]",1,4752,6103.png,626,1622,28,Cấm ngược chiều
676,0,6109,"[222, 412, 26, 26]",1,4760,6109.png,626,1622,47,Cấm ngược chiều
9,0,6114,"[882, 423, 3, 3]",1,4763,6114.png,626,1622,12,Cấm ngược chiều
414,0,6126,"[216, 231, 23, 18]",1,4769,6126.png,626,1622,5,Cấm ngược chiều
621,0,6132,"[216, 272, 27, 23]",1,4773,6132.png,626,1622,47,Cấm ngược chiều
35,0,6134,"[287, 407, 7, 5]",1,4776,6134.png,626,1622,28,Cấm ngược chiều
42,0,6138,"[541, 267, 7, 6]",1,4782,6138.png,626,1622,47,Cấm ngược chiều
144,0,6150,"[770, 241, 12, 12]",1,4789,6150.png,626,1622,34,Cấm ngược chiều
16,0,6162,"[603, 491, 4, 4]",1,4802,6162.png,626,1622,29,Cấm ngược chiều
196,0,6171,"[815, 420, 14, 14]",1,4808,6171.png,626,1622,12,Cấm ngược chiều
36,0,6177,"[906, 107, 6, 6]",1,4811,6177.png,626,1622,28,Cấm ngược chiều
6885,0,6179,"[442, 373, 85, 81]",1,4814,6179.png,626,1622,12,Cấm ngược chiều
272,0,6186,"[956, 416, 17, 16]",1,4816,6186.png,626,1622,5,Cấm ngược chiều
49,0,6193,"[488, 241, 7, 7]",1,4819,6193.png,626,1622,5,Cấm ngược chiều
528,0,6195,"[20, 284, 24, 22]",1,4822,6195.png,626,1622,53,Cấm ngược chiều
64,0,6230,"[705, 279, 8, 8]",1,4846,6230.png,626,1622,28,Cấm ngược chiều
110,0,6234,"[527, 182, 10, 11]",1,4849,6234.png,626,1622,47,Cấm ngược chiều
399,0,6241,"[685, 403, 19, 21]",1,4857,6241.png,626,1622,12,Cấm ngược chiều
4864,0,6244,"[415, 139, 64, 76]",1,4859,6244.png,626,1622,45,Cấm ngược chiều
598,0,6246,"[1248, 48, 26, 23]",1,4862,6246.png,626,1622,28,Cấm ngược chiều
81,0,6253,"[670, 274, 9, 9]",1,4868,6253.png,626,1622,28,Cấm ngược chiều
483,0,6254,"[418, 146, 23, 21]",1,4870,6254.png,626,1622,47,Cấm ngược chiều
120,0,6255,"[1329, 85, 12, 10]",1,4872,6255.png,626,1622,28,Cấm ngược chiều
272,0,6260,"[341, 419, 17, 16]",1,4876,6260.png,626,1622,19,Cấm ngược chiều
64,0,6261,"[620, 358, 8, 8]",1,4885,6261.png,626,1622,28,Cấm ngược chiều
462,0,6270,"[676, 414, 22, 21]",1,4891,6270.png,626,1622,12,Cấm ngược chiều
992,0,6278,"[1146, 8, 31, 32]",1,4897,6278.png,626,1622,28,Cấm ngược chiều
240,0,6288,"[980, 415, 16, 15]",1,4900,6288.png,626,1622,12,Cấm ngược chiều
56,0,6290,"[783, 334, 8, 7]",1,4904,6290.png,626,1622,16,Cấm ngược chiều
196,0,6296,"[635, 224, 14, 14]",1,4912,6296.png,626,1622,28,Cấm ngược chiều
56,0,6320,"[694, 399, 7, 8]",1,4932,6320.png,626,1622,12,Cấm ngược chiều
64,0,6331,"[604, 202, 8, 8]",1,4943,6331.png,626,1622,47,Cấm ngược chiều
324,0,6342,"[935, 403, 18, 18]",1,4949,6342.png,626,1622,12,Cấm ngược chiều
675,0,6347,"[462, 369, 25, 27]",1,4953,6347.png,626,1622,34,Cấm ngược chiều
90,0,6366,"[942, 81, 10, 9]",1,4972,6366.png,626,1622,28,Cấm ngược chiều
506,0,6371,"[733, 473, 22, 23]",1,4974,6371.png,626,1622,12,Cấm ngược chiều
90,0,6399,"[649, 247, 9, 10]",1,4982,6399.png,626,1622,33,Cấm ngược chiều
56,0,6400,"[710, 371, 8, 7]",1,4984,6400.png,626,1622,16,Cấm ngược chiều
64,0,6408,"[1353, 74, 8, 8]",1,4989,6408.png,626,1622,28,Cấm ngược chiều
961,0,6416,"[701, 398, 31, 31]",1,4994,6416.png,626,1622,12,Cấm ngược chiều
66,0,6450,"[759, 312, 6, 11]",1,5010,6450.png,626,1622,37,Cấm ngược chiều
1961,0,6463,"[1088, 183, 37, 53]",1,5017,6463.png,626,1622,45,Cấm ngược chiều
12,0,6474,"[644, 240, 4, 3]",1,5024,6474.png,626,1622,47,Cấm ngược chiều
90,0,6484,"[1334, 70, 10, 9]",1,5028,6484.png,626,1622,28,Cấm ngược chiều
36,0,6507,"[683, 418, 6, 6]",1,5048,6507.png,626,1622,12,Cấm ngược chiều
567,0,6508,"[231, 255, 27, 21]",1,5049,6508.png,626,1622,45,Cấm ngược chiều
81,0,6509,"[685, 293, 9, 9]",1,5051,6509.png,626,1622,28,Cấm ngược chiều
49,0,6511,"[756, 475, 7, 7]",1,5053,6511.png,626,1622,12,Cấm ngược chiều
182,0,6512,"[546, 276, 13, 14]",1,5054,6512.png,626,1622,13,Cấm ngược chiều
121,0,6513,"[582, 317, 11, 11]",1,5058,6513.png,626,1622,16,Cấm ngược chiều
42,0,6519,"[1044, 399, 7, 6]",1,5061,6519.png,626,1622,12,Cấm ngược chiều
64,0,6532,"[516, 288, 8, 8]",1,5063,6532.png,626,1622,47,Cấm ngược chiều
756,0,6549,"[553, 345, 28, 27]",1,5073,6549.png,626,1622,28,Cấm ngược chiều
64,0,6550,"[787, 479, 8, 8]",1,5075,6550.png,626,1622,12,Cấm ngược chiều
306,0,6558,"[588, 76, 17, 18]",1,5080,6558.png,626,1622,28,Cấm ngược chiều
63,0,6580,"[443, 353, 9, 7]",1,5106,6580.png,626,1622,25,Cấm ngược chiều
36,0,6583,"[714, 256, 6, 6]",1,5110,6583.png,626,1622,33,Cấm ngược chiều
25,0,6585,"[699, 198, 5, 5]",1,5115,6585.png,626,1622,47,Cấm ngược chiều
80,0,6586,"[495, 279, 10, 8]",1,5117,6586.png,626,1622,28,Cấm ngược chiều
784,0,6599,"[412, 147, 28, 28]",1,5129,6599.png,626,1622,47,Cấm ngược chiều
441,0,6601,"[436, 51, 21, 21]",1,5132,6601.png,626,1622,22,Cấm ngược chiều
42,0,6602,"[639, 411, 7, 6]",1,5138,6602.png,626,1622,12,Cấm ngược chiều
196,0,6624,"[739, 380, 14, 14]",1,5153,6624.png,626,1622,28,Cấm ngược chiều
812,0,6631,"[682, 393, 28, 29]",1,5156,6631.png,626,1622,12,Cấm ngược chiều
460,0,6633,"[985, 217, 20, 23]",1,5159,6633.png,626,1622,45,Cấm ngược chiều
120,0,6633,"[564, 243, 12, 10]",1,5161,6633.png,626,1622,45,Cấm ngược chiều
240,0,6637,"[673, 377, 16, 15]",1,5164,6637.png,626,1622,28,Cấm ngược chiều
56,0,6638,"[797, 407, 7, 8]",1,5168,6638.png,626,1622,12,Cấm ngược chiều
143,0,6644,"[1330, 66, 13, 11]",1,5170,6644.png,626,1622,28,Cấm ngược chiều
840,0,6652,"[555, 160, 30, 28]",1,5181,6652.png,626,1622,47,Cấm ngược chiều
56,0,6657,"[884, 417, 7, 8]",1,5184,6657.png,626,1622,12,Cấm ngược chiều
81,0,6662,"[722, 472, 9, 9]",1,5186,6662.png,626,1622,12,Cấm ngược chiều
25,0,6669,"[472, 224, 5, 5]",1,5193,6669.png,626,1622,47,Cấm ngược chiều
285,0,6673,"[316, 280, 19, 15]",1,5197,6673.png,626,1622,16,Cấm ngược chiều
728,0,6675,"[1194, 245, 28, 26]",1,5205,6675.png,626,1622,45,Cấm ngược chiều
64,0,6683,"[916, 422, 8, 8]",1,5214,6683.png,626,1622,12,Cấm ngược chiều
169,0,6687,"[662, 363, 13, 13]",1,5215,6687.png,626,1622,16,Cấm ngược chiều
81,0,6691,"[475, 319, 9, 9]",1,5217,6691.png,626,1622,36,Cấm ngược chiều
90,0,6697,"[594, 310, 9, 10]",1,5222,6697.png,626,1622,36,Cấm ngược chiều
56,0,6704,"[728, 374, 8, 7]",1,5227,6704.png,626,1622,28,Cấm ngược chiều
1156,0,6712,"[672, 359, 34, 34]",1,5239,6712.png,626,1622,12,Cấm ngược chiều
49,0,6717,"[498, 382, 7, 7]",1,5243,6717.png,626,1622,36,Cấm ngược chiều
2430,0,6720,"[379, 215, 54, 45]",1,5244,6720.png,626,1622,53,Cấm ngược chiều
110,0,6723,"[250, 420, 11, 10]",1,5250,6723.png,626,1622,20,Cấm ngược chiều
42,0,6729,"[660, 309, 7, 6]",1,5265,6729.png,626,1622,16,Cấm ngược chiều
3024,0,6731,"[148, 287, 63, 48]",1,5266,6731.png,626,1622,28,Cấm ngược chiều
9,0,6736,"[606, 497, 3, 3]",1,5270,6736.png,626,1622,29,Cấm ngược chiều
3968,0,6739,"[508, 391, 62, 64]",1,5272,6739.png,626,1622,12,Cấm ngược chiều
16,0,6749,"[625, 395, 4, 4]",1,5280,6749.png,626,1622,28,Cấm ngược chiều
1806,0,6759,"[424, 191, 43, 42]",1,5288,6759.png,626,1622,28,Cấm ngược chiều
210,0,6771,"[635, 264, 14, 15]",1,5297,6771.png,626,1622,28,Cấm ngược chiều
63,0,6772,"[836, 321, 7, 9]",1,5303,6772.png,626,1622,36,Cấm ngược chiều
1156,0,6774,"[432, 388, 34, 34]",1,5306,6774.png,626,1622,12,Cấm ngược chiều
49,0,6775,"[496, 254, 7, 7]",1,5307,6775.png,626,1622,28,Cấm ngược chiều
20,0,6776,"[935, 423, 4, 5]",1,5309,6776.png,626,1622,12,Cấm ngược chiều
169,0,6778,"[625, 180, 13, 13]",1,5310,6778.png,626,1622,47,Cấm ngược chiều
49,0,6790,"[1044, 407, 7, 7]",1,5322,6790.png,626,1622,12,Cấm ngược chiều
72,0,6797,"[754, 401, 8, 9]",1,5325,6797.png,626,1622,12,Cấm ngược chiều
702,0,6815,"[607, 466, 26, 27]",1,5332,6815.png,626,1622,12,Cấm ngược chiều
90,0,6837,"[933, 405, 9, 10]",1,5339,6837.png,626,1622,12,Cấm ngược chiều
49,0,6853,"[575, 485, 7, 7]",1,5344,6853.png,626,1622,29,Cấm ngược chiều
30,0,6862,"[443, 418, 6, 5]",1,5352,6862.png,626,1622,28,Cấm ngược chiều
252,0,6866,"[472, 88, 14, 18]",1,5356,6866.png,626,1622,22,Cấm ngược chiều
1147,0,6874,"[370, 214, 37, 31]",1,5369,6874.png,626,1622,28,Cấm ngược chiều
9,0,6878,"[931, 126, 3, 3]",1,5373,6878.png,626,1622,28,Cấm ngược chiều
121,0,6883,"[932, 402, 11, 11]",1,5377,6883.png,626,1622,12,Cấm ngược chiều
240,0,6884,"[339, 398, 16, 15]",1,5378,6884.png,626,1622,28,Cấm ngược chiều
1024,0,6885,"[731, 399, 32, 32]",1,5380,6885.png,626,1622,12,Cấm ngược chiều
30,0,6887,"[598, 240, 6, 5]",1,5381,6887.png,626,1622,47,Cấm ngược chiều
1080,0,6890,"[353, 183, 36, 30]",1,5385,6890.png,626,1622,28,Cấm ngược chiều
2160,0,6894,"[1074, 0, 54, 40]",1,5393,6894.png,626,1622,28,Cấm ngược chiều
100,0,6909,"[560, 484, 10, 10]",1,5399,6909.png,626,1622,29,Cấm ngược chiều
798,0,6913,"[1009, 248, 19, 42]",1,5401,6913.png,626,1622,49,Cấm ngược chiều
110,0,6922,"[938, 407, 11, 10]",1,5407,6922.png,626,1622,12,Cấm ngược chiều
196,0,6936,"[733, 469, 14, 14]",1,5415,6936.png,626,1622,12,Cấm ngược chiều
120,0,6946,"[517, 232, 12, 10]",1,5422,6946.png,626,1622,45,Cấm ngược chiều
56,0,6948,"[448, 185, 8, 7]",1,5432,6948.png,626,1622,53,Cấm ngược chiều
1722,0,6957,"[725, 407, 41, 42]",1,5439,6957.png,626,1622,12,Cấm ngược chiều
72,0,6967,"[794, 303, 9, 8]",1,5444,6967.png,626,1622,16,Cấm ngược chiều
56,0,6979,"[684, 515, 7, 8]",1,5453,6979.png,626,1622,29,Cấm ngược chiều
25,0,6981,"[913, 119, 5, 5]",1,5458,6981.png,626,1622,28,Cấm ngược chiều
42,0,6983,"[653, 190, 7, 6]",1,5460,6983.png,626,1622,47,Cấm ngược chiều
1386,0,6984,"[621, 394, 33, 42]",1,5462,6984.png,626,1622,12,Cấm ngược chiều
121,0,6988,"[461, 416, 11, 11]",1,5469,6988.png,626,1622,47,Cấm ngược chiều
81,0,6993,"[543, 167, 9, 9]",1,5476,6993.png,626,1622,47,Cấm ngược chiều
380,0,7008,"[702, 295, 20, 19]",1,5485,7008.png,626,1622,47,Cấm ngược chiều
575,0,7012,"[265, 444, 25, 23]",1,5488,7012.png,626,1622,7,Cấm ngược chiều
1978,0,7031,"[668, 391, 46, 43]",1,5494,7031.png,626,1622,12,Cấm ngược chiều
399,0,7042,"[508, 428, 21, 19]",1,5501,7042.png,626,1622,12,Cấm ngược chiều
9,0,7090,"[712, 270, 3, 3]",1,5546,7090.png,626,1622,28,Cấm ngược chiều
48,0,7093,"[833, 407, 6, 8]",1,5548,7093.png,626,1622,12,Cấm ngược chiều
30,0,7100,"[865, 433, 6, 5]",1,5555,7100.png,626,1622,12,Cấm ngược chiều
483,0,7101,"[425, 214, 23, 21]",1,5556,7101.png,626,1622,28,Cấm ngược chiều
696,0,7106,"[294, 391, 29, 24]",1,5562,7106.png,626,1622,47,Cấm ngược chiều
30,0,7113,"[589, 490, 5, 6]",1,5569,7113.png,626,1622,29,Cấm ngược chiều
1800,0,7129,"[372, 422, 45, 40]",1,5591,7129.png,626,1622,29,Cấm ngược chiều
25,0,7138,"[649, 412, 5, 5]",1,5601,7138.png,626,1622,12,Cấm ngược chiều
2040,0,7180,"[9, 138, 51, 40]",1,5644,7180.png,626,1622,33,Cấm ngược chiều
667,0,7188,"[850, 411, 23, 29]",1,5649,7188.png,626,1622,5,Cấm ngược chiều
25,0,7193,"[873, 426, 5, 5]",1,5657,7193.png,626,1622,12,Cấm ngược chiều
49,0,7199,"[996, 402, 7, 7]",1,5659,7199.png,626,1622,12,Cấm ngược chiều
36,0,7208,"[695, 262, 6, 6]",1,5663,7208.png,626,1622,28,Cấm ngược chiều
30,0,7232,"[695, 98, 5, 6]",1,5668,7232.png,626,1622,22,Cấm ngược chiều
42,0,7238,"[278, 399, 7, 6]",1,5674,7238.png,626,1622,28,Cấm ngược chiều
462,0,7257,"[706, 311, 21, 22]",1,5680,7257.png,626,1622,16,Cấm ngược chiều
56,0,7273,"[693, 329, 7, 8]",1,5685,7273.png,626,1622,47,Cấm ngược chiều
30,0,7286,"[564, 297, 6, 5]",1,5694,7286.png,626,1622,47,Cấm ngược chiều
25,0,7294,"[765, 403, 5, 5]",1,5703,7294.png,626,1622,12,Cấm ngược chiều
48,0,7311,"[463, 322, 8, 6]",1,5705,7311.png,626,1622,47,Cấm ngược chiều
132,0,7323,"[607, 303, 12, 11]",1,5715,7323.png,626,1622,45,Cấm ngược chiều
49,0,7349,"[807, 307, 7, 7]",1,5734,7349.png,626,1622,16,Cấm ngược chiều
456,0,7350,"[130, 89, 24, 19]",1,5741,7350.png,626,1622,49,Cấm ngược chiều
650,0,7362,"[556, 312, 25, 26]",1,5756,7362.png,626,1622,16,Cấm ngược chiều
16,0,7364,"[706, 270, 4, 4]",1,5759,7364.png,626,1622,28,Cấm ngược chiều
1120,0,7372,"[1063, 290, 35, 32]",1,5764,7372.png,626,1622,24,Cấm ngược chiều
441,0,7409,"[558, 165, 21, 21]",1,5787,7409.png,626,1622,47,Cấm ngược chiều
49,0,7412,"[718, 260, 7, 7]",1,5789,7412.png,626,1622,16,Cấm ngược chiều
30,0,7418,"[706, 515, 6, 5]",1,5796,7418.png,626,1622,29,Cấm ngược chiều
195,0,7420,"[472, 254, 15, 13]",1,5798,7420.png,626,1622,28,Cấm ngược chiều
960,0,7424,"[489, 283, 32, 30]",1,5801,7424.png,626,1622,45,Cấm ngược chiều
2668,0,7428,"[319, 154, 58, 46]",1,5814,7428.png,626,1622,28,Cấm ngược chiều
418,0,7448,"[177, 162, 22, 19]",1,5829,7448.png,626,1622,47,Cấm ngược chiều
10148,0,7452,"[0, 209, 118, 86]",1,5837,7452.png,626,1622,28,Cấm ngược chiều
506,0,7453,"[604, 212, 22, 23]",1,5839,7453.png,626,1622,45,Cấm ngược chiều
42,0,7454,"[691, 196, 7, 6]",1,5842,7454.png,626,1622,47,Cấm ngược chiều
837,0,7460,"[163, 134, 31, 27]",1,5844,7460.png,626,1622,47,Cấm ngược chiều
21,0,7468,"[815, 311, 3, 7]",1,5853,7468.png,626,1622,37,Cấm ngược chiều
132,0,7472,"[505, 264, 12, 11]",1,5855,7472.png,626,1622,47,Cấm ngược chiều
266,0,7475,"[205, 310, 19, 14]",1,5863,7475.png,626,1622,45,Cấm ngược chiều
48,0,7477,"[549, 337, 8, 6]",1,5871,7477.png,626,1622,22,Cấm ngược chiều
49,0,7486,"[902, 104, 7, 7]",1,5877,7486.png,626,1622,28,Cấm ngược chiều
120,0,7524,"[1339, 64, 12, 10]",1,5892,7524.png,626,1622,28,Cấm ngược chiều
121,0,7526,"[640, 313, 11, 11]",1,5894,7526.png,626,1622,47,Cấm ngược chiều
154,0,7532,"[636, 289, 14, 11]",1,5899,7532.png,626,1622,45,Cấm ngược chiều
64,0,7539,"[900, 92, 8, 8]",1,5902,7539.png,626,1622,28,Cấm ngược chiều
90,0,7541,"[609, 306, 10, 9]",1,5904,7541.png,626,1622,16,Cấm ngược chiều
20,0,7551,"[541, 408, 5, 4]",1,5909,7551.png,626,1622,28,Cấm ngược chiều
56,0,7556,"[679, 337, 8, 7]",1,5914,7556.png,626,1622,16,Cấm ngược chiều
156,0,7563,"[569, 435, 13, 12]",1,5918,7563.png,626,1622,12,Cấm ngược chiều
64,0,7567,"[723, 375, 8, 8]",1,5919,7567.png,626,1622,28,Cấm ngược chiều
9,0,7571,"[602, 494, 3, 3]",1,5924,7571.png,626,1622,29,Cấm ngược chiều
4047,0,7572,"[230, 125, 71, 57]",1,5926,7572.png,626,1622,45,Cấm ngược chiều
49,0,7586,"[817, 312, 7, 7]",1,5937,7586.png,626,1622,16,Cấm ngược chiều
572,0,7587,"[290, 373, 26, 22]",1,5944,7587.png,626,1622,22,Cấm ngược chiều
90,0,7589,"[915, 419, 10, 9]",1,5947,7589.png,626,1622,12,Cấm ngược chiều
56,0,7590,"[731, 379, 7, 8]",1,5949,7590.png,626,1622,28,Cấm ngược chiều
195,0,7592,"[470, 230, 15, 13]",1,5953,7592.png,626,1622,28,Cấm ngược chiều
49,0,7600,"[716, 270, 7, 7]",1,5964,7600.png,626,1622,28,Cấm ngược chiều
992,0,7607,"[550, 343, 31, 32]",1,5970,7607.png,626,1622,16,Cấm ngược chiều
60,0,7611,"[775, 294, 6, 10]",1,5972,7611.png,626,1622,37,Cấm ngược chiều
196,0,7613,"[467, 156, 14, 14]",1,5977,7613.png,626,1622,47,Cấm ngược chiều
289,0,7619,"[303, 345, 17, 17]",1,5982,7619.png,626,1622,36,Cấm ngược chiều
225,0,7632,"[709, 77, 15, 15]",1,5992,7632.png,626,1622,28,Cấm ngược chiều
256,0,7641,"[845, 269, 16, 16]",1,5998,7641.png,626,1622,19,Cấm ngược chiều
169,0,7642,"[615, 299, 13, 13]",1,6001,7642.png,626,1622,16,Cấm ngược chiều
182,0,7646,"[704, 473, 14, 13]",1,6005,7646.png,626,1622,12,Cấm ngược chiều
20,0,7664,"[702, 253, 5, 4]",1,6017,7664.png,626,1622,28,Cấm ngược chiều
1806,0,7667,"[327, 259, 42, 43]",1,6020,7667.png,626,1622,34,Cấm ngược chiều
99,0,7682,"[905, 419, 11, 9]",1,6028,7682.png,626,1622,12,Cấm ngược chiều
624,0,7692,"[568, 324, 24, 26]",1,6034,7692.png,626,1622,16,Cấm ngược chiều
132,0,7695,"[561, 180, 12, 11]",1,6036,7695.png,626,1622,47,Cấm ngược chiều
72,0,7700,"[750, 473, 8, 9]",1,6041,7700.png,626,1622,12,Cấm ngược chiều
110,0,7705,"[485, 250, 11, 10]",1,6042,7705.png,626,1622,28,Cấm ngược chiều
48,0,7709,"[506, 278, 8, 6]",1,6045,7709.png,626,1622,28,Cấm ngược chiều
650,0,7720,"[793, 409, 25, 26]",1,6061,7720.png,626,1622,12,Cấm ngược chiều
72,0,7741,"[728, 178, 9, 8]",1,6073,7741.png,626,1622,31,Cấm ngược chiều
16,0,7744,"[522, 267, 4, 4]",1,6079,7744.png,626,1622,28,Cấm ngược chiều
110,0,7778,"[654, 499, 10, 11]",1,6095,7778.png,626,1622,29,Cấm ngược chiều
1794,0,7790,"[447, 181, 46, 39]",1,6104,7790.png,626,1622,45,Cấm ngược chiều
64,0,7794,"[968, 401, 8, 8]",1,6110,7794.png,626,1622,12,Cấm ngược chiều
110,0,7801,"[538, 216, 11, 10]",1,6113,7801.png,626,1622,47,Cấm ngược chiều
90,0,7802,"[656, 323, 10, 9]",1,6115,7802.png,626,1622,36,Cấm ngược chiều
775,0,7803,"[1216, 43, 31, 25]",1,6117,7803.png,626,1622,28,Cấm ngược chiều
24,0,7803,"[1368, 88, 6, 4]",1,6119,7803.png,626,1622,28,Cấm ngược chiều
1480,0,7814,"[513, 452, 37, 40]",1,6124,7814.png,626,1622,12,Cấm ngược chiều
121,0,7816,"[840, 176, 11, 11]",1,6125,7816.png,626,1622,22,Cấm ngược chiều
90,0,7816,"[799, 178, 9, 10]",1,6126,7816.png,626,1622,22,Cấm ngược chiều
42,0,7830,"[1014, 99, 6, 7]",1,6139,7830.png,626,1622,28,Cấm ngược chiều
64,0,7835,"[648, 197, 8, 8]",1,6143,7835.png,626,1622,36,Cấm ngược chiều
100,0,7842,"[595, 183, 10, 10]",1,6152,7842.png,626,1622,47,Cấm ngược chiều
48,0,7866,"[751, 266, 8, 6]",1,6161,7866.png,626,1622,36,Cấm ngược chiều
110,0,7867,"[458, 385, 10, 11]",1,6166,7867.png,626,1622,31,Cấm ngược chiều
64,0,7875,"[853, 422, 8, 8]",1,6174,7875.png,626,1622,12,Cấm ngược chiều
156,0,7875,"[247, 426, 13, 12]",1,6176,7875.png,626,1622,12,Cấm ngược chiều
15006,0,7886,"[141, 124, 122, 123]",1,6182,7886.png,626,1622,24,Cấm ngược chiều
63,0,7892,"[259, 405, 9, 7]",1,6183,7892.png,626,1622,28,Cấm ngược chiều
49,0,7900,"[510, 267, 7, 7]",1,6192,7900.png,626,1622,28,Cấm ngược chiều
182,0,7902,"[560, 354, 14, 13]",1,6194,7902.png,626,1622,29,Cấm ngược chiều
3717,0,7931,"[398, 123, 63, 59]",1,6207,7931.png,626,1622,28,Cấm ngược chiều
20,0,7948,"[1003, 405, 5, 4]",1,6217,7948.png,626,1622,12,Cấm ngược chiều
49,0,7960,"[953, 407, 7, 7]",1,6225,7960.png,626,1622,12,Cấm ngược chiều
210,0,7962,"[871, 405, 14, 15]",1,6231,7962.png,626,1622,12,Cấm ngược chiều
100,0,7978,"[888, 424, 10, 10]",1,6238,7978.png,626,1622,12,Cấm ngược chiều
2744,0,7983,"[286, 265, 56, 49]",1,6242,7983.png,626,1622,28,Cấm ngược chiều
9,0,7985,"[932, 131, 3, 3]",1,6246,7985.png,626,1622,28,Cấm ngược chiều
72,0,7994,"[490, 248, 9, 8]",1,6254,7994.png,626,1622,28,Cấm ngược chiều
483,0,8010,"[485, 308, 23, 21]",1,6261,8010.png,626,1622,16,Cấm ngược chiều
36,0,8039,"[563, 360, 6, 6]",1,6271,8039.png,626,1622,22,Cấm ngược chiều
144,0,8053,"[677, 261, 12, 12]",1,6279,8053.png,626,1622,28,Cấm ngược chiều
110,0,8070,"[568, 317, 11, 10]",1,6286,8070.png,626,1622,16,Cấm ngược chiều
225,0,8084,"[633, 326, 15, 15]",1,6292,8084.png,626,1622,16,Cấm ngược chiều
72,0,8102,"[452, 308, 9, 8]",1,6303,8102.png,626,1622,47,Cấm ngược chiều
1287,0,8117,"[377, 178, 39, 33]",1,6311,8117.png,626,1622,28,Cấm ngược chiều
49,0,8135,"[683, 369, 7, 7]",1,6329,8135.png,626,1622,16,Cấm ngược chiều
702,0,8136,"[608, 333, 27, 26]",1,6330,8136.png,626,1622,28,Cấm ngược chiều
90,0,8148,"[1051, 418, 10, 9]",1,6339,8148.png,626,1622,5,Cấm ngược chiều
16,0,8155,"[931, 93, 4, 4]",1,6344,8155.png,626,1622,28,Cấm ngược chiều
11342,0,8164,"[41, 6, 106, 107]",1,6350,8164.png,626,1622,28,Cấm ngược chiều
216,0,8182,"[390, 316, 12, 18]",1,6362,8182.png,626,1622,15,Cấm ngược chiều
48,0,8183,"[1348, 116, 8, 6]",1,6364,8183.png,626,1622,28,Cấm ngược chiều
616,0,8184,"[12, 235, 28, 22]",1,6366,8184.png,626,1622,34,Cấm ngược chiều
272,0,8184,"[1103, 268, 17, 16]",1,6368,8184.png,626,1622,34,Cấm ngược chiều
81,0,8193,"[600, 316, 9, 9]",1,6381,8193.png,626,1622,16,Cấm ngược chiều
90,0,8204,"[488, 281, 10, 9]",1,6401,8204.png,626,1622,28,Cấm ngược chiều
30,0,8218,"[618, 323, 6, 5]",1,6409,8218.png,626,1622,16,Cấm ngược chiều
342,0,8223,"[568, 324, 19, 18]",1,6411,8223.png,626,1622,45,Cấm ngược chiều
180,0,8231,"[472, 73, 15, 12]",1,6414,8231.png,626,1622,22,Cấm ngược chiều
130,0,8241,"[778, 419, 10, 13]",1,6421,8241.png,626,1622,5,Cấm ngược chiều
30,0,8256,"[501, 317, 6, 5]",1,6432,8256.png,626,1622,47,Cấm ngược chiều
1054,0,8259,"[250, 342, 34, 31]",1,6437,8259.png,626,1622,13,Cấm ngược chiều
4860,0,8260,"[423, 390, 60, 81]",1,6439,8260.png,626,1622,12,Cấm ngược chiều
100,0,8261,"[511, 180, 10, 10]",1,6440,8261.png,626,1622,47,Cấm ngược chiều
204,0,8264,"[197, 388, 17, 12]",1,6443,8264.png,626,1622,28,Cấm ngược chiều
256,0,8266,"[461, 244, 16, 16]",1,6446,8266.png,626,1622,5,Cấm ngược chiều
144,0,8271,"[1166, 418, 12, 12]",1,6447,8271.png,626,1622,5,Cấm ngược chiều
6399,0,8279,"[315, 354, 79, 81]",1,6450,8279.png,626,1622,12,Cấm ngược chiều
168,0,8292,"[807, 369, 12, 14]",1,6455,8292.png,626,1622,28,Cấm ngược chiều
64,0,8309,"[896, 112, 8, 8]",1,6462,8309.png,626,1622,28,Cấm ngược chiều
36,0,8341,"[724, 263, 6, 6]",1,6474,8341.png,626,1622,16,Cấm ngược chiều
1280,0,8375,"[101, 196, 40, 32]",1,6494,8375.png,626,1622,47,Cấm ngược chiều
156,0,8417,"[713, 417, 12, 13]",1,6508,8417.png,626,1622,12,Cấm ngược chiều
225,0,8419,"[641, 247, 15, 15]",1,6510,8419.png,626,1622,28,Cấm ngược chiều
2451,0,8427,"[218, 328, 57, 43]",1,6512,8427.png,626,1622,28,Cấm ngược chiều
49,0,8433,"[497, 404, 7, 7]",1,6518,8433.png,626,1622,47,Cấm ngược chiều
306,0,8437,"[664, 237, 18, 17]",1,6520,8437.png,626,1622,28,Cấm ngược chiều
323,0,8440,"[243, 255, 19, 17]",1,6522,8440.png,626,1622,28,Cấm ngược chiều
225,0,8448,"[773, 488, 15, 15]",1,6525,8448.png,626,1622,29,Cấm ngược chiều
110,0,8460,"[623, 389, 11, 10]",1,6535,8460.png,626,1622,28,Cấm ngược chiều
216,0,8461,"[876, 223, 9, 24]",1,6538,8461.png,626,1622,45,Cấm ngược chiều
121,0,8473,"[402, 304, 11, 11]",1,6542,8473.png,626,1622,47,Cấm ngược chiều
64,0,8496,"[667, 335, 8, 8]",1,6552,8496.png,626,1622,16,Cấm ngược chiều
144,0,8502,"[536, 276, 12, 12]",1,6560,8502.png,626,1622,13,Cấm ngược chiều
750,0,8507,"[1227, 81, 30, 25]",1,6566,8507.png,626,1622,28,Cấm ngược chiều
81,0,8509,"[979, 398, 9, 9]",1,6569,8509.png,626,1622,12,Cấm ngược chiều
64,0,8515,"[820, 422, 8, 8]",1,6574,8515.png,626,1622,5,Cấm ngược chiều
100,0,8520,"[666, 251, 10, 10]",1,6577,8520.png,626,1622,33,Cấm ngược chiều
25,0,8540,"[694, 367, 5, 5]",1,6595,8540.png,626,1622,16,Cấm ngược chiều
783,0,8551,"[523, 152, 29, 27]",1,6597,8551.png,626,1622,47,Cấm ngược chiều
728,0,8551,"[523, 153, 28, 26]",1,9978,8551.png,626,1622,47,Cấm ngược chiều
270,0,8557,"[379, 165, 18, 15]",1,6602,8557.png,626,1622,47,Cấm ngược chiều
323,0,8557,"[379, 163, 19, 17]",1,7054,8557.png,626,1622,47,Cấm ngược chiều
342,0,8557,"[380, 163, 19, 18]",1,7805,8557.png,626,1622,47,Cấm ngược chiều
285,0,8563,"[207, 85, 19, 15]",1,6605,8563.png,626,1622,49,Cấm ngược chiều
9,0,8574,"[580, 365, 3, 3]",1,8789,8574.png,626,1622,22,Cấm ngược chiều
2744,0,8578,"[3, 223, 56, 49]",1,6616,8578.png,626,1622,5,Cấm ngược chiều
2475,0,8578,"[4, 227, 55, 45]",1,7431,8578.png,626,1622,5,Cấm ngược chiều
323,0,8600,"[394, 216, 19, 17]",1,6621,8600.png,626,1622,5,Cấm ngược chiều
288,0,8600,"[393, 217, 18, 16]",1,8214,8600.png,626,1622,5,Cấm ngược chiều
100,0,8616,"[702, 264, 10, 10]",1,6627,8616.png,626,1622,28,Cấm ngược chiều
90,0,8616,"[702, 264, 9, 10]",1,10540,8616.png,626,1622,28,Cấm ngược chiều
36,0,8617,"[685, 255, 6, 6]",1,6629,8617.png,626,1622,28,Cấm ngược chiều
132,0,8618,"[470, 239, 12, 11]",1,6631,8618.png,626,1622,28,Cấm ngược chiều
120,0,8618,"[470, 240, 12, 10]",1,7086,8618.png,626,1622,28,Cấm ngược chiều
144,0,8618,"[470, 239, 12, 12]",1,8250,8618.png,626,1622,28,Cấm ngược chiều
100,0,8630,"[692, 234, 10, 10]",1,6637,8630.png,626,1622,45,Cấm ngược chiều
100,0,8630,"[692, 233, 10, 10]",1,8143,8630.png,626,1622,45,Cấm ngược chiều
483,0,8640,"[705, 291, 23, 21]",1,6647,8640.png,626,1622,16,Cấm ngược chiều
399,0,8640,"[707, 292, 19, 21]",1,8098,8640.png,626,1622,16,Cấm ngược chiều
1156,0,8645,"[511, 325, 34, 34]",1,6653,8645.png,626,1622,28,Cấm ngược chiều
1122,0,8645,"[511, 326, 34, 33]",1,7640,8645.png,626,1622,28,Cấm ngược chiều
1155,0,8645,"[512, 325, 33, 35]",1,8488,8645.png,626,1622,28,Cấm ngược chiều
1056,0,8645,"[513, 326, 32, 33]",1,8617,8645.png,626,1622,28,Cấm ngược chiều
99,0,8658,"[438, 184, 11, 9]",1,6658,8658.png,626,1622,47,Cấm ngược chiều
121,0,8658,"[438, 183, 11, 11]",1,8919,8658.png,626,1622,47,Cấm ngược chiều
110,0,8658,"[438, 184, 11, 10]",1,9673,8658.png,626,1622,47,Cấm ngược chiều
56,0,8671,"[700, 284, 8, 7]",1,6662,8671.png,626,1622,28,Cấm ngược chiều
49,0,8671,"[701, 284, 7, 7]",1,8985,8671.png,626,1622,28,Cấm ngược chiều
49,0,8677,"[859, 423, 7, 7]",1,6665,8677.png,626,1622,12,Cấm ngược chiều
49,0,8677,"[859, 423, 7, 7]",1,7638,8677.png,626,1622,12,Cấm ngược chiều
49,0,8677,"[859, 423, 7, 7]",1,9926,8677.png,626,1622,12,Cấm ngược chiều
783,0,8679,"[235, 157, 29, 27]",1,6666,8679.png,626,1622,47,Cấm ngược chiều
700,0,8679,"[235, 158, 28, 25]",1,7682,8679.png,626,1622,47,Cấm ngược chiều
728,0,8679,"[235, 157, 28, 26]",1,9121,8679.png,626,1622,47,Cấm ngược chiều
144,0,8683,"[875, 134, 12, 12]",1,6672,8683.png,626,1622,28,Cấm ngược chiều
144,0,8683,"[874, 133, 12, 12]",1,10217,8683.png,626,1622,28,Cấm ngược chiều
144,0,8695,"[608, 354, 12, 12]",1,6681,8695.png,626,1622,28,Cấm ngược chiều
144,0,8695,"[608, 354, 12, 12]",1,8828,8695.png,626,1622,28,Cấm ngược chiều
42,0,8713,"[714, 392, 7, 6]",1,6689,8713.png,626,1622,16,Cấm ngược chiều
49,0,8713,"[714, 392, 7, 7]",1,8836,8713.png,626,1622,16,Cấm ngược chiều
16,0,8721,"[929, 126, 4, 4]",1,6695,8721.png,626,1622,28,Cấm ngược chiều
16,0,8721,"[929, 126, 4, 4]",1,8283,8721.png,626,1622,28,Cấm ngược chiều
195,0,8724,"[364, 351, 15, 13]",1,6701,8724.png,626,1622,13,Cấm ngược chiều
195,0,8724,"[365, 352, 15, 13]",1,9002,8724.png,626,1622,13,Cấm ngược chiều
224,0,8724,"[364, 351, 16, 14]",1,10562,8724.png,626,1622,13,Cấm ngược chiều
624,0,8742,"[541, 303, 26, 24]",1,6706,8742.png,626,1622,28,Cấm ngược chiều
528,0,8742,"[542, 304, 24, 22]",1,10530,8742.png,626,1622,28,Cấm ngược chiều
30,0,8747,"[862, 333, 6, 5]",1,6709,8747.png,626,1622,16,Cấm ngược chiều
132,0,8748,"[1021, 406, 12, 11]",1,6710,8748.png,626,1622,12,Cấm ngược chiều
121,0,8748,"[1022, 406, 11, 11]",1,10048,8748.png,626,1622,12,Cấm ngược chiều
576,0,8768,"[40, 297, 24, 24]",1,6722,8768.png,626,1622,36,Cấm ngược chiều
169,0,8772,"[684, 254, 13, 13]",1,6725,8772.png,626,1622,16,Cấm ngược chiều
5670,0,8780,"[197, 216, 81, 70]",1,6730,8780.png,626,1622,28,Cấm ngược chiều
5313,0,8780,"[200, 217, 77, 69]",1,7461,8780.png,626,1622,28,Cấm ngược chiều
144,0,8791,"[766, 337, 12, 12]",1,6736,8791.png,626,1622,16,Cấm ngược chiều
132,0,8791,"[766, 337, 11, 12]",1,9786,8791.png,626,1622,16,Cấm ngược chiều
16,0,8794,"[741, 420, 4, 4]",1,7817,8794.png,626,1622,12,Cấm ngược chiều
12,0,8794,"[741, 420, 4, 3]",1,7982,8794.png,626,1622,12,Cấm ngược chiều
440,0,8810,"[552, 417, 22, 20]",1,6746,8810.png,626,1622,5,Cấm ngược chiều
552,0,8810,"[552, 415, 23, 24]",1,7501,8810.png,626,1622,5,Cấm ngược chiều
361,0,8810,"[554, 418, 19, 19]",1,10185,8810.png,626,1622,5,Cấm ngược chiều
30,0,8836,"[702, 369, 6, 5]",1,6761,8836.png,626,1622,16,Cấm ngược chiều
49,0,8845,"[580, 486, 7, 7]",1,6763,8845.png,626,1622,29,Cấm ngược chiều
64,0,8845,"[579, 486, 8, 8]",1,10575,8845.png,626,1622,29,Cấm ngược chiều
42,0,8850,"[780, 409, 6, 7]",1,6767,8850.png,626,1622,12,Cấm ngược chiều
960,0,8884,"[493, 247, 32, 30]",1,6780,8884.png,626,1622,45,Cấm ngược chiều
132,0,8885,"[719, 336, 11, 12]",1,6784,8885.png,626,1622,53,Cấm ngược chiều
576,0,8885,"[1264, 334, 24, 24]",1,6786,8885.png,626,1622,53,Cấm ngược chiều
144,0,8885,"[719, 335, 12, 12]",1,8928,8885.png,626,1622,53,Cấm ngược chiều
725,0,8885,"[1263, 331, 25, 29]",1,8930,8885.png,626,1622,53,Cấm ngược chiều
132,0,8885,"[719, 336, 11, 12]",1,10253,8885.png,626,1622,53,Cấm ngược chiều
525,0,8885,"[1264, 333, 21, 25]",1,10254,8885.png,626,1622,53,Cấm ngược chiều
462,0,8896,"[751, 408, 21, 22]",1,6797,8896.png,626,1622,12,Cấm ngược chiều
64,0,8917,"[568, 192, 8, 8]",1,6816,8917.png,626,1622,47,Cấm ngược chiều
169,0,8970,"[637, 260, 13, 13]",1,6833,8970.png,626,1622,28,Cấm ngược chiều
182,0,8970,"[636, 260, 14, 13]",1,8273,8970.png,626,1622,28,Cấm ngược chiều
42,0,8975,"[377, 401, 7, 6]",1,6836,8975.png,626,1622,28,Cấm ngược chiều
56,0,8975,"[377, 401, 8, 7]",1,7353,8975.png,626,1622,28,Cấm ngược chiều
63,0,8975,"[376, 401, 9, 7]",1,10067,8975.png,626,1622,28,Cấm ngược chiều
48,0,8975,"[377, 401, 8, 6]",1,10507,8975.png,626,1622,28,Cấm ngược chiều
25,0,8979,"[613, 182, 5, 5]",1,6840,8979.png,626,1622,47,Cấm ngược chiều
16,0,8979,"[613, 182, 4, 4]",1,7249,8979.png,626,1622,47,Cấm ngược chiều
3422,0,8983,"[467, 106, 58, 59]",1,6842,8983.png,626,1622,28,Cấm ngược chiều
3599,0,8983,"[467, 105, 59, 61]",1,7091,8983.png,626,1622,28,Cấm ngược chiều
3540,0,8983,"[467, 105, 59, 60]",1,9275,8983.png,626,1622,28,Cấm ngược chiều
1254,0,8996,"[240, 175, 38, 33]",1,6852,8996.png,626,1622,5,Cấm ngược chiều
1178,0,8996,"[241, 177, 38, 31]",1,9064,8996.png,626,1622,5,Cấm ngược chiều
1116,0,8996,"[241, 176, 36, 31]",1,10278,8996.png,626,1622,5,Cấm ngược chiều
20,0,9004,"[920, 107, 5, 4]",1,6859,9004.png,626,1622,28,Cấm ngược chiều
144,0,9015,"[500, 407, 12, 12]",1,6865,9015.png,626,1622,31,Cấm ngược chiều
210,0,9015,"[500, 406, 15, 14]",1,7741,9015.png,626,1622,31,Cấm ngược chiều
49,0,9023,"[571, 494, 7, 7]",1,6871,9023.png,626,1622,29,Cấm ngược chiều
49,0,9023,"[571, 494, 7, 7]",1,8886,9023.png,626,1622,29,Cấm ngược chiều
90,0,9063,"[64, 336, 10, 9]",1,6881,9063.png,626,1622,20,Cấm ngược chiều
100,0,9066,"[491, 268, 10, 10]",1,6884,9066.png,626,1622,45,Cấm ngược chiều
90,0,9076,"[618, 407, 10, 9]",1,6892,9076.png,626,1622,12,Cấm ngược chiều
72,0,9076,"[618, 407, 8, 9]",1,8469,9076.png,626,1622,12,Cấm ngược chiều
182,0,9078,"[654, 225, 14, 13]",1,6893,9078.png,626,1622,45,Cấm ngược chiều
56,0,9085,"[610, 366, 8, 7]",1,6898,9085.png,626,1622,29,Cấm ngược chiều
49,0,9085,"[611, 366, 7, 7]",1,7446,9085.png,626,1622,29,Cấm ngược chiều
49,0,9085,"[610, 366, 7, 7]",1,8132,9085.png,626,1622,29,Cấm ngược chiều
42,0,9085,"[611, 366, 7, 6]",1,8544,9085.png,626,1622,29,Cấm ngược chiều
42,0,9085,"[610, 366, 7, 6]",1,8741,9085.png,626,1622,29,Cấm ngược chiều
49,0,9085,"[611, 365, 7, 7]",1,9896,9085.png,626,1622,29,Cấm ngược chiều
16,0,9087,"[837, 425, 4, 4]",1,6900,9087.png,626,1622,12,Cấm ngược chiều
20,0,9087,"[837, 425, 5, 4]",1,10182,9087.png,626,1622,12,Cấm ngược chiều
12,0,9088,"[526, 286, 4, 3]",1,6902,9088.png,626,1622,28,Cấm ngược chiều
49,0,9107,"[497, 404, 7, 7]",1,6916,9107.png,626,1622,47,Cấm ngược chiều
56,0,9107,"[496, 404, 8, 7]",1,8129,9107.png,626,1622,47,Cấm ngược chiều
49,0,9107,"[497, 404, 7, 7]",1,8435,9107.png,626,1622,47,Cấm ngược chiều
2254,0,9110,"[91, 206, 49, 46]",1,6918,9110.png,626,1622,47,Cấm ngược chiều
36,0,9118,"[738, 380, 6, 6]",1,6926,9118.png,626,1622,16,Cấm ngược chiều
25,0,9118,"[738, 381, 5, 5]",1,9052,9118.png,626,1622,16,Cấm ngược chiều
56,0,9124,"[806, 309, 7, 8]",1,6931,9124.png,626,1622,16,Cấm ngược chiều
132,0,9131,"[416, 271, 12, 11]",1,6941,9131.png,626,1622,19,Cấm ngược chiều
110,0,9131,"[417, 271, 11, 10]",1,8041,9131.png,626,1622,19,Cấm ngược chiều
110,0,9131,"[416, 271, 11, 10]",1,8774,9131.png,626,1622,19,Cấm ngược chiều
42,0,9146,"[908, 108, 7, 6]",1,6952,9146.png,626,1622,28,Cấm ngược chiều
36,0,9146,"[909, 108, 6, 6]",1,8393,9146.png,626,1622,28,Cấm ngược chiều
208,0,9147,"[1325, 49, 16, 13]",1,6954,9147.png,626,1622,28,Cấm ngược chiều
180,0,9147,"[1326, 50, 15, 12]",1,9265,9147.png,626,1622,28,Cấm ngược chiều
180,0,9147,"[1326, 50, 15, 12]",1,9775,9147.png,626,1622,28,Cấm ngược chiều
289,0,9152,"[924, 393, 17, 17]",1,6958,9152.png,626,1622,12,Cấm ngược chiều
272,0,9152,"[925, 394, 17, 16]",1,8103,9152.png,626,1622,12,Cấm ngược chiều
272,0,9152,"[925, 394, 16, 17]",1,9087,9152.png,626,1622,12,Cấm ngược chiều
240,0,9152,"[925, 394, 16, 15]",1,9892,9152.png,626,1622,12,Cấm ngược chiều
110,0,9184,"[708, 257, 10, 11]",1,6975,9184.png,626,1622,16,Cấm ngược chiều
63,0,9184,"[710, 258, 7, 9]",1,8816,9184.png,626,1622,16,Cấm ngược chiều
36,0,9202,"[668, 366, 6, 6]",1,6985,9202.png,626,1622,45,Cấm ngược chiều
36,0,9202,"[668, 366, 6, 6]",1,9280,9202.png,626,1622,45,Cấm ngược chiều
36,0,9202,"[668, 366, 6, 6]",1,10551,9202.png,626,1622,45,Cấm ngược chiều
756,0,9205,"[667, 393, 27, 28]",1,6988,9205.png,626,1622,12,Cấm ngược chiều
648,0,9205,"[668, 393, 24, 27]",1,8720,9205.png,626,1622,12,Cấm ngược chiều
16,0,9238,"[1006, 405, 4, 4]",1,7001,9238.png,626,1622,12,Cấm ngược chiều
16,0,9238,"[1006, 405, 4, 4]",1,9097,9238.png,626,1622,12,Cấm ngược chiều
81,0,9239,"[943, 408, 9, 9]",1,7005,9239.png,626,1622,12,Cấm ngược chiều
72,0,9239,"[944, 409, 8, 9]",1,7728,9239.png,626,1622,12,Cấm ngược chiều
100,0,9239,"[943, 408, 10, 10]",1,8290,9239.png,626,1622,12,Cấm ngược chiều
100,0,9239,"[943, 408, 10, 10]",1,8961,9239.png,626,1622,12,Cấm ngược chiều
80,0,9251,"[631, 448, 8, 10]",1,7013,9251.png,626,1622,20,Cấm ngược chiều
153,0,9291,"[569, 230, 9, 17]",1,7030,9291.png,626,1622,45,Cấm ngược chiều
25,0,9296,"[687, 523, 5, 5]",1,7035,9296.png,626,1622,29,Cấm ngược chiều
25,0,9296,"[687, 524, 5, 5]",1,8024,9296.png,626,1622,29,Cấm ngược chiều
49,0,9299,"[648, 397, 7, 7]",1,7037,9299.png,626,1622,28,Cấm ngược chiều
49,0,9299,"[648, 397, 7, 7]",1,7871,9299.png,626,1622,28,Cấm ngược chiều
49,0,9299,"[647, 397, 7, 7]",1,8909,9299.png,626,1622,28,Cấm ngược chiều
36,0,9299,"[648, 398, 6, 6]",1,9484,9299.png,626,1622,28,Cấm ngược chiều
49,0,9300,"[731, 380, 7, 7]",1,7040,9300.png,626,1622,28,Cấm ngược chiều
49,0,9300,"[731, 379, 7, 7]",1,8507,9300.png,626,1622,28,Cấm ngược chiều
56,0,9300,"[731, 379, 7, 8]",1,10307,9300.png,626,1622,28,Cấm ngược chiều
16,0,9303,"[627, 383, 4, 4]",1,7044,9303.png,626,1622,28,Cấm ngược chiều
20,0,9303,"[627, 383, 5, 4]",1,7373,9303.png,626,1622,28,Cấm ngược chiều
16,0,9303,"[627, 383, 4, 4]",1,9741,9303.png,626,1622,28,Cấm ngược chiều
16,0,9303,"[627, 383, 4, 4]",1,9924,9303.png,626,1622,28,Cấm ngược chiều
540,0,9307,"[150, 374, 27, 20]",1,7052,9307.png,626,1622,28,Cấm ngược chiều
728,0,9311,"[461, 268, 28, 26]",1,7059,9311.png,626,1622,45,Cấm ngược chiều
754,0,9311,"[461, 267, 29, 26]",1,9763,9311.png,626,1622,45,Cấm ngược chiều
42,0,9312,"[736, 392, 7, 6]",1,7062,9312.png,626,1622,16,Cấm ngược chiều
110,0,9323,"[486, 461, 11, 10]",1,7064,9323.png,626,1622,47,Cấm ngược chiều
120,0,9323,"[487, 461, 12, 10]",1,7358,9323.png,626,1622,47,Cấm ngược chiều
1935,0,9332,"[78, 349, 43, 45]",1,7067,9332.png,626,1622,28,Cấm ngược chiều
72,0,9332,"[382, 279, 8, 9]",1,7069,9332.png,626,1622,28,Cấm ngược chiều
2250,0,9332,"[74, 347, 50, 45]",1,10053,9332.png,626,1622,28,Cấm ngược chiều
441,0,9333,"[855, 396, 21, 21]",1,7070,9333.png,626,1622,12,Cấm ngược chiều
420,0,9333,"[855, 397, 20, 21]",1,10487,9333.png,626,1622,12,Cấm ngược chiều
64,0,9338,"[813, 289, 8, 8]",1,7076,9338.png,626,1622,45,Cấm ngược chiều
64,0,9338,"[814, 288, 8, 8]",1,10590,9338.png,626,1622,45,Cấm ngược chiều
6,0,9351,"[931, 133, 3, 2]",1,7083,9351.png,626,1622,28,Cấm ngược chiều
4154,0,9376,"[402, 114, 67, 62]",1,7097,9376.png,626,1622,28,Cấm ngược chiều
4480,0,9376,"[400, 113, 70, 64]",1,7968,9376.png,626,1622,28,Cấm ngược chiều
4221,0,9376,"[402, 114, 67, 63]",1,10445,9376.png,626,1622,28,Cấm ngược chiều
176,0,9381,"[26, 418, 11, 16]",1,7101,9381.png,626,1622,25,Cấm ngược chiều
780,0,9387,"[532, 408, 26, 30]",1,7103,9387.png,626,1622,5,Cấm ngược chiều
484,0,9391,"[85, 389, 22, 22]",1,7105,9391.png,626,1622,36,Cấm ngược chiều
462,0,9391,"[209, 386, 21, 22]",1,7106,9391.png,626,1622,36,Cấm ngược chiều
1845,0,9391,"[235, 420, 41, 45]",1,7107,9391.png,626,1622,36,Cấm ngược chiều
462,0,9391,"[334, 384, 22, 21]",1,7109,9391.png,626,1622,36,Cấm ngược chiều
1935,0,9391,"[234, 420, 43, 45]",1,9732,9391.png,626,1622,36,Cấm ngược chiều
462,0,9391,"[334, 384, 21, 22]",1,9734,9391.png,626,1622,36,Cấm ngược chiều
462,0,9391,"[209, 386, 21, 22]",1,9735,9391.png,626,1622,36,Cấm ngược chiều
462,0,9391,"[86, 389, 21, 22]",1,9736,9391.png,626,1622,36,Cấm ngược chiều
30,0,9403,"[650, 308, 5, 6]",1,7125,9403.png,626,1622,16,Cấm ngược chiều
36,0,9403,"[650, 308, 6, 6]",1,8681,9403.png,626,1622,16,Cấm ngược chiều
30,0,9403,"[650, 308, 5, 6]",1,9885,9403.png,626,1622,16,Cấm ngược chiều
132,0,9410,"[641, 189, 11, 12]",1,7131,9410.png,626,1622,47,Cấm ngược chiều
144,0,9410,"[641, 189, 12, 12]",1,8902,9410.png,626,1622,47,Cấm ngược chiều
121,0,9410,"[641, 189, 11, 11]",1,9619,9410.png,626,1622,47,Cấm ngược chiều
340,0,9416,"[392, 158, 17, 20]",1,7135,9416.png,626,1622,47,Cấm ngược chiều
420,0,9416,"[391, 158, 20, 21]",1,8268,9416.png,626,1622,47,Cấm ngược chiều
30,0,9418,"[912, 119, 6, 5]",1,7138,9418.png,626,1622,28,Cấm ngược chiều
25,0,9418,"[913, 118, 5, 5]",1,9955,9418.png,626,1622,28,Cấm ngược chiều
110,0,9432,"[473, 331, 11, 10]",1,7146,9432.png,626,1622,13,Cấm ngược chiều
210,0,9448,"[640, 264, 15, 14]",1,7165,9448.png,626,1622,45,Cấm ngược chiều
182,0,9448,"[640, 265, 14, 13]",1,7754,9448.png,626,1622,45,Cấm ngược chiều
182,0,9448,"[639, 265, 14, 13]",1,8192,9448.png,626,1622,45,Cấm ngược chiều
169,0,9448,"[641, 265, 13, 13]",1,10595,9448.png,626,1622,45,Cấm ngược chiều
81,0,9459,"[684, 389, 9, 9]",1,7171,9459.png,626,1622,16,Cấm ngược chiều
192,0,9466,"[1312, 79, 16, 12]",1,7176,9466.png,626,1622,28,Cấm ngược chiều
25,0,9467,"[823, 387, 5, 5]",1,7178,9467.png,626,1622,28,Cấm ngược chiều
30,0,9467,"[822, 387, 6, 5]",1,7688,9467.png,626,1622,28,Cấm ngược chiều
36,0,9467,"[822, 387, 6, 6]",1,8884,9467.png,626,1622,28,Cấm ngược chiều
289,0,9469,"[779, 395, 17, 17]",1,7180,9469.png,626,1622,12,Cấm ngược chiều
289,0,9469,"[778, 395, 17, 17]",1,7538,9469.png,626,1622,12,Cấm ngược chiều
56,0,9478,"[731, 379, 7, 8]",1,7183,9478.png,626,1622,28,Cấm ngược chiều
25,0,9488,"[680, 199, 5, 5]",1,7190,9488.png,626,1622,47,Cấm ngược chiều
20,0,9488,"[680, 199, 5, 4]",1,9233,9488.png,626,1622,47,Cấm ngược chiều
30,0,9495,"[507, 261, 6, 5]",1,7193,9495.png,626,1622,28,Cấm ngược chiều
12,0,9500,"[710, 267, 3, 4]",1,7198,9500.png,626,1622,28,Cấm ngược chiều
42,0,9534,"[707, 362, 6, 7]",1,7214,9534.png,626,1622,16,Cấm ngược chiều
25,0,9534,"[708, 363, 5, 5]",1,8826,9534.png,626,1622,16,Cấm ngược chiều
256,0,9535,"[871, 398, 16, 16]",1,7215,9535.png,626,1622,12,Cấm ngược chiều
342,0,9535,"[871, 396, 18, 19]",1,8943,9535.png,626,1622,12,Cấm ngược chiều
132,0,9537,"[453, 176, 12, 11]",1,7221,9537.png,626,1622,47,Cấm ngược chiều
42,0,9555,"[859, 411, 6, 7]",1,7230,9555.png,626,1622,12,Cấm ngược chiều
49,0,9555,"[858, 411, 7, 7]",1,8772,9555.png,626,1622,12,Cấm ngược chiều
49,0,9555,"[858, 411, 7, 7]",1,8882,9555.png,626,1622,12,Cấm ngược chiều
621,0,9559,"[635, 393, 23, 27]",1,7236,9559.png,626,1622,12,Cấm ngược chiều
676,0,9559,"[633, 393, 26, 26]",1,9927,9559.png,626,1622,12,Cấm ngược chiều
546,0,9563,"[1350, 228, 21, 26]",1,7242,9563.png,626,1622,34,Cấm ngược chiều
594,0,9563,"[1350, 229, 22, 27]",1,8550,9563.png,626,1622,34,Cấm ngược chiều
500,0,9563,"[1350, 229, 20, 25]",1,9632,9563.png,626,1622,34,Cấm ngược chiều
132,0,9569,"[821, 412, 11, 12]",1,7247,9569.png,626,1622,12,Cấm ngược chiều
20,0,9572,"[965, 406, 4, 5]",1,7252,9572.png,626,1622,12,Cấm ngược chiều
25,0,9572,"[965, 406, 5, 5]",1,8625,9572.png,626,1622,12,Cấm ngược chiều
8200,0,9576,"[170, 185, 100, 82]",1,7256,9576.png,626,1622,28,Cấm ngược chiều
7623,0,9576,"[171, 186, 99, 77]",1,8240,9576.png,626,1622,28,Cấm ngược chiều
16,0,9594,"[992, 403, 4, 4]",1,7270,9594.png,626,1622,12,Cấm ngược chiều
20,0,9594,"[992, 403, 4, 5]",1,9807,9594.png,626,1622,12,Cấm ngược chiều
20,0,9594,"[992, 403, 5, 4]",1,9905,9594.png,626,1622,12,Cấm ngược chiều
156,0,9604,"[459, 113, 13, 12]",1,7274,9604.png,626,1622,22,Cấm ngược chiều
440,0,9618,"[457, 211, 22, 20]",1,7292,9618.png,626,1622,33,Cấm ngược chiều
380,0,9618,"[458, 212, 20, 19]",1,7873,9618.png,626,1622,33,Cấm ngược chiều
16,0,9631,"[898, 423, 4, 4]",1,7304,9631.png,626,1622,12,Cấm ngược chiều
676,0,9645,"[755, 330, 26, 26]",1,7313,9645.png,626,1622,28,Cấm ngược chiều
624,0,9645,"[755, 331, 26, 24]",1,8803,9645.png,626,1622,28,Cấm ngược chiều
650,0,9645,"[755, 330, 25, 26]",1,9199,9645.png,626,1622,28,Cấm ngược chiều
980,0,9656,"[366, 208, 28, 35]",1,7323,9656.png,626,1622,45,Cấm ngược chiều
1147,0,9656,"[364, 205, 31, 37]",1,7570,9656.png,626,1622,45,Cấm ngược chiều
16,0,9678,"[1056, 400, 4, 4]",1,7917,9678.png,626,1622,12,Cấm ngược chiều
16,0,9678,"[1056, 400, 4, 4]",1,10315,9678.png,626,1622,12,Cấm ngược chiều
25,0,9696,"[561, 336, 5, 5]",1,7340,9696.png,626,1622,22,Cấm ngược chiều
20,0,9696,"[560, 337, 5, 4]",1,7672,9696.png,626,1622,22,Cấm ngược chiều
16,0,9696,"[561, 337, 4, 4]",1,8110,9696.png,626,1622,22,Cấm ngược chiều
90,0,9727,"[476, 253, 10, 9]",1,7360,9727.png,626,1622,28,Cấm ngược chiều
90,0,9727,"[476, 253, 10, 9]",1,9811,9727.png,626,1622,28,Cấm ngược chiều
110,0,9727,"[476, 253, 11, 10]",1,9980,9727.png,626,1622,28,Cấm ngược chiều
1221,0,9734,"[404, 308, 37, 33]",1,7366,9734.png,626,1622,29,Cấm ngược chiều
1330,0,9734,"[404, 308, 38, 35]",1,7417,9734.png,626,1622,29,Cấm ngược chiều
1292,0,9734,"[403, 308, 38, 34]",1,8187,9734.png,626,1622,29,Cấm ngược chiều
1404,0,9734,"[403, 307, 39, 36]",1,10204,9734.png,626,1622,29,Cấm ngược chiều
575,0,9744,"[58, 367, 25, 23]",1,7377,9744.png,626,1622,36,Cấm ngược chiều
100,0,9753,"[886, 93, 10, 10]",1,7382,9753.png,626,1622,28,Cấm ngược chiều
100,0,9753,"[886, 93, 10, 10]",1,7943,9753.png,626,1622,28,Cấm ngược chiều
132,0,9753,"[886, 92, 11, 12]",1,8314,9753.png,626,1622,28,Cấm ngược chiều
90,0,9753,"[887, 93, 9, 10]",1,8708,9753.png,626,1622,28,Cấm ngược chiều
90,0,9753,"[886, 93, 9, 10]",1,10255,9753.png,626,1622,28,Cấm ngược chiều
11445,0,9767,"[364, 367, 109, 105]",1,7383,9767.png,626,1622,12,Cấm ngược chiều
10500,0,9767,"[369, 369, 100, 105]",1,9951,9767.png,626,1622,12,Cấm ngược chiều
10094,0,9767,"[369, 368, 98, 103]",1,10327,9767.png,626,1622,12,Cấm ngược chiều
49,0,9786,"[794, 277, 7, 7]",1,7399,9786.png,626,1622,47,Cấm ngược chiều
456,0,9793,"[1261, 74, 24, 19]",1,7404,9793.png,626,1622,28,Cấm ngược chiều
437,0,9793,"[1261, 75, 23, 19]",1,7766,9793.png,626,1622,28,Cấm ngược chiều
437,0,9793,"[1262, 74, 23, 19]",1,8482,9793.png,626,1622,28,Cấm ngược chiều
378,0,9793,"[1263, 76, 21, 18]",1,9700,9793.png,626,1622,28,Cấm ngược chiều
323,0,9814,"[754, 404, 17, 19]",1,7420,9814.png,626,1622,29,Cấm ngược chiều
399,0,9825,"[414, 265, 21, 19]",1,7425,9825.png,626,1622,28,Cấm ngược chiều
399,0,9825,"[414, 265, 21, 19]",1,8989,9825.png,626,1622,28,Cấm ngược chiều
110,0,9845,"[784, 418, 10, 11]",1,7438,9845.png,626,1622,29,Cấm ngược chiều
360,0,9856,"[670, 248, 20, 18]",1,7442,9856.png,626,1622,28,Cấm ngược chiều
25,0,9857,"[715, 410, 5, 5]",1,7444,9857.png,626,1622,28,Cấm ngược chiều
156,0,9865,"[702, 465, 12, 13]",1,7449,9865.png,626,1622,12,Cấm ngược chiều
110,0,9872,"[551, 247, 11, 10]",1,7459,9872.png,626,1622,5,Cấm ngược chiều
81,0,9872,"[552, 248, 9, 9]",1,7698,9872.png,626,1622,5,Cấm ngược chiều
110,0,9872,"[551, 247, 10, 11]",1,10401,9872.png,626,1622,5,Cấm ngược chiều
352,0,9878,"[305, 277, 22, 16]",1,7467,9878.png,626,1622,47,Cấm ngược chiều
304,0,9878,"[307, 277, 19, 16]",1,8027,9878.png,626,1622,47,Cấm ngược chiều
396,0,9878,"[306, 276, 22, 18]",1,9105,9878.png,626,1622,47,Cấm ngược chiều
110,0,9889,"[874, 99, 10, 11]",1,7474,9889.png,626,1622,28,Cấm ngược chiều
110,0,9889,"[874, 99, 10, 11]",1,7684,9889.png,626,1622,28,Cấm ngược chiều
12420,0,9894,"[0, 222, 115, 108]",1,7478,9894.png,626,1622,16,Cấm ngược chiều
13804,0,9894,"[0, 219, 119, 116]",1,7846,9894.png,626,1622,16,Cấm ngược chiều
13452,0,9894,"[0, 219, 118, 114]",1,8318,9894.png,626,1622,16,Cấm ngược chiều
12753,0,9894,"[1, 222, 117, 109]",1,9500,9894.png,626,1622,16,Cấm ngược chiều
12760,0,9894,"[0, 220, 116, 110]",1,10121,9894.png,626,1622,16,Cấm ngược chiều
928,0,9935,"[614, 233, 32, 29]",1,7502,9935.png,626,1622,45,Cấm ngược chiều
812,0,9935,"[616, 232, 28, 29]",1,9255,9935.png,626,1622,45,Cấm ngược chiều
841,0,9935,"[615, 233, 29, 29]",1,9345,9935.png,626,1622,45,Cấm ngược chiều
840,0,9935,"[616, 231, 28, 30]",1,10193,9935.png,626,1622,45,Cấm ngược chiều
3074,0,9939,"[267, 252, 58, 53]",1,7508,9939.png,626,1622,37,Cấm ngược chiều
2750,0,9939,"[269, 252, 55, 50]",1,9038,9939.png,626,1622,37,Cấm ngược chiều
56,0,9941,"[798, 371, 7, 8]",1,7510,9941.png,626,1622,16,Cấm ngược chiều
49,0,9941,"[799, 371, 7, 7]",1,7848,9941.png,626,1622,16,Cấm ngược chiều
56,0,9941,"[798, 371, 8, 7]",1,10438,9941.png,626,1622,16,Cấm ngược chiều
420,0,9969,"[563, 358, 21, 20]",1,7528,9969.png,626,1622,28,Cấm ngược chiều
462,0,9969,"[563, 358, 22, 21]",1,7965,9969.png,626,1622,28,Cấm ngược chiều
506,0,9969,"[563, 357, 23, 22]",1,9272,9969.png,626,1622,28,Cấm ngược chiều
462,0,9977,"[576, 239, 22, 21]",1,7536,9977.png,626,1622,28,Cấm ngược chiều
420,0,9977,"[577, 239, 21, 20]",1,9177,9977.png,626,1622,28,Cấm ngược chiều
483,0,9977,"[576, 238, 23, 21]",1,10136,9977.png,626,1622,28,Cấm ngược chiều
72,0,9984,"[1032, 414, 8, 9]",1,7541,9984.png,626,1622,12,Cấm ngược chiều
64,0,9984,"[1032, 414, 8, 8]",1,8470,9984.png,626,1622,12,Cấm ngược chiều
49,0,9984,"[1033, 415, 7, 7]",1,9644,9984.png,626,1622,12,Cấm ngược chiều
460,0,9986,"[391, 327, 23, 20]",1,7544,9986.png,626,1622,22,Cấm ngược chiều
918,0,9987,"[1192, 59, 34, 27]",1,7554,9987.png,626,1622,28,Cấm ngược chiều
928,0,9987,"[1193, 58, 32, 29]",1,7994,9987.png,626,1622,28,Cấm ngược chiều
957,0,9987,"[1193, 57, 33, 29]",1,9560,9987.png,626,1622,28,Cấm ngược chiều
12,0,10011,"[543, 410, 4, 3]",1,7576,10011.png,626,1622,28,Cấm ngược chiều
56,0,10016,"[678, 395, 8, 7]",1,7581,10016.png,626,1622,28,Cấm ngược chiều
121,0,10027,"[353, 161, 11, 11]",1,7587,10027.png,626,1622,47,Cấm ngược chiều
110,0,10027,"[353, 160, 11, 10]",1,10170,10027.png,626,1622,47,Cấm ngược chiều
30,0,10028,"[493, 242, 6, 5]",1,7589,10028.png,626,1622,47,Cấm ngược chiều
225,0,10029,"[856, 421, 15, 15]",1,7591,10029.png,626,1622,12,Cấm ngược chiều
196,0,10029,"[857, 422, 14, 14]",1,8056,10029.png,626,1622,12,Cấm ngược chiều
196,0,10029,"[856, 421, 14, 14]",1,8691,10029.png,626,1622,12,Cấm ngược chiều
210,0,10029,"[856, 421, 15, 14]",1,9328,10029.png,626,1622,12,Cấm ngược chiều
240,0,10032,"[739, 265, 16, 15]",1,7594,10032.png,626,1622,45,Cấm ngược chiều
210,0,10032,"[739, 265, 14, 15]",1,8865,10032.png,626,1622,45,Cấm ngược chiều
210,0,10032,"[740, 264, 14, 15]",1,9943,10032.png,626,1622,45,Cấm ngược chiều
440,0,10037,"[672, 412, 20, 22]",1,7601,10037.png,626,1622,5,Cấm ngược chiều
399,0,10037,"[673, 412, 19, 21]",1,9207,10037.png,626,1622,5,Cấm ngược chiều
380,0,10037,"[672, 412, 19, 20]",1,10129,10037.png,626,1622,5,Cấm ngược chiều
16,0,10042,"[766, 379, 4, 4]",1,7606,10042.png,626,1622,28,Cấm ngược chiều
9,0,10046,"[905, 424, 3, 3]",1,7610,10046.png,626,1622,12,Cấm ngược chiều
16,0,10046,"[905, 424, 4, 4]",1,7731,10046.png,626,1622,12,Cấm ngược chiều
100,0,10049,"[699, 397, 10, 10]",1,7613,10049.png,626,1622,28,Cấm ngược chiều
100,0,10049,"[699, 397, 10, 10]",1,7777,10049.png,626,1622,28,Cấm ngược chiều
90,0,10049,"[700, 398, 9, 10]",1,9190,10049.png,626,1622,28,Cấm ngược chiều
168,0,10063,"[415, 251, 14, 12]",1,7629,10063.png,626,1622,47,Cấm ngược chiều
130,0,10063,"[415, 251, 13, 10]",1,10289,10063.png,626,1622,47,Cấm ngược chiều
72,0,10073,"[471, 421, 9, 8]",1,7642,10073.png,626,1622,28,Cấm ngược chiều
64,0,10073,"[472, 422, 8, 8]",1,9522,10073.png,626,1622,28,Cấm ngược chiều
36,0,10085,"[691, 244, 6, 6]",1,7654,10085.png,626,1622,28,Cấm ngược chiều
756,0,10125,"[480, 448, 27, 28]",1,7693,10125.png,626,1622,12,Cấm ngược chiều
810,0,10125,"[480, 448, 27, 30]",1,8918,10125.png,626,1622,12,Cấm ngược chiều
812,0,10125,"[480, 448, 28, 29]",1,10161,10125.png,626,1622,12,Cấm ngược chiều
25,0,10141,"[789, 481, 5, 5]",1,7712,10141.png,626,1622,12,Cấm ngược chiều
20,0,10168,"[723, 282, 5, 4]",1,7748,10168.png,626,1622,28,Cấm ngược chiều
20,0,10168,"[724, 281, 5, 4]",1,9651,10168.png,626,1622,28,Cấm ngược chiều
16,0,10168,"[724, 282, 4, 4]",1,10424,10168.png,626,1622,28,Cấm ngược chiều
81,0,10181,"[978, 402, 9, 9]",1,7764,10181.png,626,1622,12,Cấm ngược chiều
20,0,10187,"[756, 375, 4, 5]",1,7773,10187.png,626,1622,28,Cấm ngược chiều
16,0,10187,"[756, 375, 4, 4]",1,9566,10187.png,626,1622,28,Cấm ngược chiều
12,0,10200,"[661, 490, 4, 3]",1,8340,10200.png,626,1622,19,Cấm ngược chiều
224,0,10202,"[478, 231, 16, 14]",1,7794,10202.png,626,1622,47,Cấm ngược chiều
1122,0,10208,"[505, 221, 34, 33]",1,7799,10208.png,626,1622,16,Cấm ngược chiều
1368,0,10208,"[504, 219, 38, 36]",1,9074,10208.png,626,1622,16,Cấm ngược chiều
25,0,10209,"[673, 373, 5, 5]",1,7801,10209.png,626,1622,28,Cấm ngược chiều
25,0,10209,"[673, 374, 5, 5]",1,7975,10209.png,626,1622,28,Cấm ngược chiều
25,0,10209,"[673, 374, 5, 5]",1,8856,10209.png,626,1622,28,Cấm ngược chiều
25,0,10209,"[673, 373, 5, 5]",1,9095,10209.png,626,1622,28,Cấm ngược chiều
25,0,10209,"[673, 373, 5, 5]",1,9573,10209.png,626,1622,28,Cấm ngược chiều
4278,0,10229,"[617, 360, 62, 69]",1,7819,10229.png,626,1622,12,Cấm ngược chiều
3965,0,10229,"[619, 362, 61, 65]",1,10014,10229.png,626,1622,12,Cấm ngược chiều
4446,0,10245,"[107, 166, 78, 57]",1,7834,10245.png,626,1622,28,Cấm ngược chiều
3975,0,10245,"[108, 169, 75, 53]",1,9664,10245.png,626,1622,28,Cấm ngược chiều
3869,0,10245,"[109, 170, 73, 53]",1,10125,10245.png,626,1622,28,Cấm ngược chiều
20,0,10266,"[472, 169, 5, 4]",1,7854,10266.png,626,1622,47,Cấm ngược chiều
100,0,10273,"[440, 426, 10, 10]",1,7859,10273.png,626,1622,19,Cấm ngược chiều
100,0,10273,"[440, 426, 10, 10]",1,9590,10273.png,626,1622,19,Cấm ngược chiều
336,0,10274,"[632, 274, 14, 24]",1,7865,10274.png,626,1622,37,Cấm ngược chiều
336,0,10274,"[632, 274, 14, 24]",1,10199,10274.png,626,1622,37,Cấm ngược chiều
20,0,10287,"[985, 413, 5, 4]",1,7888,10287.png,626,1622,12,Cấm ngược chiều
20,0,10287,"[985, 413, 5, 4]",1,10089,10287.png,626,1622,12,Cấm ngược chiều
72,0,10302,"[634, 459, 8, 9]",1,7898,10302.png,626,1622,12,Cấm ngược chiều
80,0,10302,"[633, 459, 10, 8]",1,7973,10302.png,626,1622,12,Cấm ngược chiều
110,0,10317,"[837, 418, 10, 11]",1,7906,10317.png,626,1622,12,Cấm ngược chiều
121,0,10317,"[837, 418, 11, 11]",1,10239,10317.png,626,1622,12,Cấm ngược chiều
342,0,10321,"[558, 348, 18, 19]",1,7913,10321.png,626,1622,24,Cấm ngược chiều
169,0,10340,"[437, 227, 13, 13]",1,7925,10340.png,626,1622,5,Cấm ngược chiều
238,0,10341,"[379, 253, 17, 14]",1,7927,10341.png,626,1622,47,Cấm ngược chiều
255,0,10341,"[379, 253, 17, 15]",1,8630,10341.png,626,1622,47,Cấm ngược chiều
49,0,10342,"[493, 336, 7, 7]",1,7931,10342.png,626,1622,22,Cấm ngược chiều
49,0,10342,"[493, 337, 7, 7]",1,7961,10342.png,626,1622,22,Cấm ngược chiều
42,0,10342,"[493, 336, 7, 6]",1,9400,10342.png,626,1622,22,Cấm ngược chiều
132,0,10343,"[655, 249, 12, 11]",1,7934,10343.png,626,1622,28,Cấm ngược chiều
56,0,10351,"[845, 326, 8, 7]",1,7939,10351.png,626,1622,16,Cấm ngược chiều
49,0,10351,"[846, 326, 7, 7]",1,8814,10351.png,626,1622,16,Cấm ngược chiều
323,0,10363,"[584, 348, 19, 17]",1,7950,10363.png,626,1622,28,Cấm ngược chiều
399,0,10363,"[583, 348, 21, 19]",1,8294,10363.png,626,1622,28,Cấm ngược chiều
304,0,10363,"[585, 349, 19, 16]",1,10532,10363.png,626,1622,28,Cấm ngược chiều
304,0,10369,"[1269, 54, 19, 16]",1,7954,10369.png,626,1622,28,Cấm ngược chiều
35,0,10369,"[1364, 79, 7, 5]",1,7956,10369.png,626,1622,28,Cấm ngược chiều
336,0,10369,"[1269, 54, 21, 16]",1,9228,10369.png,626,1622,28,Cấm ngược chiều
380,0,10371,"[775, 409, 19, 20]",1,7958,10371.png,626,1622,12,Cấm ngược chiều
702,0,10389,"[551, 194, 26, 27]",1,7986,10389.png,626,1622,28,Cấm ngược chiều
675,0,10389,"[552, 194, 25, 27]",1,9659,10389.png,626,1622,28,Cấm ngược chiều
1260,0,10394,"[187, 182, 36, 35]",1,7991,10394.png,626,1622,47,Cấm ngược chiều
156,0,10406,"[855, 412, 12, 13]",1,8002,10406.png,626,1622,12,Cấm ngược chiều
144,0,10406,"[855, 412, 12, 12]",1,8849,10406.png,626,1622,12,Cấm ngược chiều
224,0,10409,"[273, 272, 16, 14]",1,8006,10409.png,626,1622,19,Cấm ngược chiều
72,0,10441,"[428, 203, 9, 8]",1,8033,10441.png,626,1622,47,Cấm ngược chiều
90,0,10441,"[428, 202, 10, 9]",1,8949,10441.png,626,1622,47,Cấm ngược chiều
30,0,10446,"[465, 117, 6, 5]",1,8039,10446.png,626,1622,22,Cấm ngược chiều
36,0,10446,"[465, 117, 6, 6]",1,8889,10446.png,626,1622,22,Cấm ngược chiều
49,0,10460,"[602, 362, 7, 7]",1,8064,10460.png,626,1622,53,Cấm ngược chiều
1023,0,10465,"[734, 344, 31, 33]",1,8077,10465.png,626,1622,16,Cấm ngược chiều
870,0,10465,"[735, 345, 29, 30]",1,8601,10465.png,626,1622,16,Cấm ngược chiều
4,0,10504,"[778, 378, 2, 2]",1,8120,10504.png,626,1622,28,Cấm ngược chiều
25,0,10511,"[530, 434, 5, 5]",1,8127,10511.png,626,1622,47,Cấm ngược chiều
110,0,10522,"[390, 262, 11, 10]",1,8147,10522.png,626,1622,28,Cấm ngược chiều
110,0,10522,"[390, 262, 11, 10]",1,10430,10522.png,626,1622,28,Cấm ngược chiều
182,0,10524,"[880, 417, 13, 14]",1,8154,10524.png,626,1622,12,Cấm ngược chiều
156,0,10524,"[880, 418, 12, 13]",1,8454,10524.png,626,1622,12,Cấm ngược chiều
132,0,10530,"[646, 511, 12, 11]",1,8162,10530.png,626,1622,29,Cấm ngược chiều
100,0,10530,"[647, 512, 10, 10]",1,9616,10530.png,626,1622,29,Cấm ngược chiều
36,0,10547,"[827, 314, 6, 6]",1,8180,10547.png,626,1622,16,Cấm ngược chiều
20,0,10547,"[828, 314, 4, 5]",1,9553,10547.png,626,1622,16,Cấm ngược chiều
49,0,10573,"[925, 421, 7, 7]",1,8207,10573.png,626,1622,12,Cấm ngược chiều
42,0,10573,"[924, 421, 7, 6]",1,9264,10573.png,626,1622,12,Cấm ngược chiều
506,0,10581,"[789, 73, 22, 23]",1,8211,10581.png,626,1622,28,Cấm ngược chiều
506,0,10581,"[789, 74, 22, 23]",1,10623,10581.png,626,1622,28,Cấm ngược chiều
132,0,10593,"[838, 402, 11, 12]",1,8225,10593.png,626,1622,12,Cấm ngược chiều
957,0,10594,"[240, 175, 33, 29]",1,8227,10594.png,626,1622,47,Cấm ngược chiều
812,0,10594,"[241, 176, 29, 28]",1,9238,10594.png,626,1622,47,Cấm ngược chiều
783,0,10594,"[241, 177, 29, 27]",1,9773,10594.png,626,1622,47,Cấm ngược chiều
342,0,10601,"[1245, 349, 19, 18]",1,8237,10601.png,626,1622,53,Cấm ngược chiều
266,0,10601,"[1244, 351, 19, 14]",1,8259,10601.png,626,1622,53,Cấm ngược chiều
121,0,10601,"[323, 317, 11, 11]",1,8260,10601.png,626,1622,53,Cấm ngược chiều
256,0,10601,"[1245, 351, 16, 16]",1,9373,10601.png,626,1622,53,Cấm ngược chiều
121,0,10601,"[323, 317, 11, 11]",1,9374,10601.png,626,1622,53,Cấm ngược chiều
238,0,10601,"[1244, 352, 17, 14]",1,9613,10601.png,626,1622,53,Cấm ngược chiều
121,0,10601,"[323, 318, 11, 11]",1,9614,10601.png,626,1622,53,Cấm ngược chiều
552,0,10603,"[502, 463, 24, 23]",1,8242,10603.png,626,1622,29,Cấm ngược chiều
528,0,10603,"[502, 464, 24, 22]",1,8745,10603.png,626,1622,29,Cấm ngược chiều
506,0,10603,"[502, 464, 23, 22]",1,9180,10603.png,626,1622,29,Cấm ngược chiều
437,0,10614,"[818, 71, 19, 23]",1,8252,10614.png,626,1622,28,Cấm ngược chiều
483,0,10614,"[817, 72, 21, 23]",1,9501,10614.png,626,1622,28,Cấm ngược chiều
300,0,10617,"[409, 284, 20, 15]",1,8255,10617.png,626,1622,45,Cấm ngược chiều
360,0,10626,"[429, 236, 20, 18]",1,8262,10626.png,626,1622,28,Cấm ngược chiều
306,0,10626,"[430, 237, 18, 17]",1,9705,10626.png,626,1622,28,Cấm ngược chiều
121,0,10629,"[661, 260, 11, 11]",1,8271,10629.png,626,1622,28,Cấm ngược chiều
256,0,10635,"[519, 472, 16, 16]",1,8276,10635.png,626,1622,29,Cấm ngược chiều
240,0,10635,"[520, 472, 16, 15]",1,9671,10635.png,626,1622,29,Cấm ngược chiều
104,0,10650,"[255, 268, 13, 8]",1,8296,10650.png,626,1622,33,Cấm ngược chiều
117,0,10650,"[254, 267, 13, 9]",1,8898,10650.png,626,1622,33,Cấm ngược chiều
20,0,10653,"[743, 387, 5, 4]",1,8300,10653.png,626,1622,28,Cấm ngược chiều
210,0,10656,"[574, 232, 15, 14]",1,8305,10656.png,626,1622,33,Cấm ngược chiều
196,0,10656,"[574, 232, 14, 14]",1,9537,10656.png,626,1622,33,Cấm ngược chiều
195,0,10675,"[149, 465, 15, 13]",1,8327,10675.png,626,1622,19,Cấm ngược chiều
180,0,10675,"[149, 464, 15, 12]",1,8914,10675.png,626,1622,19,Cấm ngược chiều
728,0,10685,"[526, 275, 28, 26]",1,8333,10685.png,626,1622,16,Cấm ngược chiều
676,0,10692,"[602, 224, 26, 26]",1,8342,10692.png,626,1622,28,Cấm ngược chiều
63,0,10696,"[555, 241, 9, 7]",1,8348,10696.png,626,1622,47,Cấm ngược chiều
42,0,10696,"[555, 241, 7, 6]",1,9646,10696.png,626,1622,47,Cấm ngược chiều
81,0,10697,"[732, 475, 9, 9]",1,8351,10697.png,626,1622,12,Cấm ngược chiều
72,0,10697,"[733, 474, 8, 9]",1,9477,10697.png,626,1622,12,Cấm ngược chiều
342,0,10709,"[610, 350, 19, 18]",1,8359,10709.png,626,1622,16,Cấm ngược chiều
132,0,10711,"[427, 405, 12, 11]",1,8363,10711.png,626,1622,28,Cấm ngược chiều
42,0,10721,"[580, 254, 6, 7]",1,8376,10721.png,626,1622,34,Cấm ngược chiều
49,0,10722,"[500, 244, 7, 7]",1,8381,10722.png,626,1622,28,Cấm ngược chiều
42,0,10722,"[499, 245, 7, 6]",1,8657,10722.png,626,1622,28,Cấm ngược chiều
675,0,10727,"[495, 299, 27, 25]",1,8386,10727.png,626,1622,16,Cấm ngược chiều
624,0,10727,"[496, 299, 26, 24]",1,9091,10727.png,626,1622,16,Cấm ngược chiều
323,0,10728,"[870, 404, 17, 19]",1,8387,10728.png,626,1622,12,Cấm ngược chiều
49,0,10740,"[430, 165, 7, 7]",1,8407,10740.png,626,1622,47,Cấm ngược chiều
54,0,10744,"[1337, 94, 9, 6]",1,8414,10744.png,626,1622,28,Cấm ngược chiều
72,0,10744,"[1335, 93, 9, 8]",1,10427,10744.png,626,1622,28,Cấm ngược chiều
90,0,10753,"[694, 271, 10, 9]",1,8427,10753.png,626,1622,28,Cấm ngược chiều
81,0,10753,"[694, 271, 9, 9]",1,9261,10753.png,626,1622,28,Cấm ngược chiều
100,0,10753,"[694, 271, 10, 10]",1,9470,10753.png,626,1622,28,Cấm ngược chiều
72,0,10759,"[819, 386, 8, 9]",1,8441,10759.png,626,1622,28,Cấm ngược chiều
6561,0,10767,"[1448, 117, 81, 81]",1,8446,10767.png,626,1622,45,Cấm ngược chiều
6083,0,10767,"[1450, 118, 77, 79]",1,8742,10767.png,626,1622,45,Cấm ngược chiều
72,0,10778,"[671, 191, 8, 9]",1,8458,10778.png,626,1622,47,Cấm ngược chiều
64,0,10778,"[671, 192, 8, 8]",1,9277,10778.png,626,1622,47,Cấm ngược chiều
64,0,10778,"[671, 192, 8, 8]",1,9746,10778.png,626,1622,47,Cấm ngược chiều
169,0,10779,"[577, 360, 13, 13]",1,8460,10779.png,626,1622,29,Cấm ngược chiều
144,0,10779,"[578, 360, 12, 12]",1,8685,10779.png,626,1622,29,Cấm ngược chiều
324,0,10790,"[602, 304, 18, 18]",1,8471,10790.png,626,1622,53,Cấm ngược chiều
256,0,10790,"[602, 304, 16, 16]",1,8653,10790.png,626,1622,53,Cấm ngược chiều
323,0,10790,"[602, 304, 19, 17]",1,9386,10790.png,626,1622,53,Cấm ngược chiều
30,0,10795,"[506, 280, 6, 5]",1,8479,10795.png,626,1622,28,Cấm ngược chiều
36,0,10811,"[728, 375, 6, 6]",1,8502,10811.png,626,1622,16,Cấm ngược chiều
144,0,10813,"[816, 430, 12, 12]",1,8503,10813.png,626,1622,12,Cấm ngược chiều
121,0,10813,"[816, 430, 11, 11]",1,8581,10813.png,626,1622,12,Cấm ngược chiều
204,0,10816,"[66, 353, 17, 12]",1,8515,10816.png,626,1622,19,Cấm ngược chiều
9,0,10818,"[690, 194, 3, 3]",1,8520,10818.png,626,1622,47,Cấm ngược chiều
144,0,10826,"[667, 347, 12, 12]",1,8526,10826.png,626,1622,16,Cấm ngược chiều
144,0,10826,"[667, 347, 12, 12]",1,8701,10826.png,626,1622,16,Cấm ngược chiều
49,0,10829,"[528, 304, 7, 7]",1,8529,10829.png,626,1622,47,Cấm ngược chiều
36,0,10830,"[910, 117, 6, 6]",1,8533,10830.png,626,1622,28,Cấm ngược chiều
110,0,10853,"[955, 407, 10, 11]",1,8547,10853.png,626,1622,12,Cấm ngược chiều
42,0,10869,"[706, 272, 7, 6]",1,8568,10869.png,626,1622,28,Cấm ngược chiều
144,0,10870,"[861, 399, 12, 12]",1,8570,10870.png,626,1622,12,Cấm ngược chiều
182,0,10870,"[861, 398, 13, 14]",1,9045,10870.png,626,1622,12,Cấm ngược chiều
870,0,10884,"[689, 239, 29, 30]",1,8586,10884.png,626,1622,45,Cấm ngược chiều
64,0,10894,"[734, 469, 8, 8]",1,8597,10894.png,626,1622,12,Cấm ngược chiều
360,0,10895,"[1259, 53, 20, 18]",1,8602,10895.png,626,1622,28,Cấm ngược chiều
357,0,10895,"[1260, 54, 21, 17]",1,10443,10895.png,626,1622,28,Cấm ngược chiều
696,0,10902,"[287, 384, 29, 24]",1,8614,10902.png,626,1622,28,Cấm ngược chiều
775,0,10902,"[286, 382, 31, 25]",1,9390,10902.png,626,1622,28,Cấm ngược chiều
858,0,10902,"[285, 383, 33, 26]",1,10212,10902.png,626,1622,28,Cấm ngược chiều
240,0,10907,"[522, 478, 16, 15]",1,8620,10907.png,626,1622,29,Cấm ngược chiều
72,0,10910,"[498, 209, 9, 8]",1,8626,10910.png,626,1622,28,Cấm ngược chiều
72,0,10910,"[497, 209, 9, 8]",1,10483,10910.png,626,1622,28,Cấm ngược chiều
325,0,10915,"[985, 167, 13, 25]",1,8632,10915.png,626,1622,5,Cấm ngược chiều
100,0,10915,"[355, 244, 10, 10]",1,8634,10915.png,626,1622,5,Cấm ngược chiều
221,0,10931,"[181, 330, 17, 13]",1,8649,10931.png,626,1622,25,Cấm ngược chiều
208,0,10931,"[182, 330, 16, 13]",1,8802,10931.png,626,1622,25,Cấm ngược chiều
195,0,10931,"[182, 331, 15, 13]",1,9653,10931.png,626,1622,25,Cấm ngược chiều
252,0,10931,"[181, 330, 18, 14]",1,10518,10931.png,626,1622,25,Cấm ngược chiều
1369,0,10942,"[630, 417, 37, 37]",1,8664,10942.png,626,1622,12,Cấm ngược chiều
1640,0,10955,"[692, 385, 40, 41]",1,8670,10955.png,626,1622,12,Cấm ngược chiều
2070,0,10955,"[688, 382, 46, 45]",1,9058,10955.png,626,1622,12,Cấm ngược chiều
1596,0,10955,"[693, 385, 38, 42]",1,10316,10955.png,626,1622,12,Cấm ngược chiều
1190,0,10972,"[0, 307, 34, 35]",1,8687,10972.png,626,1622,15,Cấm ngược chiều
1260,0,10972,"[0, 307, 36, 35]",1,9521,10972.png,626,1622,15,Cấm ngược chiều
598,0,10977,"[686, 458, 23, 26]",1,8694,10977.png,626,1622,12,Cấm ngược chiều
208,0,10985,"[1314, 55, 16, 13]",1,8704,10985.png,626,1622,28,Cấm ngược chiều
208,0,10985,"[1314, 55, 16, 13]",1,10334,10985.png,626,1622,28,Cấm ngược chiều
240,0,11003,"[746, 329, 15, 16]",1,8724,11003.png,626,1622,16,Cấm ngược chiều
49,0,11005,"[360, 310, 7, 7]",1,8727,11005.png,626,1622,45,Cấm ngược chiều
63,0,11007,"[899, 424, 9, 7]",1,8729,11007.png,626,1622,12,Cấm ngược chiều
110,0,11046,"[704, 369, 11, 10]",1,8783,11046.png,626,1622,28,Cấm ngược chiều
121,0,11046,"[703, 369, 11, 11]",1,9752,11046.png,626,1622,28,Cấm ngược chiều
132,0,11046,"[704, 368, 11, 12]",1,10509,11046.png,626,1622,28,Cấm ngược chiều
196,0,11051,"[717, 400, 14, 14]",1,8792,11051.png,626,1622,12,Cấm ngược chiều
182,0,11051,"[717, 400, 14, 13]",1,9007,11051.png,626,1622,12,Cấm ngược chiều
196,0,11051,"[717, 400, 14, 14]",1,10301,11051.png,626,1622,12,Cấm ngược chiều
270,0,11060,"[1283, 104, 18, 15]",1,8810,11060.png,626,1622,28,Cấm ngược chiều
255,0,11073,"[455, 227, 17, 15]",1,8824,11073.png,626,1622,28,Cấm ngược chiều
30,0,11077,"[549, 240, 6, 5]",1,8831,11077.png,626,1622,45,Cấm ngược chiều
49,0,11107,"[634, 310, 7, 7]",1,8861,11107.png,626,1622,16,Cấm ngược chiều
130,0,11131,"[1312, 120, 13, 10]",1,8892,11131.png,626,1622,28,Cấm ngược chiều
117,0,11131,"[1312, 120, 13, 9]",1,9627,11131.png,626,1622,28,Cấm ngược chiều
108,0,11131,"[1312, 120, 12, 9]",1,10084,11131.png,626,1622,28,Cấm ngược chiều
462,0,11134,"[736, 420, 21, 22]",1,8900,11134.png,626,1622,12,Cấm ngược chiều
399,0,11134,"[736, 420, 19, 21]",1,9249,11134.png,626,1622,12,Cấm ngược chiều
156,0,11174,"[574, 280, 13, 12]",1,8955,11174.png,626,1622,13,Cấm ngược chiều
144,0,11174,"[574, 281, 12, 12]",1,9395,11174.png,626,1622,13,Cấm ngược chiều
1184,0,11182,"[364, 327, 37, 32]",1,8981,11182.png,626,1622,28,Cấm ngược chiều
49,0,11183,"[703, 274, 7, 7]",1,8983,11183.png,626,1622,28,Cấm ngược chiều
35,0,11206,"[855, 332, 7, 5]",1,9015,11206.png,626,1622,16,Cấm ngược chiều
30,0,11206,"[855, 331, 6, 5]",1,9263,11206.png,626,1622,16,Cấm ngược chiều
36,0,11211,"[627, 381, 6, 6]",1,9020,11211.png,626,1622,28,Cấm ngược chiều
30,0,11211,"[627, 381, 6, 5]",1,9128,11211.png,626,1622,28,Cấm ngược chiều
30,0,11211,"[627, 381, 5, 6]",1,10498,11211.png,626,1622,28,Cấm ngược chiều
144,0,11214,"[549, 456, 12, 12]",1,9026,11214.png,626,1622,29,Cấm ngược chiều
156,0,11214,"[548, 456, 13, 12]",1,9722,11214.png,626,1622,29,Cấm ngược chiều
156,0,11214,"[548, 456, 13, 12]",1,10633,11214.png,626,1622,29,Cấm ngược chiều
441,0,11218,"[565, 356, 21, 21]",1,9033,11218.png,626,1622,28,Cấm ngược chiều
144,0,11221,"[709, 256, 12, 12]",1,9036,11221.png,626,1622,28,Cấm ngược chiều
36,0,11229,"[830, 424, 6, 6]",1,9049,11229.png,626,1622,12,Cấm ngược chiều
12,0,11239,"[880, 432, 4, 3]",1,9071,11239.png,626,1622,12,Cấm ngược chiều
81,0,11241,"[533, 349, 9, 9]",1,9079,11241.png,626,1622,22,Cấm ngược chiều
256,0,11245,"[915, 395, 16, 16]",1,9085,11245.png,626,1622,12,Cấm ngược chiều
272,0,11245,"[915, 395, 17, 16]",1,10526,11245.png,626,1622,12,Cấm ngược chiều
1960,0,11262,"[67, 146, 40, 49]",1,9114,11262.png,626,1622,47,Cấm ngược chiều
5040,0,11318,"[188, 224, 80, 63]",1,9194,11318.png,626,1622,53,Cấm ngược chiều
81,0,11335,"[601, 319, 9, 9]",1,9216,11335.png,626,1622,16,Cấm ngược chiều
100,0,11335,"[600, 318, 10, 10]",1,10169,11335.png,626,1622,16,Cấm ngược chiều
528,0,11363,"[751, 396, 22, 24]",1,9257,11363.png,626,1622,12,Cấm ngược chiều
110,0,11372,"[475, 269, 11, 10]",1,9268,11372.png,626,1622,28,Cấm ngược chiều
64,0,11383,"[571, 499, 8, 8]",1,9287,11383.png,626,1622,29,Cấm ngược chiều
380,0,11397,"[361, 389, 20, 19]",1,9312,11397.png,626,1622,31,Cấm ngược chiều
36,0,11401,"[804, 407, 6, 6]",1,9315,11401.png,626,1622,12,Cấm ngược chiều
99,0,11403,"[243, 397, 11, 9]",1,9317,11403.png,626,1622,28,Cấm ngược chiều
812,0,11411,"[191, 325, 28, 29]",1,9329,11411.png,626,1622,4,Cấm ngược chiều
72,0,11416,"[425, 374, 9, 8]",1,9337,11416.png,626,1622,36,Cấm ngược chiều
900,0,11423,"[590, 222, 30, 30]",1,9356,11423.png,626,1622,28,Cấm ngược chiều
506,0,11425,"[554, 246, 22, 23]",1,9359,11425.png,626,1622,36,Cấm ngược chiều
195,0,11425,"[447, 214, 15, 13]",1,9360,11425.png,626,1622,36,Cấm ngược chiều
240,0,11425,"[379, 215, 16, 15]",1,9361,11425.png,626,1622,36,Cấm ngược chiều
168,0,11425,"[528, 212, 14, 12]",1,9362,11425.png,626,1622,36,Cấm ngược chiều
169,0,11425,"[670, 210, 13, 13]",1,9363,11425.png,626,1622,36,Cấm ngược chiều
182,0,11425,"[765, 210, 13, 14]",1,9364,11425.png,626,1622,36,Cấm ngược chiều
156,0,11425,"[829, 210, 12, 13]",1,9365,11425.png,626,1622,36,Cấm ngược chiều
132,0,11425,"[892, 210, 12, 11]",1,9366,11425.png,626,1622,36,Cấm ngược chiều
380,0,11425,"[998, 236, 19, 20]",1,9367,11425.png,626,1622,36,Cấm ngược chiều
42,0,11440,"[697, 380, 6, 7]",1,9402,11440.png,626,1622,16,Cấm ngược chiều
42,0,11440,"[697, 380, 6, 7]",1,10057,11440.png,626,1622,16,Cấm ngược chiều
49,0,11440,"[697, 380, 7, 7]",1,10457,11440.png,626,1622,16,Cấm ngược chiều
20,0,11457,"[686, 201, 5, 4]",1,9417,11457.png,626,1622,47,Cấm ngược chiều
132,0,11460,"[443, 245, 11, 12]",1,9429,11460.png,626,1622,5,Cấm ngược chiều
110,0,11460,"[444, 247, 11, 10]",1,9725,11460.png,626,1622,5,Cấm ngược chiều
144,0,11460,"[443, 245, 12, 12]",1,10227,11460.png,626,1622,5,Cấm ngược chiều
25,0,11466,"[485, 421, 5, 5]",1,9454,11466.png,626,1622,28,Cấm ngược chiều
20,0,11466,"[485, 421, 5, 4]",1,9816,11466.png,626,1622,28,Cấm ngược chiều
1116,0,11469,"[452, 294, 36, 31]",1,9457,11469.png,626,1622,16,Cấm ngược chiều
1020,0,11469,"[454, 295, 34, 30]",1,9633,11469.png,626,1622,16,Cấm ngược chiều
144,0,11470,"[535, 356, 12, 12]",1,9461,11470.png,626,1622,53,Cấm ngược chiều
272,0,11490,"[458, 72, 17, 16]",1,9494,11490.png,626,1622,22,Cấm ngược chiều
289,0,11490,"[458, 71, 17, 17]",1,10336,11490.png,626,1622,22,Cấm ngược chiều
266,0,11496,"[312, 382, 19, 14]",1,9516,11496.png,626,1622,31,Cấm ngược chiều
324,0,11503,"[568, 261, 18, 18]",1,9534,11503.png,626,1622,36,Cấm ngược chiều
306,0,11503,"[568, 262, 17, 18]",1,9837,11503.png,626,1622,36,Cấm ngược chiều
49,0,11524,"[563, 178, 7, 7]",1,9576,11524.png,626,1622,47,Cấm ngược chiều
16,0,11535,"[494, 330, 4, 4]",1,9596,11535.png,626,1622,47,Cấm ngược chiều
36,0,11544,"[583, 491, 6, 6]",1,9601,11544.png,626,1622,29,Cấm ngược chiều
255,0,11548,"[446, 383, 17, 15]",1,9605,11548.png,626,1622,28,Cấm ngược chiều
196,0,11596,"[795, 314, 14, 14]",1,9696,11596.png,626,1622,16,Cấm ngược chiều
144,0,11606,"[326, 139, 12, 12]",1,9710,11606.png,626,1622,31,Cấm ngược chiều
25,0,11615,"[715, 281, 5, 5]",1,9720,11615.png,626,1622,28,Cấm ngược chiều
6192,0,11633,"[233, 203, 72, 86]",1,9755,11633.png,626,1622,16,Cấm ngược chiều
6035,0,11633,"[235, 205, 71, 85]",1,10287,11633.png,626,1622,16,Cấm ngược chiều
49,0,11652,"[732, 380, 7, 7]",1,9782,11652.png,626,1622,28,Cấm ngược chiều
272,0,11661,"[704, 399, 16, 17]",1,9799,11661.png,626,1622,12,Cấm ngược chiều
1764,0,11690,"[1082, 7, 42, 42]",1,9848,11690.png,626,1622,28,Cấm ngược chiều
108,0,11692,"[527, 453, 9, 12]",1,9854,11692.png,626,1622,7,Cấm ngược chiều
60,0,11697,"[993, 304, 5, 12]",1,9865,11697.png,626,1622,15,Cấm ngược chiều
42,0,11716,"[971, 413, 7, 6]",1,9895,11716.png,626,1622,12,Cấm ngược chiều
30,0,11727,"[718, 286, 6, 5]",1,9909,11727.png,626,1622,28,Cấm ngược chiều
702,0,11739,"[355, 197, 27, 26]",1,9947,11739.png,626,1622,45,Cấm ngược chiều
9,0,11743,"[897, 411, 3, 3]",1,10505,11743.png,626,1622,12,Cấm ngược chiều
32,0,11753,"[783, 313, 4, 8]",1,9992,11753.png,626,1622,37,Cấm ngược chiều
32,0,11753,"[783, 313, 4, 8]",1,10490,11753.png,626,1622,37,Cấm ngược chiều
110,0,11755,"[505, 392, 11, 10]",1,9995,11755.png,626,1622,28,Cấm ngược chiều
60,0,11768,"[410, 354, 6, 10]",1,10018,11768.png,626,1622,22,Cấm ngược chiều
100,0,11796,"[665, 234, 10, 10]",1,10091,11796.png,626,1622,28,Cấm ngược chiều
64,0,11811,"[733, 475, 8, 8]",1,10110,11811.png,626,1622,12,Cấm ngược chiều
1020,0,11811,"[577, 447, 30, 34]",1,10111,11811.png,626,1622,12,Cấm ngược chiều
323,0,11812,"[363, 388, 19, 17]",1,10115,11812.png,626,1622,28,Cấm ngược chiều
42,0,11818,"[547, 337, 7, 6]",1,10140,11818.png,626,1622,22,Cấm ngược chiều
450,0,11823,"[123, 356, 25, 18]",1,10155,11823.png,626,1622,28,Cấm ngược chiều
42,0,11831,"[679, 513, 6, 7]",1,10179,11831.png,626,1622,29,Cấm ngược chiều
63,0,11835,"[650, 308, 7, 9]",1,10189,11835.png,626,1622,36,Cấm ngược chiều
144,0,11851,"[793, 363, 12, 12]",1,10220,11851.png,626,1622,16,Cấm ngược chiều
42,0,11871,"[582, 199, 6, 7]",1,10273,11871.png,626,1622,47,Cấm ngược chiều
20,0,11886,"[597, 197, 5, 4]",1,10320,11886.png,626,1622,47,Cấm ngược chiều
240,0,11896,"[1090, 415, 15, 16]",1,10344,11896.png,626,1622,5,Cấm ngược chiều
36,0,11901,"[711, 407, 6, 6]",1,10348,11901.png,626,1622,28,Cấm ngược chiều
88,0,11904,"[1298, 108, 11, 8]",1,10351,11904.png,626,1622,28,Cấm ngược chiều
529,0,11909,"[942, 399, 23, 23]",1,10362,11909.png,626,1622,12,Cấm ngược chiều
196,0,11911,"[454, 264, 14, 14]",1,10365,11911.png,626,1622,28,Cấm ngược chiều
1085,0,11914,"[1365, 224, 35, 31]",1,10367,11914.png,626,1622,47,Cấm ngược chiều
165,0,11920,"[219, 391, 15, 11]",1,10396,11920.png,626,1622,28,Cấm ngược chiều
81,0,11929,"[726, 419, 9, 9]",1,10421,11929.png,626,1622,12,Cấm ngược chiều
100,0,11934,"[408, 404, 10, 10]",1,10435,11934.png,626,1622,28,Cấm ngược chiều
63,0,11965,"[1337, 118, 9, 7]",1,10528,11965.png,626,1622,28,Cấm ngược chiều
36,0,11978,"[729, 265, 6, 6]",1,10549,11978.png,626,1622,16,Cấm ngược chiều
49,0,11979,"[837, 429, 7, 7]",1,10556,11979.png,626,1622,12,Cấm ngược chiều
132,0,11987,"[825, 419, 11, 12]",1,10564,11987.png,626,1622,12,Cấm ngược chiều
90,0,11994,"[455, 253, 10, 9]",1,10579,11994.png,626,1622,47,Cấm ngược chiều
1156,0,12008,"[633, 322, 34, 34]",1,10615,12008.png,626,1622,28,Cấm ngược chiều
621,0,12010,"[778, 74, 23, 27]",1,10618,12010.png,626,1622,28,Cấm ngược chiều
132,0,12021,"[692, 354, 12, 11]",1,10639,12021.png,626,1622,28,Cấm ngược chiều
49,0,12033,"[712, 239, 7, 7]",1,10657,12033.png,626,1622,45,Cấm ngược chiều
441,0,12036,"[821, 272, 21, 21]",1,10660,12036.png,626,1622,45,Cấm ngược chiều
96,0,12036,"[486, 293, 12, 8]",1,10663,12036.png,626,1622,45,Cấm ngược chiều
100,0,12038,"[849, 228, 10, 10]",1,10665,12038.png,626,1622,45,Cấm ngược chiều
132,0,12072,"[818, 284, 12, 11]",1,10684,12072.png,626,1622,45,Cấm ngược chiều
342,0,12075,"[329, 244, 19, 18]",1,10687,12075.png,626,1622,45,Cấm ngược chiều
420,0,12085,"[508, 229, 21, 20]",1,10692,12085.png,626,1622,45,Cấm ngược chiều
42,0,12088,"[601, 291, 7, 6]",1,10694,12088.png,626,1622,13,Cấm ngược chiều
441,0,12090,"[753, 264, 21, 21]",1,10699,12090.png,626,1622,45,Cấm ngược chiều
825,0,12099,"[380, 348, 33, 25]",1,10707,12099.png,626,1622,13,Cấm ngược chiều
81,0,12149,"[677, 281, 9, 9]",1,10722,12149.png,626,1622,45,Cấm ngược chiều
42,0,12163,"[694, 288, 7, 6]",1,10733,12163.png,626,1622,45,Cấm ngược chiều
460,0,12210,"[413, 341, 23, 20]",1,10767,12210.png,626,1622,53,Cấm ngược chiều
247,0,12221,"[200, 278, 19, 13]",1,10784,12221.png,626,1622,45,Cấm ngược chiều
100,0,12225,"[788, 280, 10, 10]",1,10787,12225.png,626,1622,45,Cấm ngược chiều
110,0,12259,"[455, 268, 11, 10]",1,10800,12259.png,626,1622,45,Cấm ngược chiều
110,0,12271,"[633, 352, 11, 10]",1,10822,12271.png,626,1622,45,Cấm ngược chiều
36,0,12287,"[619, 314, 6, 6]",1,10831,12287.png,626,1622,13,Cấm ngược chiều
980,0,12292,"[1327, 251, 28, 35]",1,10834,12292.png,626,1622,53,Cấm ngược chiều
63,0,12325,"[843, 241, 9, 7]",1,10853,12325.png,626,1622,45,Cấm ngược chiều
864,0,12328,"[323, 329, 32, 27]",1,10858,12328.png,626,1622,53,Cấm ngược chiều
440,0,12377,"[882, 314, 20, 22]",1,10881,12377.png,626,1622,53,Cấm ngược chiều
289,0,12389,"[469, 347, 17, 17]",1,10887,12389.png,626,1622,53,Cấm ngược chiều
64,0,12423,"[652, 361, 8, 8]",1,10926,12423.png,626,1622,45,Cấm ngược chiều
1804,0,12424,"[161, 310, 44, 41]",1,10935,12424.png,626,1622,53,Cấm ngược chiều
324,0,12440,"[498, 245, 18, 18]",1,10948,12440.png,626,1622,13,Cấm ngược chiều
195,0,12442,"[508, 354, 15, 13]",1,10950,12442.png,626,1622,53,Cấm ngược chiều
3000,0,12447,"[358, 284, 60, 50]",1,10965,12447.png,626,1622,53,Cấm ngược chiều
208,0,12473,"[358, 276, 16, 13]",1,10975,12473.png,626,1622,45,Cấm ngược chiều
1908,0,79,"[1442, 351, 53, 36]",7,43,79.png,626,1622,3,Hiệu lệnh
8330,0,86,"[178, 264, 98, 85]",7,45,86.png,626,1622,1,Hiệu lệnh
345,0,138,"[1417, 390, 23, 15]",7,66,138.png,626,1622,3,Hiệu lệnh
12726,0,180,"[1298, 84, 126, 101]",7,85,180.png,626,1622,7,Hiệu lệnh
414,0,190,"[1111, 336, 23, 18]",7,93,190.png,626,1622,1,Hiệu lệnh
812,0,205,"[962, 188, 29, 28]",7,94,205.png,626,1622,7,Hiệu lệnh
672,0,272,"[1424, 376, 32, 21]",7,128,272.png,626,1622,3,Hiệu lệnh
10101,0,294,"[1510, 249, 111, 91]",7,137,294.png,626,1622,3,Hiệu lệnh
1360,0,361,"[749, 245, 40, 34]",7,163,361.png,626,1622,13,Hiệu lệnh
378,0,382,"[1111, 335, 21, 18]",7,174,382.png,626,1622,1,Hiệu lệnh
380,0,404,"[426, 277, 19, 20]",7,190,404.png,626,1622,13,Hiệu lệnh
108,0,418,"[1400, 403, 12, 9]",7,200,418.png,626,1622,3,Hiệu lệnh
308,0,442,"[6, 482, 22, 14]",7,204,442.png,626,1622,12,Hiệu lệnh
306,0,685,"[1113, 335, 17, 18]",7,317,685.png,626,1622,1,Hiệu lệnh
528,0,718,"[992, 258, 24, 22]",7,334,718.png,626,1622,13,Hiệu lệnh
208,0,766,"[1101, 283, 16, 13]",7,358,766.png,626,1622,13,Hiệu lệnh
90,0,854,"[600, 318, 10, 9]",7,408,854.png,626,1622,13,Hiệu lệnh
289,0,865,"[1113, 337, 17, 17]",7,412,865.png,626,1622,1,Hiệu lệnh
90,0,920,"[322, 455, 10, 9]",7,435,920.png,626,1622,12,Hiệu lệnh
255,0,938,"[1113, 336, 15, 17]",7,452,938.png,626,1622,1,Hiệu lệnh
1640,0,1008,"[635, 434, 41, 40]",7,476,1008.png,626,1622,19,Hiệu lệnh
256,0,1008,"[836, 470, 16, 16]",7,478,1008.png,626,1622,19,Hiệu lệnh
30,0,1008,"[624, 480, 6, 5]",7,480,1008.png,626,1622,19,Hiệu lệnh
20,0,1016,"[552, 352, 5, 4]",7,486,1016.png,626,1622,19,Hiệu lệnh
35,0,1032,"[650, 479, 5, 7]",7,495,1032.png,626,1622,19,Hiệu lệnh
64,0,1036,"[527, 340, 8, 8]",7,499,1036.png,626,1622,19,Hiệu lệnh
42,0,1060,"[829, 306, 7, 6]",7,513,1060.png,626,1622,19,Hiệu lệnh
2352,0,1069,"[343, 315, 49, 48]",7,519,1069.png,626,1622,24,Hiệu lệnh
1054,0,1078,"[431, 150, 34, 31]",7,521,1078.png,626,1622,24,Hiệu lệnh
272,0,1091,"[684, 471, 17, 16]",7,526,1091.png,626,1622,19,Hiệu lệnh
132,0,1091,"[795, 482, 12, 11]",7,528,1091.png,626,1622,19,Hiệu lệnh
30,0,1091,"[643, 487, 6, 5]",7,530,1091.png,626,1622,19,Hiệu lệnh
980,0,1143,"[331, 308, 35, 28]",7,552,1143.png,626,1622,19,Hiệu lệnh
182,0,1172,"[1112, 298, 14, 13]",7,587,1172.png,626,1622,22,Hiệu lệnh
196,0,1172,"[989, 295, 14, 14]",7,588,1172.png,626,1622,22,Hiệu lệnh
2508,0,1250,"[65, 311, 57, 44]",7,622,1250.png,626,1622,22,Hiệu lệnh
1188,0,1290,"[1052, 238, 33, 36]",7,632,1290.png,626,1622,19,Hiệu lệnh
64,0,1295,"[728, 311, 8, 8]",7,640,1295.png,626,1622,19,Hiệu lệnh
25,0,1306,"[577, 305, 5, 5]",7,651,1306.png,626,1622,19,Hiệu lệnh
336,0,1414,"[103, 426, 21, 16]",7,692,1414.png,626,1622,24,Hiệu lệnh
36,0,1441,"[540, 347, 6, 6]",7,703,1441.png,626,1622,19,Hiệu lệnh
600,0,1494,"[477, 456, 25, 24]",7,730,1494.png,626,1622,19,Hiệu lệnh
728,0,1523,"[618, 452, 28, 26]",7,747,1523.png,626,1622,20,Hiệu lệnh
756,0,1528,"[545, 418, 28, 27]",7,753,1528.png,626,1622,20,Hiệu lệnh
42,0,1545,"[600, 485, 7, 6]",7,768,1545.png,626,1622,19,Hiệu lệnh
6240,0,1578,"[978, 37, 60, 104]",7,780,1578.png,626,1622,19,Hiệu lệnh
483,0,1578,"[117, 284, 23, 21]",7,782,1578.png,626,1622,19,Hiệu lệnh
475,0,1582,"[1083, 297, 19, 25]",7,790,1582.png,626,1622,19,Hiệu lệnh
210,0,1582,"[444, 311, 15, 14]",7,792,1582.png,626,1622,19,Hiệu lệnh
702,0,1627,"[484, 452, 26, 27]",7,820,1627.png,626,1622,20,Hiệu lệnh
24,0,1628,"[462, 132, 6, 4]",7,823,1628.png,626,1622,22,Hiệu lệnh
2478,0,1630,"[1317, 282, 59, 42]",7,824,1630.png,626,1622,22,Hiệu lệnh
868,0,1630,"[948, 286, 31, 28]",7,825,1630.png,626,1622,22,Hiệu lệnh
49,0,1672,"[504, 296, 7, 7]",7,851,1672.png,626,1622,19,Hiệu lệnh
870,0,1736,"[934, 443, 30, 29]",7,893,1736.png,626,1622,19,Hiệu lệnh
56,0,1736,"[587, 487, 8, 7]",7,895,1736.png,626,1622,19,Hiệu lệnh
110,0,1811,"[509, 328, 11, 10]",7,921,1811.png,626,1622,19,Hiệu lệnh
98,0,1811,"[921, 330, 7, 14]",7,926,1811.png,626,1622,19,Hiệu lệnh
70,0,1824,"[520, 336, 10, 7]",7,947,1824.png,626,1622,19,Hiệu lệnh
42,0,1836,"[539, 307, 7, 6]",7,953,1836.png,626,1622,19,Hiệu lệnh
460,0,1853,"[678, 439, 20, 23]",7,974,1853.png,626,1622,20,Hiệu lệnh
1330,0,1868,"[648, 324, 35, 38]",7,985,1868.png,626,1622,19,Hiệu lệnh
528,0,1909,"[1199, 289, 24, 22]",7,1002,1909.png,626,1622,22,Hiệu lệnh
342,0,1909,"[1005, 288, 19, 18]",7,1003,1909.png,626,1622,22,Hiệu lệnh
49,0,1941,"[531, 342, 7, 7]",7,1013,1941.png,626,1622,19,Hiệu lệnh
143,0,1961,"[56, 114, 13, 11]",7,1027,1961.png,626,1622,22,Hiệu lệnh
99,0,1961,"[496, 107, 11, 9]",7,1029,1961.png,626,1622,22,Hiệu lệnh
40,0,3001,"[1352, 96, 8, 5]",7,1047,3001.png,626,1622,28,Hiệu lệnh
25,0,3013,"[580, 518, 5, 5]",7,1055,3013.png,626,1622,29,Hiệu lệnh
80,0,3026,"[575, 482, 10, 8]",7,1061,3026.png,626,1622,29,Hiệu lệnh
25,0,3039,"[514, 259, 5, 5]",7,1068,3039.png,626,1622,28,Hiệu lệnh
108,0,3065,"[877, 113, 12, 9]",7,1082,3065.png,626,1622,28,Hiệu lệnh
272,0,3094,"[616, 511, 17, 16]",7,1090,3094.png,626,1622,29,Hiệu lệnh
30,0,3115,"[519, 288, 6, 5]",7,1106,3115.png,626,1622,28,Hiệu lệnh
9048,0,3116,"[117, 478, 104, 87]",7,1108,3116.png,626,1622,29,Hiệu lệnh
529,0,3135,"[578, 508, 23, 23]",7,1121,3135.png,626,1622,29,Hiệu lệnh
42,0,3144,"[576, 498, 7, 6]",7,1129,3144.png,626,1622,29,Hiệu lệnh
208,0,3146,"[530, 493, 16, 13]",7,1131,3146.png,626,1622,29,Hiệu lệnh
2024,0,3170,"[603, 478, 44, 46]",7,1139,3170.png,626,1622,29,Hiệu lệnh
36,0,3232,"[578, 492, 6, 6]",7,1155,3232.png,626,1622,29,Hiệu lệnh
30,0,3263,"[592, 494, 6, 5]",7,1165,3263.png,626,1622,29,Hiệu lệnh
165,0,3266,"[1196, 165, 15, 11]",7,1169,3266.png,626,1622,31,Hiệu lệnh
108,0,3266,"[1196, 177, 12, 9]",7,1170,3266.png,626,1622,31,Hiệu lệnh
16,0,3271,"[673, 412, 4, 4]",7,1172,3271.png,626,1622,28,Hiệu lệnh
108,0,3303,"[432, 544, 12, 9]",7,1187,3303.png,626,1622,29,Hiệu lệnh
49,0,3317,"[585, 480, 7, 7]",7,1193,3317.png,626,1622,29,Hiệu lệnh
81,0,3321,"[563, 498, 9, 9]",7,1196,3321.png,626,1622,29,Hiệu lệnh
12,0,3329,"[596, 493, 4, 3]",7,1201,3329.png,626,1622,29,Hiệu lệnh
35,0,3344,"[471, 432, 7, 5]",7,1205,3344.png,626,1622,28,Hiệu lệnh
30,0,3363,"[518, 553, 6, 5]",7,1218,3363.png,626,1622,29,Hiệu lệnh
144,0,3371,"[553, 498, 12, 12]",7,1224,3371.png,626,1622,29,Hiệu lệnh
323,0,3384,"[507, 467, 19, 17]",7,1230,3384.png,626,1622,29,Hiệu lệnh
30,0,3387,"[720, 286, 6, 5]",7,1235,3387.png,626,1622,28,Hiệu lệnh
575,0,3408,"[495, 443, 25, 23]",7,1245,3408.png,626,1622,29,Hiệu lệnh
3864,0,3420,"[290, 445, 69, 56]",7,1250,3420.png,626,1622,29,Hiệu lệnh
3186,0,3431,"[639, 398, 54, 59]",7,1262,3431.png,626,1622,29,Hiệu lệnh
110,0,3468,"[554, 485, 11, 10]",7,1273,3468.png,626,1622,29,Hiệu lệnh
20,0,3472,"[720, 514, 5, 4]",7,1278,3472.png,626,1622,29,Hiệu lệnh
16,0,3476,"[696, 527, 4, 4]",7,1281,3476.png,626,1622,29,Hiệu lệnh
16,0,3484,"[598, 493, 4, 4]",7,1286,3484.png,626,1622,29,Hiệu lệnh
484,0,3499,"[805, 95, 22, 22]",7,1294,3499.png,626,1622,28,Hiệu lệnh
768,0,3527,"[1289, 334, 32, 24]",7,1300,3527.png,626,1622,29,Hiệu lệnh
5472,0,3554,"[271, 439, 76, 72]",7,1308,3554.png,626,1622,29,Hiệu lệnh
5986,0,3577,"[512, 32, 82, 73]",7,1317,3577.png,626,1622,28,Hiệu lệnh
5120,0,3582,"[273, 337, 80, 64]",7,1321,3582.png,626,1622,29,Hiệu lệnh
56,0,3599,"[644, 404, 8, 7]",7,1332,3599.png,626,1622,28,Hiệu lệnh
729,0,3610,"[449, 479, 27, 27]",7,1337,3610.png,626,1622,29,Hiệu lệnh
99,0,3680,"[624, 400, 11, 9]",7,1365,3680.png,626,1622,28,Hiệu lệnh
49,0,3686,"[626, 384, 7, 7]",7,1371,3686.png,626,1622,28,Hiệu lệnh
12,0,3694,"[682, 411, 4, 3]",7,1377,3694.png,626,1622,28,Hiệu lệnh
900,0,3702,"[517, 500, 30, 30]",7,1380,3702.png,626,1622,29,Hiệu lệnh
208,0,3711,"[1325, 65, 16, 13]",7,1385,3711.png,626,1622,28,Hiệu lệnh
768,0,3720,"[1364, 140, 32, 24]",7,1392,3720.png,626,1622,31,Hiệu lệnh
121,0,3722,"[868, 98, 11, 11]",7,1398,3722.png,626,1622,28,Hiệu lệnh
121,0,3741,"[646, 400, 11, 11]",7,1407,3741.png,626,1622,28,Hiệu lệnh
56,0,3760,"[454, 428, 8, 7]",7,1416,3760.png,626,1622,28,Hiệu lệnh
42,0,3774,"[505, 271, 7, 6]",7,1424,3774.png,626,1622,28,Hiệu lệnh
644,0,3781,"[659, 340, 23, 28]",7,1427,3781.png,626,1622,29,Hiệu lệnh
572,0,3809,"[401, 267, 26, 22]",7,1439,3809.png,626,1622,28,Hiệu lệnh
1209,0,3826,"[1368, 156, 39, 31]",7,1451,3826.png,626,1622,31,Hiệu lệnh
49,0,3845,"[915, 121, 7, 7]",7,1466,3845.png,626,1622,28,Hiệu lệnh
725,0,3853,"[490, 353, 29, 25]",7,1468,3853.png,626,1622,29,Hiệu lệnh
42,0,3860,"[683, 280, 6, 7]",7,1476,3860.png,626,1622,28,Hiệu lệnh
400,0,3921,"[575, 519, 20, 20]",7,1502,3921.png,626,1622,29,Hiệu lệnh
42,0,3929,"[503, 261, 7, 6]",7,1512,3929.png,626,1622,28,Hiệu lệnh
63,0,3931,"[677, 245, 9, 7]",7,1514,3931.png,626,1622,28,Hiệu lệnh
132,0,3940,"[745, 270, 12, 11]",7,1523,3940.png,626,1622,28,Hiệu lệnh
42,0,3968,"[485, 421, 7, 6]",7,1534,3968.png,626,1622,28,Hiệu lệnh
420,0,3979,"[1027, 370, 20, 21]",7,1545,3979.png,626,1622,29,Hiệu lệnh
81,0,4004,"[694, 268, 9, 9]",7,1565,4004.png,626,1622,34,Hiệu lệnh
100,0,4011,"[830, 227, 10, 10]",7,1582,4011.png,626,1622,36,Hiệu lệnh
81,0,4012,"[675, 273, 9, 9]",7,1585,4012.png,626,1622,36,Hiệu lệnh
169,0,4030,"[696, 278, 13, 13]",7,1615,4030.png,626,1622,36,Hiệu lệnh
169,0,4034,"[848, 334, 13, 13]",7,1633,4034.png,626,1622,34,Hiệu lệnh
693,0,4048,"[402, 217, 21, 33]",7,1658,4048.png,626,1622,36,Hiệu lệnh
792,0,4060,"[382, 245, 24, 33]",7,1674,4060.png,626,1622,34,Hiệu lệnh
144,0,4062,"[811, 403, 12, 12]",7,1683,4062.png,626,1622,36,Hiệu lệnh
99,0,4066,"[647, 244, 9, 11]",7,1691,4066.png,626,1622,34,Hiệu lệnh
90,0,4080,"[1323, 301, 10, 9]",7,1707,4080.png,626,1622,36,Hiệu lệnh
1080,0,4082,"[57, 198, 30, 36]",7,1716,4082.png,626,1622,33,Hiệu lệnh
49,0,4084,"[651, 342, 7, 7]",7,1724,4084.png,626,1622,34,Hiệu lệnh
837,0,4088,"[135, 275, 31, 27]",7,1727,4088.png,626,1622,33,Hiệu lệnh
272,0,4093,"[699, 270, 16, 17]",7,1740,4093.png,626,1622,36,Hiệu lệnh
1056,0,4101,"[324, 261, 32, 33]",7,1768,4101.png,626,1622,34,Hiệu lệnh
675,0,4109,"[920, 285, 25, 27]",7,1779,4109.png,626,1622,34,Hiệu lệnh
90,0,4114,"[626, 318, 9, 10]",7,1788,4114.png,626,1622,34,Hiệu lệnh
90,0,4115,"[409, 261, 10, 9]",7,1798,4115.png,626,1622,36,Hiệu lệnh
812,0,4120,"[635, 304, 28, 29]",7,1810,4120.png,626,1622,34,Hiệu lệnh
552,0,4121,"[937, 319, 23, 24]",7,1813,4121.png,626,1622,36,Hiệu lệnh
272,0,4138,"[599, 230, 16, 17]",7,1826,4138.png,626,1622,34,Hiệu lệnh
1554,0,4147,"[745, 195, 37, 42]",7,1837,4147.png,626,1622,36,Hiệu lệnh
1260,0,4157,"[1433, 281, 42, 30]",7,1846,4157.png,626,1622,36,Hiệu lệnh
99,0,4157,"[1121, 215, 11, 9]",7,1850,4157.png,626,1622,36,Hiệu lệnh
1056,0,4172,"[776, 29, 32, 33]",7,1867,4172.png,626,1622,36,Hiệu lệnh
90,0,4174,"[674, 417, 9, 10]",7,1872,4174.png,626,1622,36,Hiệu lệnh
132,0,4174,"[513, 362, 12, 11]",7,1874,4174.png,626,1622,36,Hiệu lệnh
420,0,4188,"[498, 197, 20, 21]",7,1893,4188.png,626,1622,36,Hiệu lệnh
285,0,4194,"[885, 407, 15, 19]",7,1902,4194.png,626,1622,36,Hiệu lệnh
30,0,4232,"[777, 293, 6, 5]",7,1961,4232.png,626,1622,37,Hiệu lệnh
56,0,4240,"[681, 321, 8, 7]",7,1974,4240.png,626,1622,34,Hiệu lệnh
81,0,4250,"[810, 363, 9, 9]",7,1980,4250.png,626,1622,36,Hiệu lệnh
121,0,4252,"[802, 202, 11, 11]",7,1985,4252.png,626,1622,34,Hiệu lệnh
90,0,4266,"[548, 342, 10, 9]",7,2022,4266.png,626,1622,34,Hiệu lệnh
56,0,4285,"[684, 296, 7, 8]",7,2038,4285.png,626,1622,36,Hiệu lệnh
225,0,4289,"[363, 258, 15, 15]",7,2044,4289.png,626,1622,36,Hiệu lệnh
168,0,4294,"[588, 256, 12, 14]",7,2050,4294.png,626,1622,34,Hiệu lệnh
342,0,4295,"[560, 309, 19, 18]",7,2060,4295.png,626,1622,34,Hiệu lệnh
1036,0,4305,"[255, 177, 28, 37]",7,2068,4305.png,626,1622,34,Hiệu lệnh
323,0,4314,"[557, 261, 19, 17]",7,2084,4314.png,626,1622,36,Hiệu lệnh
378,0,4323,"[346, 262, 21, 18]",7,2102,4323.png,626,1622,34,Hiệu lệnh
1480,0,4325,"[416, 446, 40, 37]",7,2117,4325.png,626,1622,33,Hiệu lệnh
132,0,4328,"[853, 367, 11, 12]",7,2125,4328.png,626,1622,36,Hiệu lệnh
81,0,4333,"[832, 319, 9, 9]",7,2126,4333.png,626,1622,34,Hiệu lệnh
182,0,4335,"[719, 393, 14, 13]",7,2128,4335.png,626,1622,36,Hiệu lệnh
49,0,4340,"[783, 392, 7, 7]",7,2137,4340.png,626,1622,36,Hiệu lệnh
99,0,4344,"[391, 257, 11, 9]",7,2146,4344.png,626,1622,36,Hiệu lệnh
42,0,4347,"[573, 347, 7, 6]",7,2153,4347.png,626,1622,34,Hiệu lệnh
1088,0,4348,"[50, 236, 32, 34]",7,2156,4348.png,626,1622,34,Hiệu lệnh
25,0,4351,"[652, 316, 5, 5]",7,2161,4351.png,626,1622,34,Hiệu lệnh
270,0,4355,"[829, 272, 15, 18]",7,2170,4355.png,626,1622,36,Hiệu lệnh
700,0,4374,"[480, 223, 25, 28]",7,2206,4374.png,626,1622,34,Hiệu lệnh
1290,0,4382,"[142, 166, 30, 43]",7,2227,4382.png,626,1622,34,Hiệu lệnh
651,0,4388,"[115, 285, 31, 21]",7,2240,4388.png,626,1622,34,Hiệu lệnh
1482,0,4389,"[769, 233, 38, 39]",7,2241,4389.png,626,1622,36,Hiệu lệnh
208,0,4396,"[277, 294, 16, 13]",7,2252,4396.png,626,1622,34,Hiệu lệnh
180,0,4396,"[277, 294, 15, 12]",7,2414,4396.png,626,1622,34,Hiệu lệnh
323,0,4397,"[989, 120, 17, 19]",7,2257,4397.png,626,1622,36,Hiệu lệnh
72,0,4402,"[843, 297, 8, 9]",7,2266,4402.png,626,1622,34,Hiệu lệnh
182,0,4402,"[270, 281, 14, 13]",7,2269,4402.png,626,1622,34,Hiệu lệnh
12,0,4407,"[1162, 259, 3, 4]",7,2281,4407.png,626,1622,34,Hiệu lệnh
80,0,4413,"[817, 315, 8, 10]",7,2290,4413.png,626,1622,34,Hiệu lệnh
1722,0,4414,"[1265, 279, 41, 42]",7,2293,4414.png,626,1622,34,Hiệu lệnh
378,0,4422,"[503, 223, 21, 18]",7,2307,4422.png,626,1622,36,Hiệu lệnh
182,0,4433,"[652, 244, 14, 13]",7,2320,4433.png,626,1622,36,Hiệu lệnh
64,0,4449,"[553, 261, 8, 8]",7,2343,4449.png,626,1622,34,Hiệu lệnh
49,0,4457,"[854, 249, 7, 7]",7,2360,4457.png,626,1622,34,Hiệu lệnh
36,0,4473,"[681, 351, 6, 6]",7,2375,4473.png,626,1622,34,Hiệu lệnh
100,0,4474,"[589, 353, 10, 10]",7,2377,4474.png,626,1622,36,Hiệu lệnh
121,0,4474,"[732, 356, 11, 11]",7,2379,4474.png,626,1622,36,Hiệu lệnh
100,0,4482,"[503, 278, 10, 10]",7,2394,4482.png,626,1622,34,Hiệu lệnh
63,0,4502,"[893, 240, 9, 7]",7,2433,4502.png,626,1622,34,Hiệu lệnh
2444,0,4508,"[1044, 213, 52, 47]",7,2444,4508.png,626,1622,34,Hiệu lệnh
2538,0,4508,"[1046, 152, 47, 54]",7,2445,4508.png,626,1622,34,Hiệu lệnh
81,0,4511,"[803, 432, 9, 9]",7,2447,4511.png,626,1622,36,Hiệu lệnh
156,0,4517,"[744, 216, 12, 13]",7,2457,4517.png,626,1622,34,Hiệu lệnh
2880,0,4517,"[1446, 289, 60, 48]",7,2458,4517.png,626,1622,34,Hiệu lệnh
72,0,4518,"[571, 271, 9, 8]",7,2465,4518.png,626,1622,33,Hiệu lệnh
90,0,4522,"[811, 238, 9, 10]",7,2477,4522.png,626,1622,34,Hiệu lệnh
529,0,4523,"[293, 273, 23, 23]",7,2487,4523.png,626,1622,34,Hiệu lệnh
544,0,4529,"[376, 221, 17, 32]",7,2495,4529.png,626,1622,37,Hiệu lệnh
312,0,4529,"[983, 276, 13, 24]",7,2497,4529.png,626,1622,37,Hiệu lệnh
36,0,4532,"[706, 285, 6, 6]",7,2501,4532.png,626,1622,36,Hiệu lệnh
441,0,4542,"[634, 382, 21, 21]",7,2511,4542.png,626,1622,36,Hiệu lệnh
800,0,4550,"[241, 224, 25, 32]",7,2521,4550.png,626,1622,33,Hiệu lệnh
42,0,4559,"[721, 315, 7, 6]",7,2529,4559.png,626,1622,36,Hiệu lệnh
42,0,4559,"[293, 324, 6, 7]",7,2531,4559.png,626,1622,36,Hiệu lệnh
240,0,4566,"[568, 252, 15, 16]",7,2538,4566.png,626,1622,33,Hiệu lệnh
195,0,4570,"[649, 229, 15, 13]",7,2557,4570.png,626,1622,34,Hiệu lệnh
30,0,4606,"[692, 301, 6, 5]",7,2608,4606.png,626,1622,34,Hiệu lệnh
64,0,4612,"[855, 241, 8, 8]",7,2613,4612.png,626,1622,34,Hiệu lệnh
81,0,4620,"[609, 195, 9, 9]",7,2627,4620.png,626,1622,36,Hiệu lệnh
90,0,4624,"[574, 303, 10, 9]",7,2638,4624.png,626,1622,34,Hiệu lệnh
324,0,4627,"[920, 258, 18, 18]",7,2646,4627.png,626,1622,36,Hiệu lệnh
420,0,4629,"[1092, 253, 20, 21]",7,2660,4629.png,626,1622,36,Hiệu lệnh
42,0,4660,"[718, 401, 6, 7]",7,2713,4660.png,626,1622,36,Hiệu lệnh
42,0,4660,"[617, 400, 6, 7]",7,2715,4660.png,626,1622,36,Hiệu lệnh
2205,0,4692,"[97, 219, 45, 49]",7,2776,4692.png,626,1622,36,Hiệu lệnh
132,0,4695,"[480, 270, 12, 11]",7,2782,4695.png,626,1622,34,Hiệu lệnh
25,0,4738,"[1240, 270, 5, 5]",7,2844,4738.png,626,1622,34,Hiệu lệnh
3618,0,4740,"[126, 329, 67, 54]",7,2847,4740.png,626,1622,36,Hiệu lệnh
49,0,4744,"[634, 389, 7, 7]",7,2853,4744.png,626,1622,36,Hiệu lệnh
399,0,4778,"[789, 233, 19, 21]",7,2880,4778.png,626,1622,36,Hiệu lệnh
144,0,4781,"[541, 311, 12, 12]",7,2892,4781.png,626,1622,34,Hiệu lệnh
90,0,4810,"[539, 339, 10, 9]",7,2952,4810.png,626,1622,36,Hiệu lệnh
64,0,4815,"[1008, 269, 8, 8]",7,2957,4815.png,626,1622,36,Hiệu lệnh
182,0,4819,"[733, 275, 14, 13]",7,2969,4819.png,626,1622,36,Hiệu lệnh
648,0,4824,"[463, 338, 27, 24]",7,2972,4824.png,626,1622,36,Hiệu lệnh
980,0,4827,"[337, 234, 35, 28]",7,2985,4827.png,626,1622,36,Hiệu lệnh
169,0,4828,"[832, 217, 13, 13]",7,2989,4828.png,626,1622,36,Hiệu lệnh
78,0,4848,"[438, 362, 6, 13]",7,3002,4848.png,626,1622,34,Hiệu lệnh
96,0,4853,"[543, 324, 12, 8]",7,3006,4853.png,626,1622,34,Hiệu lệnh
72,0,4871,"[418, 279, 9, 8]",7,3032,4871.png,626,1622,36,Hiệu lệnh
252,0,4874,"[354, 318, 18, 14]",7,3038,4874.png,626,1622,34,Hiệu lệnh
529,0,4878,"[1249, 256, 23, 23]",7,3053,4878.png,626,1622,36,Hiệu lệnh
169,0,4884,"[628, 285, 13, 13]",7,3061,4884.png,626,1622,36,Hiệu lệnh
42,0,4910,"[661, 294, 6, 7]",7,3095,4910.png,626,1622,36,Hiệu lệnh
460,0,4915,"[1208, 322, 23, 20]",7,3100,4915.png,626,1622,36,Hiệu lệnh
899,0,4916,"[282, 187, 29, 31]",7,3103,4916.png,626,1622,34,Hiệu lệnh
36,0,4922,"[886, 246, 6, 6]",7,3116,4922.png,626,1622,34,Hiệu lệnh
400,0,4923,"[638, 234, 20, 20]",7,3128,4923.png,626,1622,34,Hiệu lệnh
252,0,4963,"[519, 198, 18, 14]",7,3171,4963.png,626,1622,36,Hiệu lệnh
110,0,4980,"[893, 321, 11, 10]",7,3184,4980.png,626,1622,36,Hiệu lệnh
1517,0,4983,"[1231, 253, 41, 37]",7,3190,4983.png,626,1622,33,Hiệu lệnh
168,0,4987,"[476, 305, 14, 12]",7,3201,4987.png,626,1622,34,Hiệu lệnh
72,0,4992,"[575, 375, 9, 8]",7,3206,4992.png,626,1622,36,Hiệu lệnh
1936,0,5014,"[995, 224, 44, 44]",7,3223,5014.png,626,1622,41,Hiệu lệnh
324,0,5051,"[946, 298, 18, 18]",7,3286,5051.png,626,1622,42,Hiệu lệnh
144,0,5059,"[774, 445, 12, 12]",7,3300,5059.png,626,1622,41,Hiệu lệnh
20,0,5060,"[975, 284, 5, 4]",7,3305,5060.png,626,1622,44,Hiệu lệnh
1764,0,5066,"[1007, 343, 42, 42]",7,3311,5066.png,626,1622,41,Hiệu lệnh
169,0,5068,"[604, 200, 13, 13]",7,3314,5068.png,626,1622,41,Hiệu lệnh
120,0,5081,"[498, 217, 12, 10]",7,3333,5081.png,626,1622,44,Hiệu lệnh
49,0,5089,"[766, 321, 7, 7]",7,3346,5089.png,626,1622,41,Hiệu lệnh
42,0,5092,"[907, 310, 6, 7]",7,3350,5092.png,626,1622,44,Hiệu lệnh
81,0,5113,"[533, 338, 9, 9]",7,3375,5113.png,626,1622,42,Hiệu lệnh
462,0,5116,"[675, 321, 21, 22]",7,3381,5116.png,626,1622,44,Hiệu lệnh
130,0,5128,"[493, 172, 10, 13]",7,3396,5128.png,626,1622,44,Hiệu lệnh
1260,0,5129,"[1049, 272, 36, 35]",7,3397,5129.png,626,1622,44,Hiệu lệnh
418,0,5161,"[526, 169, 22, 19]",7,3427,5161.png,626,1622,42,Hiệu lệnh
1406,0,5162,"[757, 185, 37, 38]",7,3428,5162.png,626,1622,42,Hiệu lệnh
210,0,5162,"[609, 273, 14, 15]",7,3430,5162.png,626,1622,42,Hiệu lệnh
56,0,5166,"[707, 303, 7, 8]",7,3435,5166.png,626,1622,42,Hiệu lệnh
168,0,5187,"[241, 267, 14, 12]",7,3471,5187.png,626,1622,40,Hiệu lệnh
1295,0,5195,"[476, 271, 35, 37]",7,3479,5195.png,626,1622,44,Hiệu lệnh
143,0,5247,"[1066, 218, 13, 11]",7,3533,5247.png,626,1622,42,Hiệu lệnh
361,0,5276,"[744, 213, 19, 19]",7,3574,5276.png,626,1622,44,Hiệu lệnh
25,0,5282,"[1076, 308, 5, 5]",7,3580,5282.png,626,1622,44,Hiệu lệnh
648,0,5284,"[770, 299, 24, 27]",7,3582,5284.png,626,1622,44,Hiệu lệnh
342,0,5288,"[559, 193, 19, 18]",7,3591,5288.png,626,1622,41,Hiệu lệnh
20,0,5288,"[655, 215, 4, 5]",7,3593,5288.png,626,1622,41,Hiệu lệnh
42,0,5291,"[571, 241, 7, 6]",7,3597,5291.png,626,1622,42,Hiệu lệnh
1428,0,5302,"[1283, 487, 42, 34]",7,3615,5302.png,626,1622,41,Hiệu lệnh
64,0,5318,"[510, 224, 8, 8]",7,3639,5318.png,626,1622,44,Hiệu lệnh
270,0,5363,"[900, 433, 15, 18]",7,3687,5363.png,626,1622,41,Hiệu lệnh
992,0,5368,"[871, 156, 32, 31]",7,3694,5368.png,626,1622,42,Hiệu lệnh
16,0,5381,"[686, 194, 4, 4]",7,3717,5381.png,626,1622,41,Hiệu lệnh
414,0,5393,"[1071, 339, 18, 23]",7,3728,5393.png,626,1622,42,Hiệu lệnh
1443,0,5399,"[489, 268, 39, 37]",7,3734,5399.png,626,1622,44,Hiệu lệnh
144,0,5403,"[670, 211, 12, 12]",7,3740,5403.png,626,1622,44,Hiệu lệnh
210,0,5415,"[1341, 142, 10, 21]",7,3755,5415.png,626,1622,44,Hiệu lệnh
56,0,5423,"[568, 351, 8, 7]",7,3764,5423.png,626,1622,41,Hiệu lệnh
16,0,5441,"[784, 333, 4, 4]",7,3786,5441.png,626,1622,41,Hiệu lệnh
400,0,5449,"[974, 294, 20, 20]",7,3793,5449.png,626,1622,44,Hiệu lệnh
12,0,5449,"[1027, 311, 3, 4]",7,3795,5449.png,626,1622,44,Hiệu lệnh
72,0,5454,"[533, 339, 9, 8]",7,3806,5454.png,626,1622,42,Hiệu lệnh
110,0,5456,"[324, 308, 11, 10]",7,3811,5456.png,626,1622,41,Hiệu lệnh
88,0,5475,"[513, 228, 11, 8]",7,3828,5475.png,626,1622,44,Hiệu lệnh
440,0,5479,"[885, 76, 20, 22]",7,3831,5479.png,626,1622,42,Hiệu lệnh
49,0,5487,"[534, 333, 7, 7]",7,3842,5487.png,626,1622,42,Hiệu lệnh
440,0,5490,"[214, 327, 22, 20]",7,3848,5490.png,626,1622,41,Hiệu lệnh
6497,0,5501,"[1015, 108, 73, 89]",7,3863,5501.png,626,1622,44,Hiệu lệnh
25,0,5505,"[660, 186, 5, 5]",7,3872,5505.png,626,1622,41,Hiệu lệnh
25,0,5519,"[727, 434, 5, 5]",7,3888,5519.png,626,1622,41,Hiệu lệnh
210,0,5539,"[1101, 166, 15, 14]",7,3913,5539.png,626,1622,44,Hiệu lệnh
483,0,5601,"[529, 251, 21, 23]",7,4003,5601.png,626,1622,44,Hiệu lệnh
1968,0,5613,"[1016, 185, 41, 48]",7,4026,5613.png,626,1622,40,Hiệu lệnh
780,0,5617,"[522, 295, 26, 30]",7,4034,5617.png,626,1622,44,Hiệu lệnh
64,0,5625,"[491, 266, 8, 8]",7,4048,5625.png,626,1622,40,Hiệu lệnh
1681,0,5628,"[1201, 323, 41, 41]",7,4051,5628.png,626,1622,44,Hiệu lệnh
2444,0,5632,"[1204, 108, 52, 47]",7,4054,5632.png,626,1622,44,Hiệu lệnh
4224,0,5635,"[1058, 215, 64, 66]",7,4060,5635.png,626,1622,42,Hiệu lệnh
7372,0,5646,"[1383, 126, 97, 76]",7,4084,5646.png,626,1622,42,Hiệu lệnh
825,0,5662,"[327, 287, 25, 33]",7,4110,5662.png,626,1622,42,Hiệu lệnh
72,0,5691,"[552, 311, 9, 8]",7,4154,5691.png,626,1622,42,Hiệu lệnh
323,0,5705,"[286, 333, 17, 19]",7,4172,5705.png,626,1622,42,Hiệu lệnh
16,0,5705,"[815, 342, 4, 4]",7,4175,5705.png,626,1622,42,Hiệu lệnh
81,0,5712,"[756, 319, 9, 9]",7,4195,5712.png,626,1622,41,Hiệu lệnh
90,0,5732,"[990, 280, 9, 10]",7,4217,5732.png,626,1622,44,Hiệu lệnh
460,0,5747,"[571, 272, 20, 23]",7,4237,5747.png,626,1622,42,Hiệu lệnh
441,0,5748,"[797, 296, 21, 21]",7,4242,5748.png,626,1622,41,Hiệu lệnh
49,0,5749,"[782, 252, 7, 7]",7,4244,5749.png,626,1622,44,Hiệu lệnh
1008,0,5755,"[230, 189, 36, 28]",7,4254,5755.png,626,1622,40,Hiệu lệnh
36,0,5763,"[860, 346, 6, 6]",7,4271,5763.png,626,1622,44,Hiệu lệnh
169,0,5799,"[502, 307, 13, 13]",7,4313,5799.png,626,1622,42,Hiệu lệnh
648,0,5800,"[726, 297, 24, 27]",7,4314,5800.png,626,1622,44,Hiệu lệnh
323,0,5803,"[845, 231, 17, 19]",7,4320,5803.png,626,1622,42,Hiệu lệnh
6768,0,5814,"[90, 141, 94, 72]",7,4335,5814.png,626,1622,44,Hiệu lệnh
690,0,5838,"[86, 340, 30, 23]",7,4367,5838.png,626,1622,40,Hiệu lệnh
1512,0,5877,"[1112, 253, 42, 36]",7,4407,5877.png,626,1622,44,Hiệu lệnh
361,0,5898,"[0, 290, 19, 19]",7,4438,5898.png,626,1622,40,Hiệu lệnh
1224,0,5901,"[933, 231, 34, 36]",7,4442,5901.png,626,1622,42,Hiệu lệnh
240,0,5913,"[604, 246, 12, 20]",7,4458,5913.png,626,1622,44,Hiệu lệnh
1190,0,5947,"[179, 215, 35, 34]",7,4507,5947.png,626,1622,44,Hiệu lệnh
960,0,5955,"[946, 241, 30, 32]",7,4517,5955.png,626,1622,41,Hiệu lệnh
961,0,5955,"[946, 243, 31, 31]",7,4611,5955.png,626,1622,41,Hiệu lệnh
2058,0,5960,"[403, 107, 49, 42]",7,4528,5960.png,626,1622,41,Hiệu lệnh
12,0,5989,"[593, 341, 4, 3]",7,4570,5989.png,626,1622,41,Hiệu lệnh
256,0,6015,"[641, 380, 16, 16]",7,4640,6015.png,626,1622,41,Hiệu lệnh
90,0,6027,"[683, 276, 10, 9]",7,4677,6027.png,626,1622,28,Hiệu lệnh
30,0,6029,"[622, 241, 6, 5]",7,4679,6029.png,626,1622,47,Hiệu lệnh
252,0,6039,"[1294, 76, 18, 14]",7,4686,6039.png,626,1622,28,Hiệu lệnh
272,0,6046,"[654, 266, 17, 16]",7,4690,6046.png,626,1622,28,Hiệu lệnh
30,0,6048,"[535, 421, 6, 5]",7,4693,6048.png,626,1622,28,Hiệu lệnh
56,0,6053,"[479, 246, 8, 7]",7,4698,6053.png,626,1622,5,Hiệu lệnh
702,0,6070,"[489, 329, 27, 26]",7,4710,6070.png,626,1622,28,Hiệu lệnh
928,0,6078,"[400, 287, 32, 29]",7,4715,6078.png,626,1622,47,Hiệu lệnh
169,0,6079,"[927, 229, 13, 13]",7,4717,6079.png,626,1622,36,Hiệu lệnh
110,0,6092,"[562, 500, 11, 10]",7,4729,6092.png,626,1622,29,Hiệu lệnh
30,0,6094,"[537, 302, 5, 6]",7,4732,6094.png,626,1622,19,Hiệu lệnh
120,0,6098,"[482, 345, 12, 10]",7,4740,6098.png,626,1622,22,Hiệu lệnh
56,0,6100,"[571, 490, 8, 7]",7,4745,6100.png,626,1622,29,Hiệu lệnh
624,0,6109,"[215, 439, 24, 26]",7,4761,6109.png,626,1622,47,Hiệu lệnh
450,0,6126,"[220, 251, 25, 18]",7,4770,6126.png,626,1622,5,Hiệu lệnh
594,0,6132,"[215, 294, 27, 22]",7,4774,6132.png,626,1622,47,Hiệu lệnh
35,0,6134,"[287, 413, 7, 5]",7,4777,6134.png,626,1622,28,Hiệu lệnh
42,0,6138,"[550, 267, 7, 6]",7,4783,6138.png,626,1622,47,Hiệu lệnh
169,0,6150,"[769, 254, 13, 13]",7,4790,6150.png,626,1622,34,Hiệu lệnh
12,0,6162,"[603, 494, 3, 4]",7,4803,6162.png,626,1622,29,Hiệu lệnh
30,0,6177,"[907, 114, 6, 5]",7,4812,6177.png,626,1622,28,Hiệu lệnh
63,0,6193,"[487, 248, 9, 7]",7,4820,6193.png,626,1622,5,Hiệu lệnh
550,0,6195,"[13, 308, 25, 22]",7,4823,6195.png,626,1622,53,Hiệu lệnh
7440,0,6203,"[289, 17, 80, 93]",7,4828,6203.png,626,1622,28,Hiệu lệnh
1638,0,6208,"[269, 403, 42, 39]",7,4832,6208.png,626,1622,20,Hiệu lệnh
952,0,6210,"[838, 271, 28, 34]",7,4835,6210.png,626,1622,49,Hiệu lệnh
63,0,6230,"[704, 288, 9, 7]",7,4847,6230.png,626,1622,28,Hiệu lệnh
110,0,6234,"[526, 194, 11, 10]",7,4850,6234.png,626,1622,47,Hiệu lệnh
5625,0,6244,"[410, 219, 75, 75]",7,4860,6244.png,626,1622,45,Hiệu lệnh
621,0,6246,"[1244, 72, 27, 23]",7,4863,6246.png,626,1622,28,Hiệu lệnh
56,0,6253,"[670, 283, 8, 7]",7,4869,6253.png,626,1622,28,Hiệu lệnh
483,0,6254,"[420, 169, 23, 21]",7,4871,6254.png,626,1622,47,Hiệu lệnh
88,0,6255,"[1327, 96, 11, 8]",7,4873,6255.png,626,1622,28,Hiệu lệnh
272,0,6260,"[337, 437, 17, 16]",7,4877,6260.png,626,1622,19,Hiệu lệnh
72,0,6261,"[620, 367, 8, 9]",7,4886,6261.png,626,1622,28,Hiệu lệnh
900,0,6278,"[1143, 43, 30, 30]",7,4898,6278.png,626,1622,28,Hiệu lệnh
210,0,6296,"[635, 240, 15, 14]",7,4913,6296.png,626,1622,28,Hiệu lệnh
56,0,6331,"[604, 211, 8, 7]",7,4944,6331.png,626,1622,47,Hiệu lệnh
756,0,6347,"[461, 398, 27, 28]",7,4954,6347.png,626,1622,34,Hiệu lệnh
100,0,6366,"[942, 92, 10, 10]",7,4973,6366.png,626,1622,28,Hiệu lệnh
42,0,6408,"[1352, 82, 7, 6]",7,4990,6408.png,626,1622,28,Hiệu lệnh
12,0,6474,"[644, 245, 4, 3]",7,5025,6474.png,626,1622,47,Hiệu lệnh
63,0,6484,"[1333, 80, 9, 7]",7,5029,6484.png,626,1622,28,Hiệu lệnh
588,0,6508,"[231, 279, 28, 21]",7,5050,6508.png,626,1622,45,Hiệu lệnh
90,0,6509,"[686, 303, 9, 10]",7,5052,6509.png,626,1622,28,Hiệu lệnh
182,0,6512,"[546, 291, 14, 13]",7,5055,6512.png,626,1622,13,Hiệu lệnh
64,0,6532,"[516, 296, 8, 8]",7,5064,6532.png,626,1622,47,Hiệu lệnh
783,0,6549,"[552, 373, 29, 27]",7,5074,6549.png,626,1622,28,Hiệu lệnh
255,0,6558,"[589, 95, 15, 17]",7,5081,6558.png,626,1622,28,Hiệu lệnh
81,0,6580,"[625, 343, 9, 9]",7,5107,6580.png,626,1622,25,Hiệu lệnh
49,0,6584,"[691, 478, 7, 7]",7,5112,6584.png,626,1622,19,Hiệu lệnh
30,0,6584,"[753, 483, 5, 6]",7,5114,6584.png,626,1622,19,Hiệu lệnh
25,0,6585,"[699, 204, 5, 5]",7,5116,6585.png,626,1622,47,Hiệu lệnh
80,0,6586,"[495, 288, 10, 8]",7,5118,6586.png,626,1622,28,Hiệu lệnh
837,0,6599,"[412, 176, 31, 27]",7,5130,6599.png,626,1622,47,Hiệu lệnh
440,0,6601,"[439, 72, 22, 20]",7,5133,6601.png,626,1622,22,Hiệu lệnh
3136,0,6619,"[78, 287, 56, 56]",7,5148,6619.png,626,1622,36,Hiệu lệnh
196,0,6624,"[739, 395, 14, 14]",7,5154,6624.png,626,1622,28,Hiệu lệnh
529,0,6633,"[983, 241, 23, 23]",7,5160,6633.png,626,1622,45,Hiệu lệnh
132,0,6633,"[564, 254, 12, 11]",7,5162,6633.png,626,1622,45,Hiệu lệnh
240,0,6637,"[672, 394, 16, 15]",7,5165,6637.png,626,1622,28,Hiệu lệnh
117,0,6644,"[1327, 78, 13, 9]",7,5171,6644.png,626,1622,28,Hiệu lệnh
2650,0,6652,"[969, 321, 53, 50]",7,5176,6652.png,626,1622,47,Hiệu lệnh
870,0,6652,"[558, 191, 30, 29]",7,5182,6652.png,626,1622,47,Hiệu lệnh
30,0,6669,"[473, 230, 6, 5]",7,5194,6669.png,626,1622,47,Hiệu lệnh
3816,0,6701,"[1282, 233, 53, 72]",7,5224,6701.png,626,1622,53,Hiệu lệnh
90,0,6701,"[512, 309, 9, 10]",7,5225,6701.png,626,1622,53,Hiệu lệnh
56,0,6704,"[728, 382, 8, 7]",7,5228,6704.png,626,1622,28,Hiệu lệnh
2346,0,6720,"[377, 263, 51, 46]",7,5245,6720.png,626,1622,53,Hiệu lệnh
121,0,6723,"[674, 441, 11, 11]",7,5249,6723.png,626,1622,20,Hiệu lệnh
3283,0,6731,"[134, 337, 67, 49]",7,5267,6731.png,626,1622,28,Hiệu lệnh
6,0,6736,"[606, 501, 3, 2]",7,5271,6736.png,626,1622,29,Hiệu lệnh
16,0,6749,"[625, 400, 4, 4]",7,5281,6749.png,626,1622,28,Hiệu lệnh
1804,0,6759,"[426, 237, 44, 41]",7,5289,6759.png,626,1622,28,Hiệu lệnh
225,0,6771,"[635, 281, 15, 15]",7,5298,6771.png,626,1622,28,Hiệu lệnh
1610,0,6772,"[1411, 398, 46, 35]",7,5302,6772.png,626,1622,36,Hiệu lệnh
49,0,6775,"[497, 262, 7, 7]",7,5308,6775.png,626,1622,28,Hiệu lệnh
144,0,6778,"[627, 195, 12, 12]",7,5311,6778.png,626,1622,47,Hiệu lệnh
49,0,6853,"[575, 492, 7, 7]",7,5345,6853.png,626,1622,29,Hiệu lệnh
49,0,6862,"[442, 424, 7, 7]",7,5353,6862.png,626,1622,28,Hiệu lệnh
306,0,6866,"[472, 106, 17, 18]",7,5357,6866.png,626,1622,22,Hiệu lệnh
1085,0,6874,"[371, 245, 35, 31]",7,5370,6874.png,626,1622,28,Hiệu lệnh
12,0,6878,"[931, 129, 4, 3]",7,5374,6878.png,626,1622,28,Hiệu lệnh
255,0,6884,"[336, 412, 17, 15]",7,5379,6884.png,626,1622,28,Hiệu lệnh
36,0,6887,"[598, 245, 6, 6]",7,5382,6887.png,626,1622,47,Hiệu lệnh
1050,0,6890,"[354, 213, 35, 30]",7,5386,6890.png,626,1622,28,Hiệu lệnh
2600,0,6894,"[1069, 40, 52, 50]",7,5394,6894.png,626,1622,28,Hiệu lệnh
100,0,6909,"[559, 495, 10, 10]",7,5400,6909.png,626,1622,29,Hiệu lệnh
156,0,6946,"[516, 243, 13, 12]",7,5423,6946.png,626,1622,45,Hiệu lệnh
72,0,6948,"[449, 192, 9, 8]",7,5433,6948.png,626,1622,53,Hiệu lệnh
64,0,6979,"[684, 524, 8, 8]",7,5454,6979.png,626,1622,29,Hiệu lệnh
36,0,6981,"[913, 124, 6, 6]",7,5459,6981.png,626,1622,28,Hiệu lệnh
42,0,6983,"[653, 197, 7, 6]",7,5461,6983.png,626,1622,47,Hiệu lệnh
110,0,6988,"[459, 428, 11, 10]",7,5470,6988.png,626,1622,47,Hiệu lệnh
81,0,6993,"[544, 176, 9, 9]",7,5477,6993.png,626,1622,47,Hiệu lệnh
400,0,7008,"[702, 316, 20, 20]",7,5486,7008.png,626,1622,47,Hiệu lệnh
132,0,7062,"[805, 246, 12, 11]",7,5520,7062.png,626,1622,28,Hiệu lệnh
12,0,7090,"[712, 274, 4, 3]",7,5547,7090.png,626,1622,28,Hiệu lệnh
1044,0,7097,"[462, 93, 29, 36]",7,5554,7097.png,626,1622,31,Hiệu lệnh
456,0,7101,"[424, 235, 24, 19]",7,5557,7101.png,626,1622,28,Hiệu lệnh
690,0,7106,"[290, 416, 30, 23]",7,5563,7106.png,626,1622,47,Hiệu lệnh
36,0,7113,"[588, 496, 6, 6]",7,5570,7113.png,626,1622,29,Hiệu lệnh
1890,0,7129,"[365, 462, 45, 42]",7,5592,7129.png,626,1622,29,Hiệu lệnh
49,0,7232,"[694, 104, 7, 7]",7,5669,7232.png,626,1622,22,Hiệu lệnh
40,0,7238,"[277, 406, 8, 5]",7,5675,7238.png,626,1622,28,Hiệu lệnh
64,0,7254,"[560, 339, 8, 8]",7,5679,7254.png,626,1622,49,Hiệu lệnh
42,0,7273,"[692, 337, 7, 6]",7,5686,7273.png,626,1622,47,Hiệu lệnh
25,0,7286,"[563, 303, 5, 5]",7,5695,7286.png,626,1622,47,Hiệu lệnh
72,0,7311,"[463, 328, 9, 8]",7,5706,7311.png,626,1622,47,Hiệu lệnh
169,0,7323,"[605, 314, 13, 13]",7,5716,7323.png,626,1622,45,Hiệu lệnh
529,0,7345,"[922, 176, 23, 23]",7,5733,7345.png,626,1622,51,Hiệu lệnh
546,0,7350,"[134, 107, 26, 21]",7,5742,7350.png,626,1622,49,Hiệu lệnh
154,0,7351,"[1224, 175, 14, 11]",7,5743,7351.png,626,1622,31,Hiệu lệnh
16,0,7364,"[706, 274, 4, 4]",7,5760,7364.png,626,1622,28,Hiệu lệnh
828,0,7369,"[692, 110, 23, 36]",7,5762,7369.png,626,1622,31,Hiệu lệnh
1088,0,7372,"[1065, 318, 32, 34]",7,5765,7372.png,626,1622,24,Hiệu lệnh
400,0,7409,"[560, 188, 20, 20]",7,5788,7409.png,626,1622,47,Hiệu lệnh
36,0,7418,"[706, 520, 6, 6]",7,5797,7418.png,626,1622,29,Hiệu lệnh
182,0,7420,"[473, 269, 14, 13]",7,5799,7420.png,626,1622,28,Hiệu lệnh
992,0,7424,"[487, 313, 32, 31]",7,5802,7424.png,626,1622,45,Hiệu lệnh
2538,0,7428,"[326, 206, 54, 47]",7,5815,7428.png,626,1622,28,Hiệu lệnh
480,0,7448,"[182, 183, 24, 20]",7,5830,7448.png,626,1622,47,Hiệu lệnh
8722,0,7452,"[0, 300, 98, 89]",7,5838,7452.png,626,1622,28,Hiệu lệnh
483,0,7453,"[604, 233, 23, 21]",7,5840,7453.png,626,1622,45,Hiệu lệnh
36,0,7454,"[691, 202, 6, 6]",7,5843,7454.png,626,1622,47,Hiệu lệnh
858,0,7460,"[165, 163, 33, 26]",7,5845,7460.png,626,1622,47,Hiệu lệnh
144,0,7472,"[519, 264, 12, 12]",7,5856,7472.png,626,1622,47,Hiệu lệnh
300,0,7475,"[200, 325, 20, 15]",7,5864,7475.png,626,1622,45,Hiệu lệnh
600,0,7477,"[679, 339, 24, 25]",7,5868,7477.png,626,1622,22,Hiệu lệnh
49,0,7477,"[550, 343, 7, 7]",7,5872,7477.png,626,1622,22,Hiệu lệnh
64,0,7486,"[902, 112, 8, 8]",7,5878,7486.png,626,1622,28,Hiệu lệnh
108,0,7524,"[1337, 75, 12, 9]",7,5893,7524.png,626,1622,28,Hiệu lệnh
110,0,7526,"[640, 325, 11, 10]",7,5895,7526.png,626,1622,47,Hiệu lệnh
132,0,7532,"[637, 303, 12, 11]",7,5900,7532.png,626,1622,45,Hiệu lệnh
63,0,7539,"[900, 101, 9, 7]",7,5903,7539.png,626,1622,28,Hiệu lệnh
16,0,7551,"[541, 412, 4, 4]",7,5910,7551.png,626,1622,28,Hiệu lệnh
72,0,7567,"[723, 384, 9, 8]",7,5920,7567.png,626,1622,28,Hiệu lệnh
9,0,7571,"[602, 498, 3, 3]",7,5925,7571.png,626,1622,29,Hiệu lệnh
3976,0,7572,"[231, 181, 71, 56]",7,5927,7572.png,626,1622,45,Hiệu lệnh
520,0,7587,"[284, 396, 26, 20]",7,5945,7587.png,626,1622,22,Hiệu lệnh
64,0,7590,"[731, 388, 8, 8]",7,5950,7590.png,626,1622,28,Hiệu lệnh
208,0,7592,"[470, 244, 16, 13]",7,5954,7592.png,626,1622,28,Hiệu lệnh
42,0,7600,"[716, 279, 7, 6]",7,5965,7600.png,626,1622,28,Hiệu lệnh
110,0,7606,"[693, 504, 10, 11]",7,5969,7606.png,626,1622,19,Hiệu lệnh
135,0,7611,"[735, 282, 9, 15]",7,5971,7611.png,626,1622,37,Hiệu lệnh
210,0,7613,"[467, 170, 15, 14]",7,5978,7613.png,626,1622,47,Hiệu lệnh
380,0,7614,"[702, 244, 20, 19]",7,5979,7614.png,626,1622,47,Hiệu lệnh
224,0,7632,"[709, 94, 14, 16]",7,5993,7632.png,626,1622,28,Hiệu lệnh
225,0,7641,"[845, 286, 15, 15]",7,5999,7641.png,626,1622,19,Hiệu lệnh
24,0,7664,"[702, 258, 6, 4]",7,6018,7664.png,626,1622,28,Hiệu lệnh
1980,0,7667,"[329, 306, 45, 44]",7,6021,7667.png,626,1622,34,Hiệu lệnh
100,0,7695,"[561, 192, 10, 10]",7,6037,7695.png,626,1622,47,Hiệu lệnh
99,0,7705,"[487, 261, 11, 9]",7,6043,7705.png,626,1622,28,Hiệu lệnh
72,0,7709,"[506, 285, 9, 8]",7,6046,7709.png,626,1622,28,Hiệu lệnh
900,0,7728,"[766, 240, 30, 30]",7,6066,7728.png,626,1622,47,Hiệu lệnh
360,0,7743,"[654, 337, 20, 18]",7,6074,7743.png,626,1622,22,Hiệu lệnh
16,0,7744,"[522, 271, 4, 4]",7,6080,7744.png,626,1622,28,Hiệu lệnh
210,0,7747,"[734, 225, 15, 14]",7,6082,7747.png,626,1622,45,Hiệu lệnh
132,0,7778,"[652, 511, 11, 12]",7,6096,7778.png,626,1622,29,Hiệu lệnh
1927,0,7790,"[442, 218, 47, 41]",7,6105,7790.png,626,1622,45,Hiệu lệnh
110,0,7801,"[539, 227, 10, 11]",7,6114,7801.png,626,1622,47,Hiệu lệnh
110,0,7802,"[656, 333, 10, 11]",7,6116,7802.png,626,1622,36,Hiệu lệnh
696,0,7803,"[1212, 68, 29, 24]",7,6118,7803.png,626,1622,28,Hiệu lệnh
24,0,7803,"[1368, 92, 6, 4]",7,6120,7803.png,626,1622,28,Hiệu lệnh
49,0,7835,"[649, 205, 7, 7]",7,6144,7835.png,626,1622,36,Hiệu lệnh
110,0,7842,"[595, 194, 10, 11]",7,6153,7842.png,626,1622,47,Hiệu lệnh
64,0,7866,"[751, 272, 8, 8]",7,6162,7866.png,626,1622,36,Hiệu lệnh
63,0,7892,"[259, 412, 9, 7]",7,6184,7892.png,626,1622,28,Hiệu lệnh
36,0,7900,"[510, 275, 6, 6]",7,6193,7900.png,626,1622,28,Hiệu lệnh
182,0,7902,"[559, 370, 14, 13]",7,6195,7902.png,626,1622,29,Hiệu lệnh
3770,0,7931,"[398, 182, 65, 58]",7,6208,7931.png,626,1622,28,Hiệu lệnh
2832,0,7983,"[277, 319, 59, 48]",7,6243,7983.png,626,1622,28,Hiệu lệnh
9,0,7985,"[932, 135, 3, 3]",7,6247,7985.png,626,1622,28,Hiệu lệnh
72,0,7994,"[490, 256, 9, 8]",7,6255,7994.png,626,1622,28,Hiệu lệnh
30,0,8039,"[563, 367, 6, 5]",7,6272,8039.png,626,1622,22,Hiệu lệnh
132,0,8053,"[677, 274, 12, 11]",7,6280,8053.png,626,1622,28,Hiệu lệnh
15272,0,8088,"[890, 335, 184, 83]",7,6297,8088.png,626,1622,33,Hiệu lệnh
72,0,8102,"[451, 316, 9, 8]",7,6304,8102.png,626,1622,47,Hiệu lệnh
1184,0,8117,"[379, 212, 37, 32]",7,6312,8117.png,626,1622,28,Hiệu lệnh
26600,0,8122,"[1309, 0, 152, 175]",7,6317,8122.png,626,1622,36,Hiệu lệnh
650,0,8136,"[607, 360, 26, 25]",7,6331,8136.png,626,1622,28,Hiệu lệnh
12,0,8155,"[931, 98, 4, 3]",7,6345,8155.png,626,1622,28,Hiệu lệnh
11918,0,8164,"[41, 119, 118, 101]",7,6351,8164.png,626,1622,28,Hiệu lệnh
48,0,8183,"[1347, 122, 8, 6]",7,6365,8183.png,626,1622,28,Hiệu lệnh
660,0,8184,"[12, 260, 30, 22]",7,6367,8184.png,626,1622,34,Hiệu lệnh
306,0,8184,"[1104, 286, 18, 17]",7,6369,8184.png,626,1622,34,Hiệu lệnh
72,0,8204,"[489, 291, 9, 8]",7,6402,8204.png,626,1622,28,Hiệu lệnh
360,0,8223,"[566, 343, 20, 18]",7,6412,8223.png,626,1622,45,Hiệu lệnh
210,0,8231,"[474, 87, 15, 14]",7,6415,8231.png,626,1622,22,Hiệu lệnh
30,0,8256,"[501, 323, 6, 5]",7,6433,8256.png,626,1622,47,Hiệu lệnh
1170,0,8259,"[241, 373, 39, 30]",7,6438,8259.png,626,1622,13,Hiệu lệnh
110,0,8261,"[512, 190, 11, 10]",7,6441,8261.png,626,1622,47,Hiệu lệnh
204,0,8264,"[196, 402, 17, 12]",7,6444,8264.png,626,1622,28,Hiệu lệnh
169,0,8292,"[807, 384, 13, 13]",7,6456,8292.png,626,1622,28,Hiệu lệnh
64,0,8309,"[896, 121, 8, 8]",7,6463,8309.png,626,1622,28,Hiệu lệnh
1900,0,8310,"[897, 284, 38, 50]",7,6464,8310.png,626,1622,36,Hiệu lệnh
1140,0,8375,"[99, 230, 38, 30]",7,6495,8375.png,626,1622,47,Hiệu lệnh
240,0,8419,"[642, 264, 16, 15]",7,6511,8419.png,626,1622,28,Hiệu lệnh
2622,0,8427,"[211, 374, 57, 46]",7,6513,8427.png,626,1622,28,Hiệu lệnh
49,0,8433,"[496, 412, 7, 7]",7,6519,8433.png,626,1622,47,Hiệu lệnh
306,0,8437,"[664, 255, 18, 17]",7,6521,8437.png,626,1622,28,Hiệu lệnh
336,0,8440,"[242, 275, 21, 16]",7,6523,8440.png,626,1622,28,Hiệu lệnh
238,0,8448,"[774, 504, 14, 17]",7,6526,8448.png,626,1622,29,Hiệu lệnh
812,0,8452,"[850, 301, 28, 29]",7,6527,8452.png,626,1622,53,Hiệu lệnh
484,0,8457,"[886, 0, 22, 22]",7,6531,8457.png,626,1622,36,Hiệu lệnh
110,0,8460,"[622, 401, 11, 10]",7,6536,8460.png,626,1622,28,Hiệu lệnh
132,0,8473,"[400, 316, 12, 11]",7,6543,8473.png,626,1622,47,Hiệu lệnh
169,0,8498,"[600, 316, 13, 13]",7,6554,8498.png,626,1622,49,Hiệu lệnh
132,0,8502,"[537, 289, 11, 12]",7,6561,8502.png,626,1622,13,Hiệu lệnh
704,0,8507,"[1222, 110, 32, 22]",7,6567,8507.png,626,1622,28,Hiệu lệnh
110,0,8520,"[666, 262, 11, 10]",7,6578,8520.png,626,1622,33,Hiệu lệnh
576,0,8551,"[528, 180, 24, 24]",7,6599,8551.png,626,1622,47,Hiệu lệnh
650,0,8551,"[527, 180, 26, 25]",7,9979,8551.png,626,1622,47,Hiệu lệnh
304,0,8557,"[379, 182, 19, 16]",7,6603,8557.png,626,1622,47,Hiệu lệnh
304,0,8557,"[379, 182, 19, 16]",7,7055,8557.png,626,1622,47,Hiệu lệnh
323,0,8557,"[379, 181, 19, 17]",7,7806,8557.png,626,1622,47,Hiệu lệnh
360,0,8563,"[210, 101, 24, 15]",7,6606,8563.png,626,1622,49,Hiệu lệnh
9,0,8574,"[581, 370, 3, 3]",7,8790,8574.png,626,1622,22,Hiệu lệnh
304,0,8600,"[394, 235, 19, 16]",7,6622,8600.png,626,1622,5,Hiệu lệnh
357,0,8600,"[393, 234, 21, 17]",7,8215,8600.png,626,1622,5,Hiệu lệnh
72,0,8616,"[702, 275, 9, 8]",7,6628,8616.png,626,1622,28,Hiệu lệnh
81,0,8616,"[702, 275, 9, 9]",7,10541,8616.png,626,1622,28,Hiệu lệnh
30,0,8617,"[685, 262, 6, 5]",7,6630,8617.png,626,1622,28,Hiệu lệnh
120,0,8618,"[470, 251, 12, 10]",7,6632,8618.png,626,1622,28,Hiệu lệnh
120,0,8618,"[471, 251, 12, 10]",7,7087,8618.png,626,1622,28,Hiệu lệnh
120,0,8618,"[470, 251, 12, 10]",7,8251,8618.png,626,1622,28,Hiệu lệnh
121,0,8630,"[691, 245, 11, 11]",7,6638,8630.png,626,1622,45,Hiệu lệnh
100,0,8630,"[692, 245, 10, 10]",7,8144,8630.png,626,1622,45,Hiệu lệnh
1190,0,8645,"[508, 360, 35, 34]",7,6654,8645.png,626,1622,28,Hiệu lệnh
1190,0,8645,"[508, 360, 35, 34]",7,7641,8645.png,626,1622,28,Hiệu lệnh
1188,0,8645,"[507, 360, 36, 33]",7,8489,8645.png,626,1622,28,Hiệu lệnh
1190,0,8645,"[508, 360, 35, 34]",7,8618,8645.png,626,1622,28,Hiệu lệnh
99,0,8658,"[439, 195, 11, 9]",7,6659,8658.png,626,1622,47,Hiệu lệnh
100,0,8658,"[439, 194, 10, 10]",7,8920,8658.png,626,1622,47,Hiệu lệnh
90,0,8658,"[439, 195, 10, 9]",7,9674,8658.png,626,1622,47,Hiệu lệnh
56,0,8671,"[700, 292, 8, 7]",7,6663,8671.png,626,1622,28,Hiệu lệnh
49,0,8671,"[700, 292, 7, 7]",7,8986,8671.png,626,1622,28,Hiệu lệnh
750,0,8679,"[240, 186, 30, 25]",7,6667,8679.png,626,1622,47,Hiệu lệnh
754,0,8679,"[240, 185, 29, 26]",7,7683,8679.png,626,1622,47,Hiệu lệnh
754,0,8679,"[240, 185, 29, 26]",7,9122,8679.png,626,1622,47,Hiệu lệnh
156,0,8683,"[873, 147, 13, 12]",7,6673,8683.png,626,1622,28,Hiệu lệnh
156,0,8683,"[873, 146, 12, 13]",7,10218,8683.png,626,1622,28,Hiệu lệnh
132,0,8695,"[608, 367, 12, 11]",7,6682,8695.png,626,1622,28,Hiệu lệnh
132,0,8695,"[608, 367, 12, 11]",7,8829,8695.png,626,1622,28,Hiệu lệnh
12,0,8721,"[929, 130, 4, 3]",7,6696,8721.png,626,1622,28,Hiệu lệnh
16,0,8721,"[929, 130, 4, 4]",7,8284,8721.png,626,1622,28,Hiệu lệnh
575,0,8742,"[539, 329, 25, 23]",7,6707,8742.png,626,1622,28,Hiệu lệnh
575,0,8742,"[540, 328, 25, 23]",7,10531,8742.png,626,1622,28,Hiệu lệnh
6660,0,8780,"[186, 288, 90, 74]",7,6731,8780.png,626,1622,28,Hiệu lệnh
6570,0,8780,"[187, 288, 90, 73]",7,7462,8780.png,626,1622,28,Hiệu lệnh
72,0,8845,"[578, 494, 9, 8]",7,6764,8845.png,626,1622,29,Hiệu lệnh
64,0,8845,"[578, 495, 8, 8]",7,10576,8845.png,626,1622,29,Hiệu lệnh
986,0,8884,"[490, 276, 34, 29]",7,6781,8884.png,626,1622,45,Hiệu lệnh
256,0,8885,"[311, 351, 16, 16]",7,6783,8885.png,626,1622,53,Hiệu lệnh
144,0,8885,"[718, 349, 12, 12]",7,6785,8885.png,626,1622,53,Hiệu lệnh
361,0,8885,"[310, 349, 19, 19]",7,8927,8885.png,626,1622,53,Hiệu lệnh
156,0,8885,"[718, 349, 13, 12]",7,8929,8885.png,626,1622,53,Hiệu lệnh
240,0,8885,"[311, 351, 16, 15]",7,10251,8885.png,626,1622,53,Hiệu lệnh
132,0,8885,"[718, 349, 12, 11]",7,10252,8885.png,626,1622,53,Hiệu lệnh
132,0,8911,"[1013, 319, 12, 11]",7,6804,8911.png,626,1622,33,Hiệu lệnh
121,0,8911,"[1013, 320, 11, 11]",7,7761,8911.png,626,1622,33,Hiệu lệnh
143,0,8911,"[1012, 319, 13, 11]",7,8880,8911.png,626,1622,33,Hiệu lệnh
56,0,8917,"[642, 224, 7, 8]",7,6813,8917.png,626,1622,47,Hiệu lệnh
56,0,8917,"[569, 200, 8, 7]",7,6817,8917.png,626,1622,47,Hiệu lệnh
182,0,8970,"[637, 274, 14, 13]",7,6834,8970.png,626,1622,28,Hiệu lệnh
168,0,8970,"[637, 274, 14, 12]",7,8274,8970.png,626,1622,28,Hiệu lệnh
42,0,8975,"[377, 408, 7, 6]",7,6837,8975.png,626,1622,28,Hiệu lệnh
49,0,8975,"[376, 408, 7, 7]",7,7354,8975.png,626,1622,28,Hiệu lệnh
56,0,8975,"[376, 408, 8, 7]",7,10068,8975.png,626,1622,28,Hiệu lệnh
49,0,8975,"[376, 408, 7, 7]",7,10508,8975.png,626,1622,28,Hiệu lệnh
16,0,8979,"[613, 188, 4, 4]",7,6841,8979.png,626,1622,47,Hiệu lệnh
16,0,8979,"[613, 187, 4, 4]",7,7250,8979.png,626,1622,47,Hiệu lệnh
3600,0,8983,"[467, 167, 60, 60]",7,6843,8983.png,626,1622,28,Hiệu lệnh
3481,0,8983,"[468, 168, 59, 59]",7,7092,8983.png,626,1622,28,Hiệu lệnh
3540,0,8983,"[468, 166, 59, 60]",7,9276,8983.png,626,1622,28,Hiệu lệnh
1280,0,8996,"[240, 210, 40, 32]",7,6853,8996.png,626,1622,5,Hiệu lệnh
1376,0,8996,"[239, 209, 43, 32]",7,9065,8996.png,626,1622,5,Hiệu lệnh
1344,0,8996,"[239, 210, 42, 32]",7,10279,8996.png,626,1622,5,Hiệu lệnh
20,0,9004,"[920, 113, 5, 4]",7,6860,9004.png,626,1622,28,Hiệu lệnh
49,0,9023,"[571, 503, 7, 7]",7,6872,9023.png,626,1622,29,Hiệu lệnh
56,0,9023,"[570, 501, 8, 7]",7,8887,9023.png,626,1622,29,Hiệu lệnh
180,0,9078,"[653, 239, 15, 12]",7,6894,9078.png,626,1622,45,Hiệu lệnh
48,0,9085,"[610, 374, 8, 6]",7,6899,9085.png,626,1622,29,Hiệu lệnh
56,0,9085,"[610, 373, 8, 7]",7,9897,9085.png,626,1622,29,Hiệu lệnh
12,0,9088,"[526, 290, 4, 3]",7,6903,9088.png,626,1622,28,Hiệu lệnh
56,0,9107,"[495, 412, 8, 7]",7,6917,9107.png,626,1622,47,Hiệu lệnh
49,0,9107,"[496, 412, 7, 7]",7,8130,9107.png,626,1622,47,Hiệu lệnh
49,0,9107,"[496, 412, 7, 7]",7,8436,9107.png,626,1622,47,Hiệu lệnh
2162,0,9110,"[87, 253, 47, 46]",7,6919,9110.png,626,1622,47,Hiệu lệnh
132,0,9131,"[416, 282, 11, 12]",7,6942,9131.png,626,1622,19,Hiệu lệnh
132,0,9131,"[416, 282, 12, 11]",7,8042,9131.png,626,1622,19,Hiệu lệnh
110,0,9131,"[416, 282, 11, 10]",7,8775,9131.png,626,1622,19,Hiệu lệnh
42,0,9146,"[908, 115, 7, 6]",7,6953,9146.png,626,1622,28,Hiệu lệnh
36,0,9146,"[908, 114, 6, 6]",7,8394,9146.png,626,1622,28,Hiệu lệnh
195,0,9147,"[1324, 63, 15, 13]",7,6955,9147.png,626,1622,28,Hiệu lệnh
182,0,9147,"[1324, 63, 14, 13]",7,9266,9147.png,626,1622,28,Hiệu lệnh
156,0,9147,"[1324, 64, 13, 12]",7,9776,9147.png,626,1622,28,Hiệu lệnh
42,0,9202,"[667, 374, 7, 6]",7,6986,9202.png,626,1622,45,Hiệu lệnh
36,0,9202,"[668, 374, 6, 6]",7,9281,9202.png,626,1622,45,Hiệu lệnh
36,0,9202,"[668, 374, 6, 6]",7,10552,9202.png,626,1622,45,Hiệu lệnh
80,0,9251,"[677, 450, 10, 8]",7,7014,9251.png,626,1622,20,Hiệu lệnh
30,0,9296,"[687, 530, 6, 5]",7,7036,9296.png,626,1622,29,Hiệu lệnh
25,0,9296,"[687, 530, 5, 5]",7,8025,9296.png,626,1622,29,Hiệu lệnh
63,0,9299,"[647, 405, 9, 7]",7,7038,9299.png,626,1622,28,Hiệu lệnh
49,0,9299,"[648, 406, 7, 7]",7,7872,9299.png,626,1622,28,Hiệu lệnh
63,0,9299,"[647, 404, 9, 7]",7,8910,9299.png,626,1622,28,Hiệu lệnh
49,0,9299,"[648, 404, 7, 7]",7,9485,9299.png,626,1622,28,Hiệu lệnh
49,0,9300,"[731, 389, 7, 7]",7,7041,9300.png,626,1622,28,Hiệu lệnh
64,0,9300,"[731, 388, 8, 8]",7,8508,9300.png,626,1622,28,Hiệu lệnh
64,0,9300,"[731, 388, 8, 8]",7,10308,9300.png,626,1622,28,Hiệu lệnh
25,0,9303,"[627, 388, 5, 5]",7,7045,9303.png,626,1622,28,Hiệu lệnh
16,0,9303,"[627, 388, 4, 4]",7,7374,9303.png,626,1622,28,Hiệu lệnh
20,0,9303,"[627, 388, 5, 4]",7,9742,9303.png,626,1622,28,Hiệu lệnh
20,0,9303,"[627, 388, 5, 4]",7,9925,9303.png,626,1622,28,Hiệu lệnh
4410,0,9307,"[1007, 114, 63, 70]",7,7050,9307.png,626,1622,28,Hiệu lệnh
468,0,9307,"[148, 394, 26, 18]",7,7051,9307.png,626,1622,28,Hiệu lệnh
812,0,9311,"[461, 296, 29, 28]",7,7060,9311.png,626,1622,45,Hiệu lệnh
812,0,9311,"[461, 296, 29, 28]",7,9764,9311.png,626,1622,45,Hiệu lệnh
110,0,9323,"[486, 473, 11, 10]",7,7065,9323.png,626,1622,47,Hiệu lệnh
132,0,9323,"[485, 472, 12, 11]",7,7359,9323.png,626,1622,47,Hiệu lệnh
2350,0,9332,"[71, 396, 47, 50]",7,7068,9332.png,626,1622,28,Hiệu lệnh
2499,0,9332,"[68, 395, 51, 49]",7,10054,9332.png,626,1622,28,Hiệu lệnh
64,0,9338,"[813, 298, 8, 8]",7,7077,9338.png,626,1622,45,Hiệu lệnh
56,0,9338,"[813, 297, 7, 8]",7,10591,9338.png,626,1622,45,Hiệu lệnh
6,0,9351,"[931, 136, 3, 2]",7,7084,9351.png,626,1622,28,Hiệu lệnh
4221,0,9376,"[401, 181, 67, 63]",7,7098,9376.png,626,1622,28,Hiệu lệnh
4615,0,9376,"[398, 180, 71, 65]",7,7969,9376.png,626,1622,28,Hiệu lệnh
4284,0,9376,"[400, 181, 68, 63]",7,10446,9376.png,626,1622,28,Hiệu lệnh
2070,0,9391,"[220, 471, 45, 46]",7,7108,9391.png,626,1622,36,Hiệu lệnh
2021,0,9391,"[219, 469, 43, 47]",7,9733,9391.png,626,1622,36,Hiệu lệnh
110,0,9410,"[642, 202, 10, 11]",7,7132,9410.png,626,1622,47,Hiệu lệnh
156,0,9410,"[640, 201, 13, 12]",7,8903,9410.png,626,1622,47,Hiệu lệnh
110,0,9410,"[642, 202, 10, 11]",7,9620,9410.png,626,1622,47,Hiệu lệnh
306,0,9416,"[393, 178, 18, 17]",7,7136,9416.png,626,1622,47,Hiệu lệnh
361,0,9416,"[392, 178, 19, 19]",7,8269,9416.png,626,1622,47,Hiệu lệnh
30,0,9418,"[913, 125, 6, 5]",7,7139,9418.png,626,1622,28,Hiệu lệnh
30,0,9418,"[912, 125, 6, 5]",7,9956,9418.png,626,1622,28,Hiệu lệnh
196,0,9448,"[639, 278, 14, 14]",7,7166,9448.png,626,1622,45,Hiệu lệnh
196,0,9448,"[638, 279, 14, 14]",7,7755,9448.png,626,1622,45,Hiệu lệnh
196,0,9448,"[639, 279, 14, 14]",7,8193,9448.png,626,1622,45,Hiệu lệnh
169,0,9448,"[639, 280, 13, 13]",7,10596,9448.png,626,1622,45,Hiệu lệnh
180,0,9466,"[1309, 92, 15, 12]",7,7177,9466.png,626,1622,28,Hiệu lệnh
30,0,9467,"[822, 394, 6, 5]",7,7179,9467.png,626,1622,28,Hiệu lệnh
30,0,9467,"[822, 395, 6, 5]",7,7689,9467.png,626,1622,28,Hiệu lệnh
36,0,9467,"[822, 394, 6, 6]",7,8885,9467.png,626,1622,28,Hiệu lệnh
64,0,9478,"[731, 388, 8, 8]",7,7184,9478.png,626,1622,28,Hiệu lệnh
36,0,9488,"[680, 205, 6, 6]",7,7191,9488.png,626,1622,47,Hiệu lệnh
25,0,9488,"[680, 205, 5, 5]",7,9234,9488.png,626,1622,47,Hiệu lệnh
30,0,9495,"[507, 267, 6, 5]",7,7194,9495.png,626,1622,28,Hiệu lệnh
9,0,9500,"[710, 271, 3, 3]",7,7199,9500.png,626,1622,28,Hiệu lệnh
132,0,9537,"[453, 188, 12, 11]",7,7222,9537.png,626,1622,47,Hiệu lệnh
208,0,9551,"[931, 247, 13, 16]",7,7228,9551.png,626,1622,7,Hiệu lệnh
225,0,9551,"[930, 248, 15, 15]",7,8229,9551.png,626,1622,7,Hiệu lệnh
208,0,9551,"[931, 247, 13, 16]",7,10088,9551.png,626,1622,7,Hiệu lệnh
8610,0,9576,"[151, 270, 105, 82]",7,7257,9576.png,626,1622,28,Hiệu lệnh
8772,0,9576,"[153, 263, 102, 86]",7,8241,9576.png,626,1622,28,Hiệu lệnh
168,0,9604,"[461, 127, 14, 12]",7,7275,9604.png,626,1622,22,Hiệu lệnh
110,0,9640,"[1011, 409, 11, 10]",7,7309,9640.png,626,1622,5,Hiệu lệnh
132,0,9640,"[1010, 408, 12, 11]",7,7453,9640.png,626,1622,5,Hiệu lệnh
121,0,9640,"[1011, 409, 11, 11]",7,8462,9640.png,626,1622,5,Hiệu lệnh
625,0,9645,"[754, 358, 25, 25]",7,7314,9645.png,626,1622,28,Hiệu lệnh
650,0,9645,"[754, 358, 25, 26]",7,8804,9645.png,626,1622,28,Hiệu lệnh
625,0,9645,"[755, 358, 25, 25]",7,9200,9645.png,626,1622,28,Hiệu lệnh
30,0,9696,"[560, 342, 6, 5]",7,7341,9696.png,626,1622,22,Hiệu lệnh
132,0,9696,"[661, 347, 11, 12]",7,7342,9696.png,626,1622,22,Hiệu lệnh
25,0,9696,"[560, 342, 5, 5]",7,7673,9696.png,626,1622,22,Hiệu lệnh
121,0,9696,"[661, 348, 11, 11]",7,7674,9696.png,626,1622,22,Hiệu lệnh
144,0,9696,"[660, 347, 12, 12]",7,8108,9696.png,626,1622,22,Hiệu lệnh
25,0,9696,"[560, 342, 5, 5]",7,8111,9696.png,626,1622,22,Hiệu lệnh
90,0,9727,"[477, 264, 10, 9]",7,7361,9727.png,626,1622,28,Hiệu lệnh
90,0,9727,"[477, 264, 10, 9]",7,9812,9727.png,626,1622,28,Hiệu lệnh
110,0,9727,"[477, 263, 11, 10]",7,9981,9727.png,626,1622,28,Hiệu lệnh
1216,0,9734,"[401, 345, 38, 32]",7,7367,9734.png,626,1622,29,Hiệu lệnh
1326,0,9734,"[401, 344, 39, 34]",7,7418,9734.png,626,1622,29,Hiệu lệnh
1360,0,9734,"[399, 344, 40, 34]",7,8188,9734.png,626,1622,29,Hiệu lệnh
1548,0,9734,"[398, 343, 43, 36]",7,10205,9734.png,626,1622,29,Hiệu lệnh
650,0,9739,"[379, 214, 26, 25]",7,8821,9739.png,626,1622,36,Hiệu lệnh
36,0,9786,"[795, 285, 6, 6]",7,7400,9786.png,626,1622,47,Hiệu lệnh
460,0,9793,"[1256, 94, 23, 20]",7,7405,9793.png,626,1622,28,Hiệu lệnh
414,0,9793,"[1256, 94, 23, 18]",7,7767,9793.png,626,1622,28,Hiệu lệnh
414,0,9793,"[1256, 94, 23, 18]",7,8483,9793.png,626,1622,28,Hiệu lệnh
374,0,9793,"[1257, 95, 22, 17]",7,9701,9793.png,626,1622,28,Hiệu lệnh
650,0,9807,"[881, 203, 26, 25]",7,7414,9807.png,626,1622,45,Hiệu lệnh
650,0,9807,"[881, 204, 26, 25]",7,8321,9807.png,626,1622,45,Hiệu lệnh
552,0,9807,"[883, 205, 23, 24]",7,9977,9807.png,626,1622,45,Hiệu lệnh
440,0,9814,"[753, 424, 22, 20]",7,7421,9814.png,626,1622,29,Hiệu lệnh
418,0,9825,"[415, 285, 22, 19]",7,7426,9825.png,626,1622,28,Hiệu lệnh
462,0,9825,"[415, 284, 22, 21]",7,8990,9825.png,626,1622,28,Hiệu lệnh
120,0,9845,"[784, 431, 12, 10]",7,7439,9845.png,626,1622,29,Hiệu lệnh
380,0,9856,"[670, 267, 20, 19]",7,7443,9856.png,626,1622,28,Hiệu lệnh
25,0,9857,"[715, 416, 5, 5]",7,7445,9857.png,626,1622,28,Hiệu lệnh
320,0,9878,"[304, 295, 20, 16]",7,7468,9878.png,626,1622,47,Hiệu lệnh
320,0,9878,"[304, 295, 20, 16]",7,8028,9878.png,626,1622,47,Hiệu lệnh
320,0,9878,"[304, 294, 20, 16]",7,9106,9878.png,626,1622,47,Hiệu lệnh
110,0,9889,"[874, 112, 10, 11]",7,7475,9889.png,626,1622,28,Hiệu lệnh
110,0,9889,"[874, 112, 11, 10]",7,7685,9889.png,626,1622,28,Hiệu lệnh
1023,0,9935,"[613, 262, 33, 31]",7,7503,9935.png,626,1622,45,Hiệu lệnh
928,0,9935,"[613, 264, 32, 29]",7,9256,9935.png,626,1622,45,Hiệu lệnh
900,0,9935,"[614, 264, 30, 30]",7,9346,9935.png,626,1622,45,Hiệu lệnh
1085,0,9935,"[612, 263, 35, 31]",7,10194,9935.png,626,1622,45,Hiệu lệnh
441,0,9969,"[562, 379, 21, 21]",7,7529,9969.png,626,1622,28,Hiệu lệnh
462,0,9969,"[561, 379, 22, 21]",7,7966,9969.png,626,1622,28,Hiệu lệnh
462,0,9969,"[561, 380, 22, 21]",7,9273,9969.png,626,1622,28,Hiệu lệnh
420,0,9977,"[577, 262, 21, 20]",7,7537,9977.png,626,1622,28,Hiệu lệnh
441,0,9977,"[578, 262, 21, 21]",7,9178,9977.png,626,1622,28,Hiệu lệnh
484,0,9977,"[577, 261, 22, 22]",7,10137,9977.png,626,1622,28,Hiệu lệnh
504,0,9986,"[389, 347, 24, 21]",7,7545,9986.png,626,1622,22,Hiệu lệnh
928,0,9987,"[1189, 87, 32, 29]",7,7555,9987.png,626,1622,28,Hiệu lệnh
832,0,9987,"[1189, 88, 32, 26]",7,7995,9987.png,626,1622,28,Hiệu lệnh
891,0,9987,"[1188, 88, 33, 27]",7,9561,9987.png,626,1622,28,Hiệu lệnh
16,0,10011,"[543, 414, 4, 4]",7,7577,10011.png,626,1622,28,Hiệu lệnh
49,0,10016,"[678, 404, 7, 7]",7,7582,10016.png,626,1622,28,Hiệu lệnh
99,0,10027,"[353, 172, 11, 9]",7,7588,10027.png,626,1622,47,Hiệu lệnh
99,0,10027,"[354, 172, 11, 9]",7,10171,10027.png,626,1622,47,Hiệu lệnh
30,0,10028,"[493, 249, 6, 5]",7,7590,10028.png,626,1622,47,Hiệu lệnh
272,0,10032,"[737, 281, 17, 16]",7,7595,10032.png,626,1622,45,Hiệu lệnh
272,0,10032,"[737, 281, 17, 16]",7,8866,10032.png,626,1622,45,Hiệu lệnh
210,0,10032,"[739, 283, 15, 14]",7,9944,10032.png,626,1622,45,Hiệu lệnh
1330,0,10040,"[696, 182, 35, 38]",7,9314,10040.png,626,1622,18,Hiệu lệnh
20,0,10042,"[765, 385, 5, 4]",7,7607,10042.png,626,1622,28,Hiệu lệnh
100,0,10049,"[699, 408, 10, 10]",7,7614,10049.png,626,1622,28,Hiệu lệnh
81,0,10049,"[699, 409, 9, 9]",7,7778,10049.png,626,1622,28,Hiệu lệnh
81,0,10049,"[699, 409, 9, 9]",7,9191,10049.png,626,1622,28,Hiệu lệnh
144,0,10061,"[1094, 334, 12, 12]",7,7625,10061.png,626,1622,36,Hiệu lệnh
180,0,10063,"[415, 262, 15, 12]",7,7630,10063.png,626,1622,47,Hiệu lệnh
132,0,10063,"[416, 263, 12, 11]",7,10290,10063.png,626,1622,47,Hiệu lệnh
56,0,10073,"[471, 429, 8, 7]",7,7643,10073.png,626,1622,28,Hiệu lệnh
56,0,10073,"[472, 430, 8, 7]",7,9523,10073.png,626,1622,28,Hiệu lệnh
735,0,10084,"[1545, 124, 35, 21]",7,7653,10084.png,626,1622,28,Hiệu lệnh
759,0,10084,"[1544, 124, 33, 23]",7,8538,10084.png,626,1622,28,Hiệu lệnh
825,0,10084,"[1545, 121, 33, 25]",7,9451,10084.png,626,1622,28,Hiệu lệnh
792,0,10084,"[1545, 123, 33, 24]",7,10409,10084.png,626,1622,28,Hiệu lệnh
42,0,10085,"[691, 251, 7, 6]",7,7655,10085.png,626,1622,28,Hiệu lệnh
81,0,10104,"[1031, 302, 9, 9]",7,7677,10104.png,626,1622,22,Hiệu lệnh
72,0,10104,"[1031, 301, 9, 8]",7,8261,10104.png,626,1622,22,Hiệu lệnh
90,0,10104,"[1030, 301, 9, 10]",7,10364,10104.png,626,1622,22,Hiệu lệnh
20,0,10168,"[723, 287, 5, 4]",7,7749,10168.png,626,1622,28,Hiệu lệnh
16,0,10168,"[724, 287, 4, 4]",7,9652,10168.png,626,1622,28,Hiệu lệnh
16,0,10168,"[724, 286, 4, 4]",7,10425,10168.png,626,1622,28,Hiệu lệnh
20,0,10187,"[756, 380, 4, 5]",7,7774,10187.png,626,1622,28,Hiệu lệnh
16,0,10187,"[756, 381, 4, 4]",7,9567,10187.png,626,1622,28,Hiệu lệnh
100,0,10191,"[660, 254, 10, 10]",7,7783,10191.png,626,1622,47,Hiệu lệnh
270,0,10199,"[1077, 210, 18, 15]",7,7791,10199.png,626,1622,36,Hiệu lệnh
20,0,10200,"[661, 494, 5, 4]",7,8341,10200.png,626,1622,19,Hiệu lệnh
255,0,10202,"[477, 246, 17, 15]",7,7795,10202.png,626,1622,47,Hiệu lệnh
25,0,10209,"[672, 379, 5, 5]",7,7802,10209.png,626,1622,28,Hiệu lệnh
20,0,10209,"[673, 380, 4, 5]",7,7976,10209.png,626,1622,28,Hiệu lệnh
25,0,10209,"[673, 380, 5, 5]",7,8857,10209.png,626,1622,28,Hiệu lệnh
25,0,10209,"[673, 379, 5, 5]",7,9096,10209.png,626,1622,28,Hiệu lệnh
30,0,10209,"[672, 379, 5, 6]",7,9574,10209.png,626,1622,28,Hiệu lệnh
4814,0,10245,"[106, 226, 83, 58]",7,7835,10245.png,626,1622,28,Hiệu lệnh
4180,0,10245,"[112, 227, 76, 55]",7,9665,10245.png,626,1622,28,Hiệu lệnh
4050,0,10245,"[112, 227, 75, 54]",7,10126,10245.png,626,1622,28,Hiệu lệnh
25,0,10266,"[473, 174, 5, 5]",7,7855,10266.png,626,1622,47,Hiệu lệnh
100,0,10273,"[438, 438, 10, 10]",7,7860,10273.png,626,1622,19,Hiệu lệnh
110,0,10273,"[438, 437, 10, 11]",7,9591,10273.png,626,1622,19,Hiệu lệnh
1716,0,10274,"[392, 227, 39, 44]",7,7864,10274.png,626,1622,37,Hiệu lệnh
1755,0,10274,"[393, 227, 39, 45]",7,10198,10274.png,626,1622,37,Hiệu lệnh
324,0,10321,"[558, 368, 18, 18]",7,7914,10321.png,626,1622,24,Hiệu lệnh
156,0,10340,"[438, 241, 13, 12]",7,7926,10340.png,626,1622,5,Hiệu lệnh
224,0,10341,"[378, 269, 16, 14]",7,7928,10341.png,626,1622,47,Hiệu lệnh
240,0,10341,"[378, 269, 16, 15]",7,8631,10341.png,626,1622,47,Hiệu lệnh
2500,0,10342,"[672, 332, 50, 50]",7,7929,10342.png,626,1622,22,Hiệu lệnh
49,0,10342,"[493, 344, 7, 7]",7,7932,10342.png,626,1622,22,Hiệu lệnh
2209,0,10342,"[674, 335, 47, 47]",7,7959,10342.png,626,1622,22,Hiệu lệnh
42,0,10342,"[492, 345, 7, 6]",7,7962,10342.png,626,1622,22,Hiệu lệnh
2600,0,10342,"[673, 331, 50, 52]",7,9399,10342.png,626,1622,22,Hiệu lệnh
42,0,10342,"[493, 344, 7, 6]",7,9401,10342.png,626,1622,22,Hiệu lệnh
120,0,10343,"[656, 262, 12, 10]",7,7935,10343.png,626,1622,28,Hiệu lệnh
1776,0,10360,"[154, 1, 74, 24]",7,7945,10360.png,626,1622,22,Hiệu lệnh
300,0,10369,"[1266, 71, 20, 15]",7,7955,10369.png,626,1622,28,Hiệu lệnh
24,0,10369,"[1363, 84, 6, 4]",7,7957,10369.png,626,1622,28,Hiệu lệnh
304,0,10369,"[1267, 71, 19, 16]",7,9229,10369.png,626,1622,28,Hiệu lệnh
702,0,10389,"[552, 223, 27, 26]",7,7987,10389.png,626,1622,28,Hiệu lệnh
702,0,10389,"[553, 223, 27, 26]",7,9660,10389.png,626,1622,28,Hiệu lệnh
1406,0,10394,"[188, 217, 38, 37]",7,7992,10394.png,626,1622,47,Hiệu lệnh
306,0,10409,"[272, 289, 18, 17]",7,8007,10409.png,626,1622,19,Hiệu lệnh
81,0,10441,"[429, 212, 9, 9]",7,8034,10441.png,626,1622,47,Hiệu lệnh
100,0,10441,"[429, 211, 10, 10]",7,8950,10441.png,626,1622,47,Hiệu lệnh
36,0,10446,"[467, 124, 6, 6]",7,8040,10446.png,626,1622,22,Hiệu lệnh
42,0,10446,"[466, 124, 6, 7]",7,8890,10446.png,626,1622,22,Hiệu lệnh
56,0,10460,"[602, 371, 7, 8]",7,8065,10460.png,626,1622,53,Hiệu lệnh
15252,0,10488,"[1410, 177, 123, 124]",7,8097,10488.png,626,1622,53,Hiệu lệnh
6,0,10504,"[777, 381, 3, 2]",7,8121,10504.png,626,1622,28,Hiệu lệnh
25,0,10511,"[529, 439, 5, 5]",7,8128,10511.png,626,1622,47,Hiệu lệnh
168,0,10522,"[389, 273, 14, 12]",7,8148,10522.png,626,1622,28,Hiệu lệnh
143,0,10522,"[389, 274, 13, 11]",7,10431,10522.png,626,1622,28,Hiệu lệnh
121,0,10530,"[646, 524, 11, 11]",7,8163,10530.png,626,1622,29,Hiệu lệnh
110,0,10530,"[646, 524, 11, 10]",7,9617,10530.png,626,1622,29,Hiệu lệnh
483,0,10581,"[790, 97, 21, 23]",7,8212,10581.png,626,1622,28,Hiệu lệnh
484,0,10581,"[790, 97, 22, 22]",7,10624,10581.png,626,1622,28,Hiệu lệnh
990,0,10594,"[243, 206, 33, 30]",7,8228,10594.png,626,1622,47,Hiệu lệnh
840,0,10594,"[245, 207, 30, 28]",7,9239,10594.png,626,1622,47,Hiệu lệnh
840,0,10594,"[245, 206, 30, 28]",7,9774,10594.png,626,1622,47,Hiệu lệnh
600,0,10603,"[499, 487, 25, 24]",7,8243,10603.png,626,1622,29,Hiệu lệnh
552,0,10603,"[499, 488, 24, 23]",7,8746,10603.png,626,1622,29,Hiệu lệnh
552,0,10603,"[499, 488, 24, 23]",7,9181,10603.png,626,1622,29,Hiệu lệnh
462,0,10614,"[816, 96, 22, 21]",7,8253,10614.png,626,1622,28,Hiệu lệnh
462,0,10614,"[816, 96, 21, 22]",7,9502,10614.png,626,1622,28,Hiệu lệnh
378,0,10617,"[408, 299, 21, 18]",7,8256,10617.png,626,1622,45,Hiệu lệnh
320,0,10626,"[430, 255, 20, 16]",7,8263,10626.png,626,1622,28,Hiệu lệnh
255,0,10626,"[432, 256, 17, 15]",7,9706,10626.png,626,1622,28,Hiệu lệnh
121,0,10629,"[661, 272, 11, 11]",7,8272,10629.png,626,1622,28,Hiệu lệnh
256,0,10635,"[518, 489, 16, 16]",7,8277,10635.png,626,1622,29,Hiệu lệnh
210,0,10635,"[520, 489, 14, 15]",7,9672,10635.png,626,1622,29,Hiệu lệnh
117,0,10650,"[255, 277, 13, 9]",7,8297,10650.png,626,1622,33,Hiệu lệnh
112,0,10650,"[254, 277, 14, 8]",7,8899,10650.png,626,1622,33,Hiệu lệnh
25,0,10653,"[743, 393, 5, 5]",7,8301,10653.png,626,1622,28,Hiệu lệnh
1258,0,10658,"[862, 183, 34, 37]",7,8310,10658.png,626,1622,45,Hiệu lệnh
1258,0,10658,"[863, 181, 34, 37]",7,9354,10658.png,626,1622,45,Hiệu lệnh
1054,0,10658,"[864, 183, 31, 34]",7,9941,10658.png,626,1622,45,Hiệu lệnh
256,0,10675,"[144, 480, 16, 16]",7,8328,10675.png,626,1622,19,Hiệu lệnh
195,0,10675,"[145, 479, 15, 13]",7,8915,10675.png,626,1622,19,Hiệu lệnh
575,0,10692,"[602, 251, 25, 23]",7,8343,10692.png,626,1622,28,Hiệu lệnh
72,0,10696,"[555, 249, 9, 8]",7,8349,10696.png,626,1622,47,Hiệu lệnh
72,0,10696,"[555, 249, 9, 8]",7,9647,10696.png,626,1622,47,Hiệu lệnh
132,0,10711,"[426, 416, 12, 11]",7,8364,10711.png,626,1622,28,Hiệu lệnh
36,0,10721,"[580, 261, 6, 6]",7,8377,10721.png,626,1622,34,Hiệu lệnh
42,0,10722,"[500, 252, 7, 6]",7,8382,10722.png,626,1622,28,Hiệu lệnh
42,0,10722,"[500, 253, 7, 6]",7,8658,10722.png,626,1622,28,Hiệu lệnh
49,0,10740,"[432, 172, 7, 7]",7,8408,10740.png,626,1622,47,Hiệu lệnh
42,0,10744,"[1336, 102, 7, 6]",7,8415,10744.png,626,1622,28,Hiệu lệnh
72,0,10744,"[1335, 102, 9, 8]",7,10428,10744.png,626,1622,28,Hiệu lệnh
100,0,10753,"[693, 281, 10, 10]",7,8428,10753.png,626,1622,28,Hiệu lệnh
81,0,10753,"[694, 282, 9, 9]",7,9262,10753.png,626,1622,28,Hiệu lệnh
90,0,10753,"[694, 281, 9, 10]",7,9471,10753.png,626,1622,28,Hiệu lệnh
63,0,10759,"[817, 396, 9, 7]",7,8442,10759.png,626,1622,28,Hiệu lệnh
64,0,10778,"[671, 200, 8, 8]",7,8459,10778.png,626,1622,47,Hiệu lệnh
56,0,10778,"[672, 201, 8, 7]",7,9278,10778.png,626,1622,47,Hiệu lệnh
64,0,10778,"[671, 201, 8, 8]",7,9747,10778.png,626,1622,47,Hiệu lệnh
156,0,10779,"[577, 374, 13, 12]",7,8461,10779.png,626,1622,29,Hiệu lệnh
144,0,10779,"[578, 374, 12, 12]",7,8686,10779.png,626,1622,29,Hiệu lệnh
680,0,10785,"[355, 322, 20, 34]",7,8467,10785.png,626,1622,18,Hiệu lệnh
324,0,10790,"[602, 322, 18, 18]",7,8472,10790.png,626,1622,53,Hiệu lệnh
272,0,10790,"[601, 322, 16, 17]",7,8654,10790.png,626,1622,53,Hiệu lệnh
289,0,10790,"[601, 321, 17, 17]",7,9387,10790.png,626,1622,53,Hiệu lệnh
25,0,10795,"[506, 286, 5, 5]",7,8480,10795.png,626,1622,28,Hiệu lệnh
204,0,10816,"[65, 366, 17, 12]",7,8516,10816.png,626,1622,19,Hiệu lệnh
12,0,10818,"[690, 197, 3, 4]",7,8521,10818.png,626,1622,47,Hiệu lệnh
56,0,10829,"[528, 312, 8, 7]",7,8530,10829.png,626,1622,47,Hiệu lệnh
36,0,10830,"[910, 124, 6, 6]",7,8534,10830.png,626,1622,28,Hiệu lệnh
36,0,10869,"[707, 279, 6, 6]",7,8569,10869.png,626,1622,28,Hiệu lệnh
961,0,10884,"[689, 272, 31, 31]",7,8587,10884.png,626,1622,45,Hiệu lệnh
357,0,10895,"[1256, 73, 21, 17]",7,8603,10895.png,626,1622,28,Hiệu lệnh
320,0,10895,"[1256, 74, 20, 16]",7,10444,10895.png,626,1622,28,Hiệu lệnh
696,0,10902,"[283, 410, 29, 24]",7,8615,10902.png,626,1622,28,Hiệu lệnh
775,0,10902,"[281, 409, 31, 25]",7,9391,10902.png,626,1622,28,Hiệu lệnh
864,0,10902,"[282, 409, 32, 27]",7,10213,10902.png,626,1622,28,Hiệu lệnh
256,0,10907,"[520, 495, 16, 16]",7,8621,10907.png,626,1622,29,Hiệu lệnh
72,0,10910,"[498, 219, 9, 8]",7,8627,10910.png,626,1622,28,Hiệu lệnh
72,0,10910,"[498, 218, 9, 8]",7,10484,10910.png,626,1622,28,Hiệu lệnh
400,0,10915,"[983, 195, 16, 25]",7,8633,10915.png,626,1622,5,Hiệu lệnh
110,0,10915,"[356, 256, 11, 10]",7,8635,10915.png,626,1622,5,Hiệu lệnh
3136,0,10966,"[886, 154, 56, 56]",7,8682,10966.png,626,1622,47,Hiệu lệnh
3363,0,10966,"[885, 151, 57, 59]",7,9847,10966.png,626,1622,47,Hiệu lệnh
256,0,10967,"[679, 220, 16, 16]",7,8683,10967.png,626,1622,47,Hiệu lệnh
256,0,10967,"[679, 219, 16, 16]",7,9185,10967.png,626,1622,47,Hiệu lệnh
180,0,10985,"[1312, 69, 15, 12]",7,8705,10985.png,626,1622,28,Hiệu lệnh
192,0,10985,"[1311, 69, 16, 12]",7,10335,10985.png,626,1622,28,Hiệu lệnh
121,0,11046,"[703, 381, 11, 11]",7,8784,11046.png,626,1622,28,Hiệu lệnh
121,0,11046,"[703, 380, 11, 11]",7,9753,11046.png,626,1622,28,Hiệu lệnh
156,0,11046,"[702, 380, 13, 12]",7,10510,11046.png,626,1622,28,Hiệu lệnh
270,0,11060,"[1280, 120, 18, 15]",7,8811,11060.png,626,1622,28,Hiệu lệnh
272,0,11073,"[455, 243, 17, 16]",7,8825,11073.png,626,1622,28,Hiệu lệnh
36,0,11077,"[550, 248, 6, 6]",7,8832,11077.png,626,1622,45,Hiệu lệnh
196,0,11108,"[895, 242, 14, 14]",7,8862,11108.png,626,1622,36,Hiệu lệnh
130,0,11131,"[1310, 130, 13, 10]",7,8893,11131.png,626,1622,28,Hiệu lệnh
77,0,11131,"[1311, 132, 11, 7]",7,9628,11131.png,626,1622,28,Hiệu lệnh
108,0,11131,"[1311, 130, 12, 9]",7,10085,11131.png,626,1622,28,Hiệu lệnh
3245,0,11161,"[767, 122, 59, 55]",7,8947,11161.png,626,1622,36,Hiệu lệnh
169,0,11174,"[574, 292, 13, 13]",7,8956,11174.png,626,1622,13,Hiệu lệnh
168,0,11174,"[574, 293, 14, 12]",7,9396,11174.png,626,1622,13,Hiệu lệnh
1254,0,11182,"[360, 358, 38, 33]",7,8982,11182.png,626,1622,28,Hiệu lệnh
49,0,11183,"[703, 282, 7, 7]",7,8984,11183.png,626,1622,28,Hiệu lệnh
25,0,11211,"[627, 388, 5, 5]",7,9021,11211.png,626,1622,28,Hiệu lệnh
30,0,11211,"[626, 388, 6, 5]",7,9129,11211.png,626,1622,28,Hiệu lệnh
30,0,11211,"[627, 388, 5, 6]",7,10499,11211.png,626,1622,28,Hiệu lệnh
144,0,11214,"[547, 470, 12, 12]",7,9027,11214.png,626,1622,29,Hiệu lệnh
132,0,11214,"[548, 469, 12, 11]",7,9723,11214.png,626,1622,29,Hiệu lệnh
156,0,11214,"[547, 469, 13, 12]",7,10634,11214.png,626,1622,29,Hiệu lệnh
462,0,11218,"[563, 378, 22, 21]",7,9034,11218.png,626,1622,28,Hiệu lệnh
132,0,11221,"[709, 271, 12, 11]",7,9037,11221.png,626,1622,28,Hiệu lệnh
90,0,11241,"[533, 359, 10, 9]",7,9080,11241.png,626,1622,22,Hiệu lệnh
2058,0,11262,"[59, 196, 42, 49]",7,9115,11262.png,626,1622,47,Hiệu lệnh
144,0,11309,"[808, 341, 12, 12]",7,9186,11309.png,626,1622,34,Hiệu lệnh
182,0,11309,"[808, 340, 13, 14]",7,9450,11309.png,626,1622,34,Hiệu lệnh
5712,0,11318,"[196, 300, 84, 68]",7,9195,11318.png,626,1622,53,Hiệu lệnh
81,0,11325,"[720, 297, 9, 9]",7,9204,11325.png,626,1622,36,Hiệu lệnh
100,0,11325,"[719, 296, 10, 10]",7,9557,11325.png,626,1622,36,Hiệu lệnh
210,0,11348,"[736, 241, 14, 15]",7,9235,11348.png,626,1622,5,Hiệu lệnh
144,0,11372,"[475, 280, 12, 12]",7,9269,11372.png,626,1622,28,Hiệu lệnh
64,0,11383,"[571, 507, 8, 8]",7,9288,11383.png,626,1622,29,Hiệu lệnh
99,0,11403,"[241, 407, 11, 9]",7,9318,11403.png,626,1622,28,Hiệu lệnh
210,0,11417,"[1043, 424, 15, 14]",7,9339,11417.png,626,1622,12,Hiệu lệnh
900,0,11423,"[591, 254, 30, 30]",7,9357,11423.png,626,1622,28,Hiệu lệnh
480,0,11425,"[996, 256, 24, 20]",7,9368,11425.png,626,1622,36,Hiệu lệnh
16,0,11457,"[687, 207, 4, 4]",7,9418,11457.png,626,1622,47,Hiệu lệnh
16,0,11466,"[485, 426, 4, 4]",7,9817,11466.png,626,1622,28,Hiệu lệnh
156,0,11470,"[534, 369, 13, 12]",7,9462,11470.png,626,1622,53,Hiệu lệnh
288,0,11490,"[460, 89, 18, 16]",7,9495,11490.png,626,1622,22,Hiệu lệnh
306,0,11490,"[460, 89, 18, 17]",7,10337,11490.png,626,1622,22,Hiệu lệnh
1755,0,11493,"[1204, 370, 45, 39]",7,9511,11493.png,626,1622,5,Hiệu lệnh
380,0,11503,"[567, 281, 19, 20]",7,9535,11503.png,626,1622,36,Hiệu lệnh
324,0,11503,"[568, 282, 18, 18]",7,9838,11503.png,626,1622,36,Hiệu lệnh
49,0,11524,"[564, 187, 7, 7]",7,9577,11524.png,626,1622,47,Hiệu lệnh
25,0,11535,"[493, 335, 5, 5]",7,9597,11535.png,626,1622,47,Hiệu lệnh
36,0,11544,"[583, 499, 6, 6]",7,9602,11544.png,626,1622,29,Hiệu lệnh
304,0,11548,"[443, 400, 19, 16]",7,9606,11548.png,626,1622,28,Hiệu lệnh
462,0,11590,"[303, 237, 22, 21]",7,9686,11590.png,626,1622,36,Hiệu lệnh
25,0,11615,"[715, 287, 5, 5]",7,9721,11615.png,626,1622,28,Hiệu lệnh
182,0,11642,"[459, 326, 14, 13]",7,9767,11642.png,626,1622,19,Hiệu lệnh
182,0,11642,"[459, 326, 14, 13]",7,10447,11642.png,626,1622,19,Hiệu lệnh
56,0,11652,"[731, 389, 7, 8]",7,9783,11652.png,626,1622,28,Hiệu lệnh
1681,0,11690,"[1075, 49, 41, 41]",7,9849,11690.png,626,1622,28,Hiệu lệnh
36,0,11727,"[718, 293, 6, 6]",7,9910,11727.png,626,1622,28,Hiệu lệnh
806,0,11739,"[355, 224, 31, 26]",7,9948,11739.png,626,1622,45,Hiệu lệnh
110,0,11755,"[506, 403, 11, 10]",7,9996,11755.png,626,1622,28,Hiệu lệnh
110,0,11796,"[666, 245, 11, 10]",7,10092,11796.png,626,1622,28,Hiệu lệnh
304,0,11812,"[361, 406, 19, 16]",7,10116,11812.png,626,1622,28,Hiệu lệnh
1560,0,11818,"[695, 331, 40, 39]",7,10138,11818.png,626,1622,22,Hiệu lệnh
49,0,11818,"[548, 344, 7, 7]",7,10141,11818.png,626,1622,22,Hiệu lệnh
450,0,11823,"[121, 375, 25, 18]",7,10156,11823.png,626,1622,28,Hiệu lệnh
56,0,11831,"[678, 520, 7, 8]",7,10180,11831.png,626,1622,29,Hiệu lệnh
36,0,11871,"[582, 206, 6, 6]",7,10274,11871.png,626,1622,47,Hiệu lệnh
30,0,11886,"[597, 203, 6, 5]",7,10321,11886.png,626,1622,47,Hiệu lệnh
20,0,11886,"[651, 219, 4, 5]",7,10322,11886.png,626,1622,47,Hiệu lệnh
42,0,11901,"[711, 414, 6, 7]",7,10349,11901.png,626,1622,28,Hiệu lệnh
48,0,11904,"[1296, 118, 8, 6]",7,10352,11904.png,626,1622,28,Hiệu lệnh
180,0,11911,"[454, 279, 15, 12]",7,10366,11911.png,626,1622,28,Hiệu lệnh
990,0,11914,"[1365, 256, 33, 30]",7,10368,11914.png,626,1622,47,Hiệu lệnh
204,0,11920,"[218, 403, 17, 12]",7,10397,11920.png,626,1622,28,Hiệu lệnh
399,0,11920,"[502, 349, 21, 19]",7,10398,11920.png,626,1622,28,Hiệu lệnh
110,0,11934,"[407, 415, 11, 10]",7,10436,11934.png,626,1622,28,Hiệu lệnh
342,0,11945,"[669, 314, 18, 19]",7,10468,11945.png,626,1622,49,Hiệu lệnh
1591,0,11962,"[330, 13, 43, 37]",7,10522,11962.png,626,1622,22,Hiệu lệnh
72,0,11965,"[1334, 126, 9, 8]",7,10529,11965.png,626,1622,28,Hiệu lệnh
110,0,11994,"[454, 264, 11, 10]",7,10580,11994.png,626,1622,47,Hiệu lệnh
1190,0,12008,"[631, 357, 35, 34]",7,10616,12008.png,626,1622,28,Hiệu lệnh
621,0,12010,"[777, 103, 23, 27]",7,10619,12010.png,626,1622,28,Hiệu lệnh
132,0,12021,"[692, 367, 12, 11]",7,10640,12021.png,626,1622,28,Hiệu lệnh
90,0,12030,"[740, 320, 10, 9]",7,10654,12030.png,626,1622,53,Hiệu lệnh
49,0,12033,"[712, 247, 7, 7]",7,10658,12033.png,626,1622,45,Hiệu lệnh
484,0,12036,"[820, 294, 22, 22]",7,10661,12036.png,626,1622,45,Hiệu lệnh
132,0,12036,"[486, 300, 12, 11]",7,10664,12036.png,626,1622,45,Hiệu lệnh
110,0,12038,"[848, 237, 11, 10]",7,10666,12038.png,626,1622,45,Hiệu lệnh
144,0,12072,"[818, 296, 12, 12]",7,10685,12072.png,626,1622,45,Hiệu lệnh
504,0,12085,"[509, 250, 24, 21]",7,10693,12085.png,626,1622,45,Hiệu lệnh
64,0,12088,"[600, 297, 8, 8]",7,10695,12088.png,626,1622,13,Hiệu lệnh
460,0,12090,"[753, 286, 23, 20]",7,10700,12090.png,626,1622,45,Hiệu lệnh
960,0,12099,"[378, 373, 30, 32]",7,10708,12099.png,626,1622,13,Hiệu lệnh
110,0,12116,"[757, 301, 10, 11]",7,10712,12116.png,626,1622,53,Hiệu lệnh
56,0,12142,"[549, 312, 8, 7]",7,10718,12142.png,626,1622,49,Hiệu lệnh
90,0,12149,"[676, 290, 10, 9]",7,10723,12149.png,626,1622,45,Hiệu lệnh
702,0,12150,"[840, 291, 26, 27]",7,10725,12150.png,626,1622,53,Hiệu lệnh
168,0,12155,"[820, 200, 14, 12]",7,10730,12155.png,626,1622,51,Hiệu lệnh
49,0,12163,"[693, 295, 7, 7]",7,10734,12163.png,626,1622,45,Hiệu lệnh
483,0,12210,"[411, 363, 23, 21]",7,10768,12210.png,626,1622,53,Hiệu lệnh
90,0,12215,"[695, 239, 10, 9]",7,10781,12215.png,626,1622,45,Hiệu lệnh
260,0,12221,"[200, 293, 20, 13]",7,10785,12221.png,626,1622,45,Hiệu lệnh
169,0,12221,"[577, 311, 13, 13]",7,10786,12221.png,626,1622,45,Hiệu lệnh
90,0,12225,"[787, 291, 10, 9]",7,10788,12225.png,626,1622,45,Hiệu lệnh
552,0,12254,"[812, 289, 24, 23]",7,10797,12254.png,626,1622,53,Hiệu lệnh
1088,0,12268,"[905, 283, 32, 34]",7,10819,12268.png,626,1622,53,Hiệu lệnh
63,0,12268,"[533, 311, 7, 9]",7,10821,12268.png,626,1622,53,Hiệu lệnh
144,0,12271,"[632, 361, 12, 12]",7,10823,12271.png,626,1622,45,Hiệu lệnh
36,0,12287,"[619, 321, 6, 6]",7,10832,12287.png,626,1622,13,Hiệu lệnh
980,0,12292,"[1329, 288, 28, 35]",7,10835,12292.png,626,1622,53,Hiệu lệnh
437,0,12307,"[326, 303, 23, 19]",7,10844,12307.png,626,1622,49,Hiệu lệnh
36,0,12309,"[730, 323, 6, 6]",7,10846,12309.png,626,1622,53,Hiệu lệnh
72,0,12325,"[844, 247, 9, 8]",7,10854,12325.png,626,1622,45,Hiệu lệnh
840,0,12328,"[321, 357, 30, 28]",7,10859,12328.png,626,1622,53,Hiệu lệnh
462,0,12377,"[881, 336, 21, 22]",7,10882,12377.png,626,1622,53,Hiệu lệnh
323,0,12389,"[467, 365, 19, 17]",7,10888,12389.png,626,1622,53,Hiệu lệnh
19224,0,12392,"[808, 305, 178, 108]",7,10899,12392.png,626,1622,45,Hiệu lệnh
1008,0,12404,"[1514, 455, 36, 28]",7,10905,12404.png,626,1622,49,Hiệu lệnh
64,0,12423,"[651, 370, 8, 8]",7,10927,12423.png,626,1622,45,Hiệu lệnh
1681,0,12424,"[161, 350, 41, 41]",7,10936,12424.png,626,1622,53,Hiệu lệnh
2024,0,12434,"[1018, 268, 44, 46]",7,10943,12434.png,626,1622,53,Hiệu lệnh
361,0,12440,"[497, 264, 19, 19]",7,10949,12440.png,626,1622,13,Hiệu lệnh
195,0,12442,"[507, 368, 15, 13]",7,10951,12442.png,626,1622,53,Hiệu lệnh
3294,0,12447,"[358, 330, 61, 54]",7,10966,12447.png,626,1622,53,Hiệu lệnh
238,0,12473,"[356, 289, 17, 14]",7,10976,12473.png,626,1622,45,Hiệu lệnh
2209,0,12503,"[552, 227, 47, 47]",7,10991,12503.png,626,1622,49,Hiệu lệnh
27300,0,12519,"[902, 290, 273, 100]",7,10996,12519.png,626,1622,45,Hiệu lệnh
